"","GHCN_ID","TMAX","TMIN"
"42457","USC00022782",65.5,40.1
"42458","USC00022782",65.7,40.2
"42459","USC00022782",65.8,40.2
"42460","USC00022782",66,40.3
"42461","USC00022782",66.2,40.4
"42462","USC00022782",66.4,40.4
"42463","USC00022782",66.5,40.5
"42464","USC00022782",66.7,40.5
"42465","USC00022782",66.9,40.6
"42466","USC00022782",67,40.7
"42467","USC00022782",67.2,40.7
"42468","USC00022782",67.4,40.8
"42469","USC00022782",67.5,40.8
"42470","USC00022782",67.7,40.8
"42471","USC00022782",67.8,40.9
"42472","USC00022782",67.9,40.9
"42473","USC00022782",68.1,40.9
"42474","USC00022782",68.2,41
"42475","USC00022782",68.3,41
"42476","USC00022782",68.4,41
"42477","USC00022782",68.5,41
"42478","USC00022782",68.6,41
"42479","USC00022782",68.7,41
"42480","USC00022782",68.7,41.1
"42481","USC00022782",68.8,41.1
"42482","USC00022782",68.9,41.1
"42483","USC00022782",69,41.1
"42484","USC00022782",69,41.1
"42485","USC00022782",69.1,41.2
"42486","USC00022782",69.2,41.2
"42487","USC00022782",69.2,41.2
"42488","USC00022782",69.3,41.3
"42489","USC00022782",69.3,41.3
"42490","USC00022782",69.4,41.4
"42491","USC00022782",69.5,41.4
"42492","USC00022782",69.5,41.5
"42493","USC00022782",69.6,41.6
"42494","USC00022782",69.7,41.6
"42495","USC00022782",69.8,41.7
"42496","USC00022782",69.9,41.8
"42497","USC00022782",70,41.9
"42498","USC00022782",70.1,42
"42499","USC00022782",70.2,42.1
"42500","USC00022782",70.4,42.3
"42501","USC00022782",70.5,42.4
"42502","USC00022782",70.6,42.5
"42503","USC00022782",70.8,42.7
"42504","USC00022782",71,42.8
"42505","USC00022782",71.2,43
"42506","USC00022782",71.4,43.2
"42507","USC00022782",71.6,43.4
"42508","USC00022782",71.8,43.5
"42509","USC00022782",72,43.7
"42510","USC00022782",72.3,43.9
"42511","USC00022782",72.5,44.1
"42512","USC00022782",72.8,44.3
"42513","USC00022782",73.1,44.5
"42514","USC00022782",73.4,44.7
"42515","USC00022782",73.6,44.9
"42516","USC00022782",73.8,45
"42517","USC00022782",73.9,45.1
"42518","USC00022782",74.3,45.3
"42519","USC00022782",74.6,45.5
"42520","USC00022782",74.9,45.7
"42521","USC00022782",75.2,45.9
"42522","USC00022782",75.5,46.1
"42523","USC00022782",75.9,46.3
"42524","USC00022782",76.2,46.5
"42525","USC00022782",76.6,46.7
"42526","USC00022782",76.9,46.9
"42527","USC00022782",77.2,47
"42528","USC00022782",77.6,47.2
"42529","USC00022782",77.9,47.4
"42530","USC00022782",78.3,47.6
"42531","USC00022782",78.6,47.8
"42532","USC00022782",78.9,48
"42533","USC00022782",79.3,48.1
"42534","USC00022782",79.6,48.3
"42535","USC00022782",79.9,48.5
"42536","USC00022782",80.2,48.6
"42537","USC00022782",80.5,48.8
"42538","USC00022782",80.8,49
"42539","USC00022782",81.1,49.2
"42540","USC00022782",81.4,49.3
"42541","USC00022782",81.7,49.5
"42542","USC00022782",82,49.7
"42543","USC00022782",82.2,49.8
"42544","USC00022782",82.5,50
"42545","USC00022782",82.8,50.2
"42546","USC00022782",83,50.4
"42547","USC00022782",83.2,50.6
"42548","USC00022782",83.5,50.8
"42549","USC00022782",83.7,51
"42550","USC00022782",83.9,51.2
"42551","USC00022782",84.1,51.4
"42552","USC00022782",84.3,51.6
"42553","USC00022782",84.5,51.8
"42554","USC00022782",84.7,52
"42555","USC00022782",84.9,52.2
"42556","USC00022782",85.1,52.5
"42557","USC00022782",85.3,52.7
"42558","USC00022782",85.5,52.9
"42559","USC00022782",85.7,53.2
"42560","USC00022782",85.9,53.4
"42561","USC00022782",86,53.7
"42562","USC00022782",86.2,53.9
"42563","USC00022782",86.4,54.2
"42564","USC00022782",86.6,54.5
"42565","USC00022782",86.7,54.7
"42566","USC00022782",86.9,55
"42567","USC00022782",87.1,55.3
"42568","USC00022782",87.3,55.6
"42569","USC00022782",87.5,55.8
"42570","USC00022782",87.7,56.1
"42571","USC00022782",87.9,56.4
"42572","USC00022782",88.1,56.7
"42573","USC00022782",88.3,56.9
"42574","USC00022782",88.5,57.2
"42575","USC00022782",88.7,57.5
"42576","USC00022782",88.9,57.8
"42577","USC00022782",89.1,58
"42578","USC00022782",89.4,58.3
"42579","USC00022782",89.6,58.6
"42580","USC00022782",89.9,58.8
"42581","USC00022782",90.1,59.1
"42582","USC00022782",90.4,59.3
"42583","USC00022782",90.7,59.6
"42584","USC00022782",91,59.8
"42585","USC00022782",91.3,60.1
"42586","USC00022782",91.6,60.3
"42587","USC00022782",91.9,60.6
"42588","USC00022782",92.2,60.8
"42589","USC00022782",92.5,61
"42590","USC00022782",92.9,61.3
"42591","USC00022782",93.2,61.5
"42592","USC00022782",93.6,61.7
"42593","USC00022782",93.9,62
"42594","USC00022782",94.3,62.2
"42595","USC00022782",94.7,62.4
"42596","USC00022782",95.1,62.7
"42597","USC00022782",95.4,62.9
"42598","USC00022782",95.8,63.1
"42599","USC00022782",96.2,63.4
"42600","USC00022782",96.6,63.6
"42601","USC00022782",97.1,63.9
"42602","USC00022782",97.5,64.2
"42603","USC00022782",97.9,64.4
"42604","USC00022782",98.3,64.7
"42605","USC00022782",98.7,65
"42606","USC00022782",99.1,65.3
"42607","USC00022782",99.6,65.6
"42608","USC00022782",100,65.9
"42609","USC00022782",100.4,66.2
"42610","USC00022782",100.8,66.5
"42611","USC00022782",101.2,66.8
"42612","USC00022782",101.6,67.2
"42613","USC00022782",102,67.5
"42614","USC00022782",102.4,67.9
"42615","USC00022782",102.8,68.3
"42616","USC00022782",103.1,68.6
"42617","USC00022782",103.5,69
"42618","USC00022782",103.9,69.4
"42619","USC00022782",104.2,69.8
"42620","USC00022782",104.5,70.2
"42621","USC00022782",104.8,70.6
"42622","USC00022782",105.1,71
"42623","USC00022782",105.4,71.4
"42624","USC00022782",105.7,71.9
"42625","USC00022782",106,72.3
"42626","USC00022782",106.2,72.7
"42627","USC00022782",106.4,73.1
"42628","USC00022782",106.6,73.5
"42629","USC00022782",106.8,73.9
"42630","USC00022782",107,74.3
"42631","USC00022782",107.1,74.8
"42632","USC00022782",107.2,75.2
"42633","USC00022782",107.3,75.5
"42634","USC00022782",107.4,75.9
"42635","USC00022782",107.5,76.3
"42636","USC00022782",107.6,76.7
"42637","USC00022782",107.6,77
"42638","USC00022782",107.6,77.3
"42639","USC00022782",107.6,77.7
"42640","USC00022782",107.6,78
"42641","USC00022782",107.6,78.3
"42642","USC00022782",107.6,78.6
"42643","USC00022782",107.5,78.8
"42644","USC00022782",107.4,79.1
"42645","USC00022782",107.4,79.3
"42646","USC00022782",107.3,79.5
"42647","USC00022782",107.2,79.7
"42648","USC00022782",107.1,79.9
"42649","USC00022782",107,80
"42650","USC00022782",106.8,80.2
"42651","USC00022782",106.7,80.3
"42652","USC00022782",106.6,80.4
"42653","USC00022782",106.4,80.5
"42654","USC00022782",106.3,80.6
"42655","USC00022782",106.2,80.6
"42656","USC00022782",106.1,80.7
"42657","USC00022782",105.9,80.7
"42658","USC00022782",105.8,80.7
"42659","USC00022782",105.7,80.7
"42660","USC00022782",105.6,80.7
"42661","USC00022782",105.4,80.7
"42662","USC00022782",105.3,80.7
"42663","USC00022782",105.3,80.7
"42664","USC00022782",105.2,80.6
"42665","USC00022782",105.1,80.6
"42666","USC00022782",105,80.5
"42667","USC00022782",105,80.5
"42668","USC00022782",104.9,80.4
"42669","USC00022782",104.9,80.3
"42670","USC00022782",104.8,80.3
"42671","USC00022782",104.8,80.2
"42672","USC00022782",104.8,80.1
"42673","USC00022782",104.8,80
"42674","USC00022782",104.8,80
"42675","USC00022782",104.8,79.9
"42676","USC00022782",104.9,79.8
"42677","USC00022782",104.9,79.7
"42678","USC00022782",104.9,79.6
"42679","USC00022782",105,79.5
"42680","USC00022782",105,79.5
"42681","USC00022782",105.1,79.4
"42682","USC00022782",105.1,79.3
"42683","USC00022782",105.2,79.2
"42684","USC00022782",105.2,79.1
"42685","USC00022782",105.2,79
"42686","USC00022782",105.3,78.9
"42687","USC00022782",105.3,78.8
"42688","USC00022782",105.4,78.7
"42689","USC00022782",105.4,78.6
"42690","USC00022782",105.4,78.5
"42691","USC00022782",105.4,78.4
"42692","USC00022782",105.4,78.3
"42693","USC00022782",105.4,78.2
"42694","USC00022782",105.3,78
"42695","USC00022782",105.3,77.9
"42696","USC00022782",105.2,77.7
"42697","USC00022782",105.2,77.6
"42698","USC00022782",105.1,77.4
"42699","USC00022782",104.9,77.2
"42700","USC00022782",104.8,77
"42701","USC00022782",104.7,76.8
"42702","USC00022782",104.5,76.5
"42703","USC00022782",104.3,76.3
"42704","USC00022782",104.1,76
"42705","USC00022782",103.9,75.8
"42706","USC00022782",103.6,75.5
"42707","USC00022782",103.4,75.2
"42708","USC00022782",103.1,74.9
"42709","USC00022782",102.8,74.6
"42710","USC00022782",102.5,74.2
"42711","USC00022782",102.2,73.9
"42712","USC00022782",101.8,73.5
"42713","USC00022782",101.5,73.1
"42714","USC00022782",101.1,72.7
"42715","USC00022782",100.7,72.3
"42716","USC00022782",100.3,71.9
"42717","USC00022782",99.9,71.5
"42718","USC00022782",99.5,71.1
"42719","USC00022782",99.1,70.7
"42720","USC00022782",98.7,70.2
"42721","USC00022782",98.3,69.8
"42722","USC00022782",97.9,69.3
"42723","USC00022782",97.4,68.9
"42724","USC00022782",97,68.4
"42725","USC00022782",96.6,68
"42726","USC00022782",96.2,67.5
"42727","USC00022782",95.8,67
"42728","USC00022782",95.4,66.6
"42729","USC00022782",95,66.1
"42730","USC00022782",94.6,65.7
"42731","USC00022782",94.2,65.2
"42732","USC00022782",93.8,64.8
"42733","USC00022782",93.4,64.4
"42734","USC00022782",93,63.9
"42735","USC00022782",92.7,63.5
"42736","USC00022782",92.3,63.1
"42737","USC00022782",92,62.7
"42738","USC00022782",91.7,62.3
"42739","USC00022782",91.4,61.9
"42740","USC00022782",91.1,61.5
"42741","USC00022782",90.8,61.1
"42742","USC00022782",90.5,60.8
"42743","USC00022782",90.2,60.4
"42744","USC00022782",89.9,60.1
"42745","USC00022782",89.6,59.7
"42746","USC00022782",89.4,59.4
"42747","USC00022782",89.1,59.1
"42748","USC00022782",88.9,58.7
"42749","USC00022782",88.6,58.4
"42750","USC00022782",88.3,58.1
"42751","USC00022782",88.1,57.8
"42752","USC00022782",87.8,57.5
"42753","USC00022782",87.6,57.2
"42754","USC00022782",87.3,56.8
"42755","USC00022782",87,56.5
"42756","USC00022782",86.7,56.2
"42757","USC00022782",86.5,55.9
"42758","USC00022782",86.2,55.6
"42759","USC00022782",85.9,55.3
"42760","USC00022782",85.5,55
"42761","USC00022782",85.2,54.7
"42762","USC00022782",84.9,54.3
"42763","USC00022782",84.5,54
"42764","USC00022782",84.1,53.7
"42765","USC00022782",83.7,53.3
"42766","USC00022782",83.3,53
"42767","USC00022782",82.9,52.6
"42768","USC00022782",82.5,52.3
"42769","USC00022782",82.1,51.9
"42770","USC00022782",81.6,51.5
"42771","USC00022782",81.1,51.1
"42772","USC00022782",80.6,50.8
"42773","USC00022782",80.1,50.4
"42774","USC00022782",79.6,50
"42775","USC00022782",79.1,49.6
"42776","USC00022782",78.6,49.2
"42777","USC00022782",78,48.8
"42778","USC00022782",77.5,48.4
"42779","USC00022782",76.9,47.9
"42780","USC00022782",76.3,47.5
"42781","USC00022782",75.8,47.1
"42782","USC00022782",75.2,46.7
"42783","USC00022782",74.6,46.3
"42784","USC00022782",74,45.9
"42785","USC00022782",73.5,45.5
"42786","USC00022782",72.9,45.1
"42787","USC00022782",72.4,44.7
"42788","USC00022782",71.8,44.4
"42789","USC00022782",71.3,44
"42790","USC00022782",70.8,43.7
"42791","USC00022782",70.2,43.3
"42792","USC00022782",69.7,43
"42793","USC00022782",69.3,42.7
"42794","USC00022782",68.8,42.4
"42795","USC00022782",68.4,42.1
"42796","USC00022782",67.9,41.8
"42797","USC00022782",67.5,41.5
"42798","USC00022782",67.2,41.3
"42799","USC00022782",66.8,41.1
"42800","USC00022782",66.5,40.9
"42801","USC00022782",66.2,40.7
"42802","USC00022782",65.9,40.5
"42803","USC00022782",65.7,40.4
"42804","USC00022782",65.4,40.2
"42805","USC00022782",65.2,40.1
"42806","USC00022782",65.1,40
"42807","USC00022782",64.9,39.9
"42808","USC00022782",64.8,39.8
"42809","USC00022782",64.7,39.8
"42810","USC00022782",64.7,39.7
"42811","USC00022782",64.6,39.7
"42812","USC00022782",64.6,39.7
"42813","USC00022782",64.6,39.7
"42814","USC00022782",64.6,39.7
"42815","USC00022782",64.6,39.7
"42816","USC00022782",64.7,39.7
"42817","USC00022782",64.8,39.8
"42818","USC00022782",64.9,39.8
"42819","USC00022782",65,39.9
"42820","USC00022782",65.1,39.9
"42821","USC00022782",65.2,40
"42822","USC00022782",65.4,40
"66613","USC00028795",64.5,38.8
"66614","USC00028795",64.6,38.8
"66615","USC00028795",64.6,38.9
"66616","USC00028795",64.7,38.9
"66617","USC00028795",64.9,39
"66618","USC00028795",65,39
"66619","USC00028795",65.1,39.1
"66620","USC00028795",65.2,39.2
"66621","USC00028795",65.4,39.2
"66622","USC00028795",65.5,39.3
"66623","USC00028795",65.6,39.3
"66624","USC00028795",65.8,39.4
"66625","USC00028795",65.9,39.5
"66626","USC00028795",66.1,39.5
"66627","USC00028795",66.2,39.6
"66628","USC00028795",66.4,39.6
"66629","USC00028795",66.5,39.6
"66630","USC00028795",66.7,39.7
"66631","USC00028795",66.8,39.7
"66632","USC00028795",67,39.7
"66633","USC00028795",67.1,39.8
"66634","USC00028795",67.3,39.8
"66635","USC00028795",67.4,39.8
"66636","USC00028795",67.6,39.8
"66637","USC00028795",67.7,39.9
"66638","USC00028795",67.8,39.9
"66639","USC00028795",67.9,39.9
"66640","USC00028795",68.1,39.9
"66641","USC00028795",68.2,39.9
"66642","USC00028795",68.3,40
"66643","USC00028795",68.4,40
"66644","USC00028795",68.5,40
"66645","USC00028795",68.6,40
"66646","USC00028795",68.8,40
"66647","USC00028795",68.9,40.1
"66648","USC00028795",69,40.1
"66649","USC00028795",69.1,40.1
"66650","USC00028795",69.2,40.2
"66651","USC00028795",69.3,40.2
"66652","USC00028795",69.4,40.3
"66653","USC00028795",69.5,40.4
"66654","USC00028795",69.6,40.4
"66655","USC00028795",69.7,40.5
"66656","USC00028795",69.9,40.6
"66657","USC00028795",70,40.7
"66658","USC00028795",70.1,40.8
"66659","USC00028795",70.2,40.9
"66660","USC00028795",70.4,41
"66661","USC00028795",70.5,41.1
"66662","USC00028795",70.7,41.3
"66663","USC00028795",70.8,41.4
"66664","USC00028795",71,41.6
"66665","USC00028795",71.2,41.8
"66666","USC00028795",71.4,41.9
"66667","USC00028795",71.6,42.1
"66668","USC00028795",71.8,42.3
"66669","USC00028795",72,42.5
"66670","USC00028795",72.2,42.7
"66671","USC00028795",72.4,42.9
"66672","USC00028795",72.5,43
"66673","USC00028795",72.7,43.1
"66674","USC00028795",72.9,43.4
"66675","USC00028795",73.2,43.6
"66676","USC00028795",73.4,43.9
"66677","USC00028795",73.7,44.1
"66678","USC00028795",74,44.3
"66679","USC00028795",74.3,44.6
"66680","USC00028795",74.6,44.9
"66681","USC00028795",74.9,45.1
"66682","USC00028795",75.2,45.4
"66683","USC00028795",75.5,45.6
"66684","USC00028795",75.8,45.9
"66685","USC00028795",76.1,46.1
"66686","USC00028795",76.5,46.4
"66687","USC00028795",76.8,46.7
"66688","USC00028795",77.1,46.9
"66689","USC00028795",77.5,47.2
"66690","USC00028795",77.8,47.4
"66691","USC00028795",78.2,47.7
"66692","USC00028795",78.5,47.9
"66693","USC00028795",78.8,48.1
"66694","USC00028795",79.2,48.4
"66695","USC00028795",79.5,48.6
"66696","USC00028795",79.8,48.8
"66697","USC00028795",80.1,49
"66698","USC00028795",80.5,49.2
"66699","USC00028795",80.8,49.4
"66700","USC00028795",81.1,49.6
"66701","USC00028795",81.4,49.7
"66702","USC00028795",81.7,49.9
"66703","USC00028795",81.9,50.1
"66704","USC00028795",82.2,50.2
"66705","USC00028795",82.5,50.4
"66706","USC00028795",82.7,50.5
"66707","USC00028795",83,50.6
"66708","USC00028795",83.2,50.7
"66709","USC00028795",83.4,50.9
"66710","USC00028795",83.7,51
"66711","USC00028795",83.9,51.1
"66712","USC00028795",84.1,51.2
"66713","USC00028795",84.2,51.2
"66714","USC00028795",84.4,51.3
"66715","USC00028795",84.6,51.4
"66716","USC00028795",84.8,51.5
"66717","USC00028795",84.9,51.6
"66718","USC00028795",85.1,51.6
"66719","USC00028795",85.2,51.7
"66720","USC00028795",85.4,51.8
"66721","USC00028795",85.5,51.8
"66722","USC00028795",85.7,51.9
"66723","USC00028795",85.8,51.9
"66724","USC00028795",85.9,52
"66725","USC00028795",86.1,52.1
"66726","USC00028795",86.2,52.2
"66727","USC00028795",86.3,52.2
"66728","USC00028795",86.5,52.3
"66729","USC00028795",86.6,52.4
"66730","USC00028795",86.8,52.5
"66731","USC00028795",86.9,52.6
"66732","USC00028795",87.1,52.7
"66733","USC00028795",87.3,52.8
"66734","USC00028795",87.5,53
"66735","USC00028795",87.7,53.1
"66736","USC00028795",87.9,53.2
"66737","USC00028795",88.1,53.4
"66738","USC00028795",88.3,53.6
"66739","USC00028795",88.6,53.8
"66740","USC00028795",88.8,54
"66741","USC00028795",89.1,54.2
"66742","USC00028795",89.4,54.4
"66743","USC00028795",89.7,54.7
"66744","USC00028795",90,54.9
"66745","USC00028795",90.4,55.2
"66746","USC00028795",90.7,55.5
"66747","USC00028795",91.1,55.8
"66748","USC00028795",91.4,56.1
"66749","USC00028795",91.8,56.4
"66750","USC00028795",92.2,56.8
"66751","USC00028795",92.7,57.2
"66752","USC00028795",93.1,57.5
"66753","USC00028795",93.5,57.9
"66754","USC00028795",94,58.3
"66755","USC00028795",94.4,58.7
"66756","USC00028795",94.9,59.2
"66757","USC00028795",95.3,59.6
"66758","USC00028795",95.8,60.1
"66759","USC00028795",96.3,60.5
"66760","USC00028795",96.8,61
"66761","USC00028795",97.2,61.5
"66762","USC00028795",97.7,62
"66763","USC00028795",98.2,62.5
"66764","USC00028795",98.7,63
"66765","USC00028795",99.1,63.5
"66766","USC00028795",99.6,64
"66767","USC00028795",100,64.5
"66768","USC00028795",100.4,65
"66769","USC00028795",100.9,65.5
"66770","USC00028795",101.3,66
"66771","USC00028795",101.7,66.5
"66772","USC00028795",102,67
"66773","USC00028795",102.4,67.5
"66774","USC00028795",102.7,68
"66775","USC00028795",103,68.4
"66776","USC00028795",103.3,68.9
"66777","USC00028795",103.6,69.4
"66778","USC00028795",103.8,69.8
"66779","USC00028795",104.1,70.2
"66780","USC00028795",104.3,70.6
"66781","USC00028795",104.4,71
"66782","USC00028795",104.6,71.4
"66783","USC00028795",104.7,71.8
"66784","USC00028795",104.8,72.1
"66785","USC00028795",104.9,72.4
"66786","USC00028795",104.9,72.7
"66787","USC00028795",105,73
"66788","USC00028795",105,73.3
"66789","USC00028795",104.9,73.5
"66790","USC00028795",104.9,73.8
"66791","USC00028795",104.8,74
"66792","USC00028795",104.7,74.2
"66793","USC00028795",104.6,74.3
"66794","USC00028795",104.5,74.5
"66795","USC00028795",104.4,74.6
"66796","USC00028795",104.2,74.7
"66797","USC00028795",104,74.8
"66798","USC00028795",103.8,74.9
"66799","USC00028795",103.7,74.9
"66800","USC00028795",103.5,75
"66801","USC00028795",103.2,75
"66802","USC00028795",103,75
"66803","USC00028795",102.8,75
"66804","USC00028795",102.6,74.9
"66805","USC00028795",102.4,74.9
"66806","USC00028795",102.2,74.9
"66807","USC00028795",101.9,74.8
"66808","USC00028795",101.7,74.8
"66809","USC00028795",101.5,74.7
"66810","USC00028795",101.3,74.6
"66811","USC00028795",101.1,74.5
"66812","USC00028795",100.9,74.5
"66813","USC00028795",100.8,74.4
"66814","USC00028795",100.6,74.3
"66815","USC00028795",100.5,74.2
"66816","USC00028795",100.3,74.1
"66817","USC00028795",100.2,74
"66818","USC00028795",100.1,73.9
"66819","USC00028795",100,73.8
"66820","USC00028795",99.9,73.8
"66821","USC00028795",99.9,73.7
"66822","USC00028795",99.8,73.6
"66823","USC00028795",99.8,73.5
"66824","USC00028795",99.7,73.5
"66825","USC00028795",99.7,73.4
"66826","USC00028795",99.7,73.4
"66827","USC00028795",99.8,73.3
"66828","USC00028795",99.8,73.3
"66829","USC00028795",99.8,73.2
"66830","USC00028795",99.9,73.2
"66831","USC00028795",99.9,73.2
"66832","USC00028795",100,73.2
"66833","USC00028795",100.1,73.1
"66834","USC00028795",100.1,73.1
"66835","USC00028795",100.2,73.1
"66836","USC00028795",100.3,73.1
"66837","USC00028795",100.4,73.1
"66838","USC00028795",100.5,73.1
"66839","USC00028795",100.6,73.1
"66840","USC00028795",100.6,73.1
"66841","USC00028795",100.7,73
"66842","USC00028795",100.8,73
"66843","USC00028795",100.8,73
"66844","USC00028795",100.9,73
"66845","USC00028795",100.9,72.9
"66846","USC00028795",101,72.9
"66847","USC00028795",101,72.9
"66848","USC00028795",101,72.8
"66849","USC00028795",101,72.7
"66850","USC00028795",101,72.6
"66851","USC00028795",100.9,72.6
"66852","USC00028795",100.9,72.4
"66853","USC00028795",100.8,72.3
"66854","USC00028795",100.8,72.2
"66855","USC00028795",100.7,72.1
"66856","USC00028795",100.5,71.9
"66857","USC00028795",100.4,71.7
"66858","USC00028795",100.3,71.5
"66859","USC00028795",100.1,71.3
"66860","USC00028795",99.9,71.1
"66861","USC00028795",99.7,70.9
"66862","USC00028795",99.5,70.6
"66863","USC00028795",99.3,70.4
"66864","USC00028795",99,70.1
"66865","USC00028795",98.8,69.8
"66866","USC00028795",98.5,69.5
"66867","USC00028795",98.2,69.2
"66868","USC00028795",97.9,68.8
"66869","USC00028795",97.6,68.5
"66870","USC00028795",97.3,68.1
"66871","USC00028795",97,67.8
"66872","USC00028795",96.7,67.4
"66873","USC00028795",96.3,67
"66874","USC00028795",96,66.6
"66875","USC00028795",95.7,66.2
"66876","USC00028795",95.3,65.9
"66877","USC00028795",95,65.5
"66878","USC00028795",94.6,65.1
"66879","USC00028795",94.3,64.7
"66880","USC00028795",93.9,64.3
"66881","USC00028795",93.6,63.9
"66882","USC00028795",93.3,63.5
"66883","USC00028795",92.9,63.1
"66884","USC00028795",92.6,62.7
"66885","USC00028795",92.3,62.3
"66886","USC00028795",91.9,61.9
"66887","USC00028795",91.6,61.5
"66888","USC00028795",91.3,61.2
"66889","USC00028795",91,60.8
"66890","USC00028795",90.7,60.5
"66891","USC00028795",90.4,60.1
"66892","USC00028795",90.1,59.8
"66893","USC00028795",89.9,59.5
"66894","USC00028795",89.6,59.1
"66895","USC00028795",89.3,58.8
"66896","USC00028795",89.1,58.5
"66897","USC00028795",88.8,58.2
"66898","USC00028795",88.6,57.9
"66899","USC00028795",88.3,57.7
"66900","USC00028795",88.1,57.4
"66901","USC00028795",87.8,57.1
"66902","USC00028795",87.6,56.9
"66903","USC00028795",87.3,56.6
"66904","USC00028795",87.1,56.4
"66905","USC00028795",86.9,56.2
"66906","USC00028795",86.6,55.9
"66907","USC00028795",86.4,55.7
"66908","USC00028795",86.1,55.5
"66909","USC00028795",85.9,55.2
"66910","USC00028795",85.6,55
"66911","USC00028795",85.4,54.8
"66912","USC00028795",85.1,54.5
"66913","USC00028795",84.8,54.3
"66914","USC00028795",84.5,54.1
"66915","USC00028795",84.2,53.8
"66916","USC00028795",83.9,53.6
"66917","USC00028795",83.6,53.3
"66918","USC00028795",83.3,53.1
"66919","USC00028795",83,52.8
"66920","USC00028795",82.6,52.6
"66921","USC00028795",82.3,52.3
"66922","USC00028795",81.9,52
"66923","USC00028795",81.5,51.7
"66924","USC00028795",81.2,51.4
"66925","USC00028795",80.8,51.1
"66926","USC00028795",80.4,50.8
"66927","USC00028795",80,50.5
"66928","USC00028795",79.5,50.1
"66929","USC00028795",79.1,49.8
"66930","USC00028795",78.7,49.5
"66931","USC00028795",78.2,49.1
"66932","USC00028795",77.7,48.8
"66933","USC00028795",77.3,48.4
"66934","USC00028795",76.8,48
"66935","USC00028795",76.3,47.6
"66936","USC00028795",75.8,47.3
"66937","USC00028795",75.4,46.9
"66938","USC00028795",74.9,46.5
"66939","USC00028795",74.4,46.1
"66940","USC00028795",73.9,45.8
"66941","USC00028795",73.4,45.4
"66942","USC00028795",72.9,45
"66943","USC00028795",72.5,44.6
"66944","USC00028795",72,44.3
"66945","USC00028795",71.5,43.9
"66946","USC00028795",71.1,43.5
"66947","USC00028795",70.6,43.2
"66948","USC00028795",70.2,42.8
"66949","USC00028795",69.7,42.5
"66950","USC00028795",69.3,42.2
"66951","USC00028795",68.9,41.9
"66952","USC00028795",68.5,41.6
"66953","USC00028795",68.1,41.3
"66954","USC00028795",67.8,41
"66955","USC00028795",67.4,40.8
"66956","USC00028795",67.1,40.5
"66957","USC00028795",66.8,40.3
"66958","USC00028795",66.5,40.1
"66959","USC00028795",66.2,39.9
"66960","USC00028795",65.9,39.7
"66961","USC00028795",65.7,39.5
"66962","USC00028795",65.5,39.4
"66963","USC00028795",65.3,39.2
"66964","USC00028795",65.1,39.1
"66965","USC00028795",64.9,39
"66966","USC00028795",64.8,38.9
"66967","USC00028795",64.6,38.8
"66968","USC00028795",64.5,38.8
"66969","USC00028795",64.4,38.7
"66970","USC00028795",64.4,38.7
"66971","USC00028795",64.3,38.6
"66972","USC00028795",64.3,38.6
"66973","USC00028795",64.3,38.6
"66974","USC00028795",64.3,38.6
"66975","USC00028795",64.3,38.6
"66976","USC00028795",64.3,38.7
"66977","USC00028795",64.3,38.7
"66978","USC00028795",64.4,38.7
"102115","USC00040192",70.7,48.5
"102116","USC00040192",70.8,48.6
"102117","USC00040192",71,48.7
"102118","USC00040192",71.1,48.8
"102119","USC00040192",71.2,48.8
"102120","USC00040192",71.3,48.9
"102121","USC00040192",71.4,49
"102122","USC00040192",71.5,49
"102123","USC00040192",71.6,49.1
"102124","USC00040192",71.7,49.1
"102125","USC00040192",71.8,49.2
"102126","USC00040192",71.8,49.2
"102127","USC00040192",71.9,49.2
"102128","USC00040192",71.9,49.3
"102129","USC00040192",72,49.3
"102130","USC00040192",72,49.3
"102131","USC00040192",72,49.3
"102132","USC00040192",72,49.3
"102133","USC00040192",72,49.3
"102134","USC00040192",72,49.3
"102135","USC00040192",72,49.3
"102136","USC00040192",72,49.3
"102137","USC00040192",72,49.3
"102138","USC00040192",72,49.2
"102139","USC00040192",71.9,49.2
"102140","USC00040192",71.9,49.2
"102141","USC00040192",71.8,49.2
"102142","USC00040192",71.8,49.1
"102143","USC00040192",71.8,49.1
"102144","USC00040192",71.7,49.1
"102145","USC00040192",71.7,49
"102146","USC00040192",71.6,49
"102147","USC00040192",71.6,49
"102148","USC00040192",71.6,48.9
"102149","USC00040192",71.5,48.9
"102150","USC00040192",71.5,48.9
"102151","USC00040192",71.5,48.9
"102152","USC00040192",71.5,48.8
"102153","USC00040192",71.4,48.8
"102154","USC00040192",71.4,48.8
"102155","USC00040192",71.4,48.8
"102156","USC00040192",71.4,48.8
"102157","USC00040192",71.4,48.8
"102158","USC00040192",71.5,48.9
"102159","USC00040192",71.5,48.9
"102160","USC00040192",71.5,48.9
"102161","USC00040192",71.6,49
"102162","USC00040192",71.6,49
"102163","USC00040192",71.6,49.1
"102164","USC00040192",71.7,49.1
"102165","USC00040192",71.8,49.2
"102166","USC00040192",71.8,49.2
"102167","USC00040192",71.9,49.3
"102168","USC00040192",72,49.4
"102169","USC00040192",72.1,49.5
"102170","USC00040192",72.1,49.6
"102171","USC00040192",72.2,49.7
"102172","USC00040192",72.3,49.8
"102173","USC00040192",72.4,49.9
"102174","USC00040192",72.5,49.9
"102175","USC00040192",72.5,50
"102176","USC00040192",72.6,50.1
"102177","USC00040192",72.7,50.2
"102178","USC00040192",72.8,50.3
"102179","USC00040192",72.9,50.4
"102180","USC00040192",73,50.6
"102181","USC00040192",73.1,50.7
"102182","USC00040192",73.2,50.8
"102183","USC00040192",73.3,50.9
"102184","USC00040192",73.4,51
"102185","USC00040192",73.5,51.1
"102186","USC00040192",73.6,51.2
"102187","USC00040192",73.7,51.4
"102188","USC00040192",73.8,51.5
"102189","USC00040192",73.9,51.6
"102190","USC00040192",74,51.7
"102191","USC00040192",74.1,51.8
"102192","USC00040192",74.2,51.9
"102193","USC00040192",74.3,52
"102194","USC00040192",74.4,52.1
"102195","USC00040192",74.5,52.2
"102196","USC00040192",74.6,52.3
"102197","USC00040192",74.7,52.3
"102198","USC00040192",74.8,52.4
"102199","USC00040192",74.9,52.5
"102200","USC00040192",75,52.6
"102201","USC00040192",75.1,52.7
"102202","USC00040192",75.2,52.8
"102203","USC00040192",75.3,52.8
"102204","USC00040192",75.4,52.9
"102205","USC00040192",75.5,53
"102206","USC00040192",75.6,53.1
"102207","USC00040192",75.7,53.2
"102208","USC00040192",75.8,53.2
"102209","USC00040192",75.9,53.3
"102210","USC00040192",76,53.4
"102211","USC00040192",76.1,53.5
"102212","USC00040192",76.2,53.6
"102213","USC00040192",76.3,53.7
"102214","USC00040192",76.4,53.7
"102215","USC00040192",76.5,53.8
"102216","USC00040192",76.6,53.9
"102217","USC00040192",76.7,54
"102218","USC00040192",76.8,54.1
"102219","USC00040192",76.9,54.2
"102220","USC00040192",77,54.3
"102221","USC00040192",77.1,54.5
"102222","USC00040192",77.2,54.6
"102223","USC00040192",77.2,54.7
"102224","USC00040192",77.3,54.8
"102225","USC00040192",77.4,54.9
"102226","USC00040192",77.4,55.1
"102227","USC00040192",77.5,55.2
"102228","USC00040192",77.6,55.3
"102229","USC00040192",77.6,55.4
"102230","USC00040192",77.7,55.6
"102231","USC00040192",77.7,55.7
"102232","USC00040192",77.7,55.8
"102233","USC00040192",77.8,56
"102234","USC00040192",77.8,56.1
"102235","USC00040192",77.8,56.2
"102236","USC00040192",77.8,56.4
"102237","USC00040192",77.8,56.5
"102238","USC00040192",77.8,56.6
"102239","USC00040192",77.8,56.8
"102240","USC00040192",77.8,56.9
"102241","USC00040192",77.8,57
"102242","USC00040192",77.8,57.2
"102243","USC00040192",77.7,57.3
"102244","USC00040192",77.7,57.4
"102245","USC00040192",77.7,57.6
"102246","USC00040192",77.7,57.7
"102247","USC00040192",77.7,57.8
"102248","USC00040192",77.6,57.9
"102249","USC00040192",77.6,58
"102250","USC00040192",77.6,58.1
"102251","USC00040192",77.6,58.3
"102252","USC00040192",77.6,58.4
"102253","USC00040192",77.6,58.5
"102254","USC00040192",77.6,58.6
"102255","USC00040192",77.6,58.7
"102256","USC00040192",77.6,58.8
"102257","USC00040192",77.7,58.9
"102258","USC00040192",77.7,59
"102259","USC00040192",77.8,59.1
"102260","USC00040192",77.9,59.2
"102261","USC00040192",77.9,59.3
"102262","USC00040192",78,59.4
"102263","USC00040192",78.1,59.5
"102264","USC00040192",78.3,59.6
"102265","USC00040192",78.4,59.8
"102266","USC00040192",78.5,59.9
"102267","USC00040192",78.7,60
"102268","USC00040192",78.9,60.1
"102269","USC00040192",79.1,60.2
"102270","USC00040192",79.3,60.3
"102271","USC00040192",79.5,60.5
"102272","USC00040192",79.7,60.6
"102273","USC00040192",80,60.7
"102274","USC00040192",80.2,60.9
"102275","USC00040192",80.5,61
"102276","USC00040192",80.7,61.2
"102277","USC00040192",81,61.3
"102278","USC00040192",81.3,61.5
"102279","USC00040192",81.6,61.6
"102280","USC00040192",81.9,61.8
"102281","USC00040192",82.2,61.9
"102282","USC00040192",82.5,62.1
"102283","USC00040192",82.8,62.3
"102284","USC00040192",83.1,62.4
"102285","USC00040192",83.4,62.6
"102286","USC00040192",83.7,62.8
"102287","USC00040192",84,62.9
"102288","USC00040192",84.3,63.1
"102289","USC00040192",84.6,63.3
"102290","USC00040192",84.8,63.5
"102291","USC00040192",85.1,63.6
"102292","USC00040192",85.4,63.8
"102293","USC00040192",85.6,64
"102294","USC00040192",85.8,64.2
"102295","USC00040192",86.1,64.3
"102296","USC00040192",86.3,64.5
"102297","USC00040192",86.5,64.6
"102298","USC00040192",86.7,64.8
"102299","USC00040192",86.8,65
"102300","USC00040192",87,65.1
"102301","USC00040192",87.1,65.2
"102302","USC00040192",87.3,65.4
"102303","USC00040192",87.4,65.5
"102304","USC00040192",87.5,65.6
"102305","USC00040192",87.6,65.7
"102306","USC00040192",87.6,65.8
"102307","USC00040192",87.7,66
"102308","USC00040192",87.8,66
"102309","USC00040192",87.8,66.1
"102310","USC00040192",87.8,66.2
"102311","USC00040192",87.8,66.3
"102312","USC00040192",87.9,66.4
"102313","USC00040192",87.9,66.4
"102314","USC00040192",87.9,66.5
"102315","USC00040192",87.9,66.5
"102316","USC00040192",87.9,66.6
"102317","USC00040192",87.8,66.6
"102318","USC00040192",87.8,66.6
"102319","USC00040192",87.8,66.6
"102320","USC00040192",87.8,66.7
"102321","USC00040192",87.8,66.7
"102322","USC00040192",87.8,66.7
"102323","USC00040192",87.8,66.7
"102324","USC00040192",87.8,66.7
"102325","USC00040192",87.8,66.7
"102326","USC00040192",87.8,66.7
"102327","USC00040192",87.8,66.7
"102328","USC00040192",87.9,66.7
"102329","USC00040192",87.9,66.7
"102330","USC00040192",87.9,66.7
"102331","USC00040192",88,66.6
"102332","USC00040192",88.1,66.6
"102333","USC00040192",88.1,66.6
"102334","USC00040192",88.2,66.6
"102335","USC00040192",88.3,66.6
"102336","USC00040192",88.4,66.6
"102337","USC00040192",88.5,66.6
"102338","USC00040192",88.6,66.6
"102339","USC00040192",88.7,66.6
"102340","USC00040192",88.8,66.5
"102341","USC00040192",88.9,66.5
"102342","USC00040192",89,66.5
"102343","USC00040192",89.1,66.5
"102344","USC00040192",89.2,66.5
"102345","USC00040192",89.3,66.5
"102346","USC00040192",89.4,66.5
"102347","USC00040192",89.6,66.5
"102348","USC00040192",89.7,66.5
"102349","USC00040192",89.8,66.5
"102350","USC00040192",89.9,66.4
"102351","USC00040192",89.9,66.4
"102352","USC00040192",90,66.4
"102353","USC00040192",90.1,66.4
"102354","USC00040192",90.1,66.4
"102355","USC00040192",90.2,66.3
"102356","USC00040192",90.2,66.3
"102357","USC00040192",90.3,66.3
"102358","USC00040192",90.3,66.2
"102359","USC00040192",90.3,66.2
"102360","USC00040192",90.2,66.1
"102361","USC00040192",90.2,66.1
"102362","USC00040192",90.2,66
"102363","USC00040192",90.1,65.9
"102364","USC00040192",90,65.9
"102365","USC00040192",89.9,65.8
"102366","USC00040192",89.8,65.7
"102367","USC00040192",89.7,65.6
"102368","USC00040192",89.6,65.5
"102369","USC00040192",89.5,65.4
"102370","USC00040192",89.3,65.3
"102371","USC00040192",89.2,65.2
"102372","USC00040192",89,65.1
"102373","USC00040192",88.8,64.9
"102374","USC00040192",88.6,64.8
"102375","USC00040192",88.4,64.7
"102376","USC00040192",88.3,64.5
"102377","USC00040192",88.1,64.4
"102378","USC00040192",87.9,64.2
"102379","USC00040192",87.7,64.1
"102380","USC00040192",87.5,63.9
"102381","USC00040192",87.3,63.8
"102382","USC00040192",87.1,63.6
"102383","USC00040192",86.9,63.4
"102384","USC00040192",86.7,63.3
"102385","USC00040192",86.5,63.1
"102386","USC00040192",86.3,62.9
"102387","USC00040192",86.1,62.8
"102388","USC00040192",86,62.6
"102389","USC00040192",85.8,62.4
"102390","USC00040192",85.7,62.3
"102391","USC00040192",85.5,62.1
"102392","USC00040192",85.4,61.9
"102393","USC00040192",85.2,61.8
"102394","USC00040192",85.1,61.6
"102395","USC00040192",85,61.4
"102396","USC00040192",84.9,61.3
"102397","USC00040192",84.8,61.1
"102398","USC00040192",84.7,60.9
"102399","USC00040192",84.6,60.8
"102400","USC00040192",84.6,60.6
"102401","USC00040192",84.5,60.5
"102402","USC00040192",84.4,60.3
"102403","USC00040192",84.4,60.2
"102404","USC00040192",84.3,60
"102405","USC00040192",84.2,59.8
"102406","USC00040192",84.2,59.7
"102407","USC00040192",84.1,59.5
"102408","USC00040192",84,59.4
"102409","USC00040192",84,59.2
"102410","USC00040192",83.9,59.1
"102411","USC00040192",83.8,58.9
"102412","USC00040192",83.7,58.8
"102413","USC00040192",83.6,58.6
"102414","USC00040192",83.5,58.4
"102415","USC00040192",83.4,58.2
"102416","USC00040192",83.2,58.1
"102417","USC00040192",83.1,57.9
"102418","USC00040192",82.9,57.7
"102419","USC00040192",82.7,57.5
"102420","USC00040192",82.5,57.3
"102421","USC00040192",82.3,57.1
"102422","USC00040192",82.1,56.9
"102423","USC00040192",81.8,56.7
"102424","USC00040192",81.6,56.5
"102425","USC00040192",81.3,56.3
"102426","USC00040192",81,56
"102427","USC00040192",80.7,55.8
"102428","USC00040192",80.4,55.6
"102429","USC00040192",80,55.3
"102430","USC00040192",79.7,55.1
"102431","USC00040192",79.3,54.8
"102432","USC00040192",78.9,54.5
"102433","USC00040192",78.5,54.3
"102434","USC00040192",78.1,54
"102435","USC00040192",77.7,53.7
"102436","USC00040192",77.3,53.5
"102437","USC00040192",76.9,53.2
"102438","USC00040192",76.5,52.9
"102439","USC00040192",76.1,52.6
"102440","USC00040192",75.6,52.4
"102441","USC00040192",75.2,52.1
"102442","USC00040192",74.8,51.8
"102443","USC00040192",74.4,51.6
"102444","USC00040192",74,51.3
"102445","USC00040192",73.6,51
"102446","USC00040192",73.2,50.8
"102447","USC00040192",72.8,50.5
"102448","USC00040192",72.5,50.3
"102449","USC00040192",72.1,50.1
"102450","USC00040192",71.8,49.9
"102451","USC00040192",71.5,49.6
"102452","USC00040192",71.2,49.4
"102453","USC00040192",70.9,49.3
"102454","USC00040192",70.7,49.1
"102455","USC00040192",70.4,48.9
"102456","USC00040192",70.2,48.8
"102457","USC00040192",70,48.6
"102458","USC00040192",69.9,48.5
"102459","USC00040192",69.7,48.4
"102460","USC00040192",69.6,48.3
"102461","USC00040192",69.5,48.2
"102462","USC00040192",69.4,48.1
"102463","USC00040192",69.4,48
"102464","USC00040192",69.3,48
"102465","USC00040192",69.3,48
"102466","USC00040192",69.3,47.9
"102467","USC00040192",69.3,47.9
"102468","USC00040192",69.3,47.9
"102469","USC00040192",69.4,47.9
"102470","USC00040192",69.5,47.9
"102471","USC00040192",69.5,48
"102472","USC00040192",69.6,48
"102473","USC00040192",69.7,48
"102474","USC00040192",69.8,48.1
"102475","USC00040192",69.9,48.1
"102476","USC00040192",70.1,48.2
"102477","USC00040192",70.2,48.3
"102478","USC00040192",70.3,48.3
"102479","USC00040192",70.4,48.4
"102480","USC00040192",70.6,48.5
"104311","USC00040444",58.1,37.5
"104312","USC00040444",58.2,37.6
"104313","USC00040444",58.3,37.7
"104314","USC00040444",58.4,37.8
"104315","USC00040444",58.4,37.9
"104316","USC00040444",58.5,38
"104317","USC00040444",58.6,38.1
"104318","USC00040444",58.7,38.2
"104319","USC00040444",58.8,38.2
"104320","USC00040444",58.9,38.3
"104321","USC00040444",59,38.4
"104322","USC00040444",59.1,38.4
"104323","USC00040444",59.2,38.5
"104324","USC00040444",59.3,38.6
"104325","USC00040444",59.4,38.6
"104326","USC00040444",59.5,38.7
"104327","USC00040444",59.6,38.7
"104328","USC00040444",59.7,38.7
"104329","USC00040444",59.8,38.8
"104330","USC00040444",59.9,38.8
"104331","USC00040444",60.1,38.8
"104332","USC00040444",60.2,38.8
"104333","USC00040444",60.3,38.9
"104334","USC00040444",60.5,38.9
"104335","USC00040444",60.6,38.9
"104336","USC00040444",60.7,38.9
"104337","USC00040444",60.9,38.9
"104338","USC00040444",61,38.9
"104339","USC00040444",61.2,39
"104340","USC00040444",61.4,39
"104341","USC00040444",61.6,39
"104342","USC00040444",61.7,39
"104343","USC00040444",61.9,39.1
"104344","USC00040444",62.1,39.1
"104345","USC00040444",62.3,39.1
"104346","USC00040444",62.5,39.2
"104347","USC00040444",62.7,39.2
"104348","USC00040444",62.9,39.3
"104349","USC00040444",63.1,39.4
"104350","USC00040444",63.4,39.4
"104351","USC00040444",63.6,39.5
"104352","USC00040444",63.8,39.6
"104353","USC00040444",64,39.7
"104354","USC00040444",64.2,39.8
"104355","USC00040444",64.5,39.9
"104356","USC00040444",64.7,40
"104357","USC00040444",64.9,40.2
"104358","USC00040444",65.2,40.3
"104359","USC00040444",65.4,40.4
"104360","USC00040444",65.6,40.6
"104361","USC00040444",65.8,40.7
"104362","USC00040444",66.1,40.9
"104363","USC00040444",66.3,41.1
"104364","USC00040444",66.5,41.2
"104365","USC00040444",66.7,41.4
"104366","USC00040444",66.9,41.6
"104367","USC00040444",67.1,41.8
"104368","USC00040444",67.3,41.9
"104369","USC00040444",67.5,42.1
"104370","USC00040444",67.6,42.2
"104371","USC00040444",67.7,42.3
"104372","USC00040444",67.8,42.5
"104373","USC00040444",68,42.7
"104374","USC00040444",68.2,42.9
"104375","USC00040444",68.3,43.1
"104376","USC00040444",68.5,43.3
"104377","USC00040444",68.6,43.4
"104378","USC00040444",68.8,43.6
"104379","USC00040444",68.9,43.8
"104380","USC00040444",69,44
"104381","USC00040444",69.1,44.2
"104382","USC00040444",69.3,44.3
"104383","USC00040444",69.4,44.5
"104384","USC00040444",69.5,44.7
"104385","USC00040444",69.6,44.8
"104386","USC00040444",69.7,45
"104387","USC00040444",69.8,45.1
"104388","USC00040444",69.9,45.3
"104389","USC00040444",70.1,45.5
"104390","USC00040444",70.2,45.6
"104391","USC00040444",70.3,45.8
"104392","USC00040444",70.4,45.9
"104393","USC00040444",70.5,46
"104394","USC00040444",70.6,46.2
"104395","USC00040444",70.8,46.3
"104396","USC00040444",70.9,46.5
"104397","USC00040444",71,46.6
"104398","USC00040444",71.2,46.8
"104399","USC00040444",71.4,46.9
"104400","USC00040444",71.5,47.1
"104401","USC00040444",71.7,47.2
"104402","USC00040444",71.9,47.4
"104403","USC00040444",72,47.6
"104404","USC00040444",72.2,47.7
"104405","USC00040444",72.4,47.9
"104406","USC00040444",72.7,48.1
"104407","USC00040444",72.9,48.2
"104408","USC00040444",73.1,48.4
"104409","USC00040444",73.3,48.6
"104410","USC00040444",73.6,48.8
"104411","USC00040444",73.8,49
"104412","USC00040444",74.1,49.2
"104413","USC00040444",74.3,49.4
"104414","USC00040444",74.6,49.6
"104415","USC00040444",74.9,49.8
"104416","USC00040444",75.2,50.1
"104417","USC00040444",75.4,50.3
"104418","USC00040444",75.7,50.5
"104419","USC00040444",76,50.7
"104420","USC00040444",76.3,51
"104421","USC00040444",76.6,51.2
"104422","USC00040444",76.8,51.5
"104423","USC00040444",77.1,51.7
"104424","USC00040444",77.4,51.9
"104425","USC00040444",77.7,52.2
"104426","USC00040444",78,52.4
"104427","USC00040444",78.3,52.7
"104428","USC00040444",78.5,52.9
"104429","USC00040444",78.8,53.1
"104430","USC00040444",79.1,53.4
"104431","USC00040444",79.3,53.6
"104432","USC00040444",79.6,53.9
"104433","USC00040444",79.8,54.1
"104434","USC00040444",80.1,54.3
"104435","USC00040444",80.3,54.6
"104436","USC00040444",80.6,54.8
"104437","USC00040444",80.8,55
"104438","USC00040444",81,55.2
"104439","USC00040444",81.3,55.4
"104440","USC00040444",81.5,55.6
"104441","USC00040444",81.7,55.8
"104442","USC00040444",81.9,56
"104443","USC00040444",82.1,56.2
"104444","USC00040444",82.4,56.4
"104445","USC00040444",82.6,56.6
"104446","USC00040444",82.8,56.8
"104447","USC00040444",83,57
"104448","USC00040444",83.2,57.2
"104449","USC00040444",83.5,57.4
"104450","USC00040444",83.7,57.6
"104451","USC00040444",83.9,57.8
"104452","USC00040444",84.2,58
"104453","USC00040444",84.4,58.2
"104454","USC00040444",84.7,58.4
"104455","USC00040444",84.9,58.6
"104456","USC00040444",85.2,58.8
"104457","USC00040444",85.4,59
"104458","USC00040444",85.7,59.2
"104459","USC00040444",86,59.4
"104460","USC00040444",86.3,59.6
"104461","USC00040444",86.6,59.9
"104462","USC00040444",86.9,60.1
"104463","USC00040444",87.2,60.4
"104464","USC00040444",87.6,60.6
"104465","USC00040444",87.9,60.9
"104466","USC00040444",88.3,61.1
"104467","USC00040444",88.6,61.4
"104468","USC00040444",89,61.7
"104469","USC00040444",89.4,62
"104470","USC00040444",89.7,62.3
"104471","USC00040444",90.1,62.6
"104472","USC00040444",90.5,62.9
"104473","USC00040444",90.9,63.2
"104474","USC00040444",91.3,63.6
"104475","USC00040444",91.7,63.9
"104476","USC00040444",92,64.2
"104477","USC00040444",92.4,64.6
"104478","USC00040444",92.8,64.9
"104479","USC00040444",93.2,65.3
"104480","USC00040444",93.6,65.6
"104481","USC00040444",93.9,65.9
"104482","USC00040444",94.3,66.3
"104483","USC00040444",94.7,66.6
"104484","USC00040444",95,67
"104485","USC00040444",95.3,67.3
"104486","USC00040444",95.7,67.6
"104487","USC00040444",96,67.9
"104488","USC00040444",96.3,68.3
"104489","USC00040444",96.5,68.6
"104490","USC00040444",96.8,68.8
"104491","USC00040444",97,69.1
"104492","USC00040444",97.3,69.4
"104493","USC00040444",97.5,69.7
"104494","USC00040444",97.7,69.9
"104495","USC00040444",97.9,70.1
"104496","USC00040444",98,70.3
"104497","USC00040444",98.2,70.5
"104498","USC00040444",98.3,70.7
"104499","USC00040444",98.4,70.9
"104500","USC00040444",98.5,71
"104501","USC00040444",98.5,71.2
"104502","USC00040444",98.6,71.3
"104503","USC00040444",98.6,71.4
"104504","USC00040444",98.6,71.4
"104505","USC00040444",98.6,71.5
"104506","USC00040444",98.6,71.5
"104507","USC00040444",98.6,71.6
"104508","USC00040444",98.6,71.6
"104509","USC00040444",98.6,71.6
"104510","USC00040444",98.5,71.5
"104511","USC00040444",98.4,71.5
"104512","USC00040444",98.4,71.5
"104513","USC00040444",98.3,71.4
"104514","USC00040444",98.2,71.3
"104515","USC00040444",98.2,71.3
"104516","USC00040444",98.1,71.2
"104517","USC00040444",98,71.1
"104518","USC00040444",97.9,71
"104519","USC00040444",97.8,70.9
"104520","USC00040444",97.8,70.7
"104521","USC00040444",97.7,70.6
"104522","USC00040444",97.6,70.5
"104523","USC00040444",97.5,70.4
"104524","USC00040444",97.5,70.3
"104525","USC00040444",97.4,70.1
"104526","USC00040444",97.4,70
"104527","USC00040444",97.3,69.9
"104528","USC00040444",97.3,69.8
"104529","USC00040444",97.2,69.7
"104530","USC00040444",97.2,69.5
"104531","USC00040444",97.1,69.4
"104532","USC00040444",97.1,69.3
"104533","USC00040444",97.1,69.2
"104534","USC00040444",97.1,69.1
"104535","USC00040444",97.1,69
"104536","USC00040444",97,68.9
"104537","USC00040444",97,68.9
"104538","USC00040444",97,68.8
"104539","USC00040444",97,68.7
"104540","USC00040444",97,68.6
"104541","USC00040444",97,68.6
"104542","USC00040444",96.9,68.5
"104543","USC00040444",96.9,68.4
"104544","USC00040444",96.9,68.4
"104545","USC00040444",96.8,68.3
"104546","USC00040444",96.8,68.2
"104547","USC00040444",96.7,68.2
"104548","USC00040444",96.6,68.1
"104549","USC00040444",96.6,68
"104550","USC00040444",96.5,67.9
"104551","USC00040444",96.4,67.9
"104552","USC00040444",96.2,67.8
"104553","USC00040444",96.1,67.7
"104554","USC00040444",96,67.6
"104555","USC00040444",95.8,67.4
"104556","USC00040444",95.6,67.3
"104557","USC00040444",95.4,67.2
"104558","USC00040444",95.2,67
"104559","USC00040444",95,66.9
"104560","USC00040444",94.7,66.7
"104561","USC00040444",94.5,66.5
"104562","USC00040444",94.2,66.3
"104563","USC00040444",93.9,66.1
"104564","USC00040444",93.6,65.9
"104565","USC00040444",93.3,65.7
"104566","USC00040444",92.9,65.4
"104567","USC00040444",92.6,65.2
"104568","USC00040444",92.2,64.9
"104569","USC00040444",91.8,64.6
"104570","USC00040444",91.5,64.4
"104571","USC00040444",91.1,64
"104572","USC00040444",90.7,63.7
"104573","USC00040444",90.3,63.4
"104574","USC00040444",89.8,63.1
"104575","USC00040444",89.4,62.7
"104576","USC00040444",89,62.4
"104577","USC00040444",88.6,62
"104578","USC00040444",88.1,61.7
"104579","USC00040444",87.7,61.3
"104580","USC00040444",87.3,60.9
"104581","USC00040444",86.9,60.5
"104582","USC00040444",86.4,60.2
"104583","USC00040444",86,59.8
"104584","USC00040444",85.6,59.4
"104585","USC00040444",85.2,59
"104586","USC00040444",84.8,58.7
"104587","USC00040444",84.4,58.3
"104588","USC00040444",84,57.9
"104589","USC00040444",83.6,57.5
"104590","USC00040444",83.3,57.2
"104591","USC00040444",82.9,56.8
"104592","USC00040444",82.5,56.4
"104593","USC00040444",82.2,56.1
"104594","USC00040444",81.8,55.8
"104595","USC00040444",81.5,55.4
"104596","USC00040444",81.2,55.1
"104597","USC00040444",80.8,54.8
"104598","USC00040444",80.5,54.4
"104599","USC00040444",80.2,54.1
"104600","USC00040444",79.9,53.8
"104601","USC00040444",79.6,53.5
"104602","USC00040444",79.3,53.2
"104603","USC00040444",79,52.9
"104604","USC00040444",78.7,52.6
"104605","USC00040444",78.4,52.3
"104606","USC00040444",78.1,52.1
"104607","USC00040444",77.7,51.8
"104608","USC00040444",77.4,51.5
"104609","USC00040444",77.1,51.2
"104610","USC00040444",76.8,51
"104611","USC00040444",76.5,50.7
"104612","USC00040444",76.2,50.4
"104613","USC00040444",75.8,50.1
"104614","USC00040444",75.5,49.8
"104615","USC00040444",75.1,49.6
"104616","USC00040444",74.8,49.3
"104617","USC00040444",74.4,49
"104618","USC00040444",74,48.7
"104619","USC00040444",73.6,48.4
"104620","USC00040444",73.3,48.1
"104621","USC00040444",72.9,47.8
"104622","USC00040444",72.4,47.5
"104623","USC00040444",72,47.2
"104624","USC00040444",71.6,46.9
"104625","USC00040444",71.2,46.5
"104626","USC00040444",70.7,46.2
"104627","USC00040444",70.3,45.9
"104628","USC00040444",69.8,45.5
"104629","USC00040444",69.4,45.2
"104630","USC00040444",68.9,44.8
"104631","USC00040444",68.4,44.5
"104632","USC00040444",68,44.1
"104633","USC00040444",67.5,43.8
"104634","USC00040444",67,43.4
"104635","USC00040444",66.6,43.1
"104636","USC00040444",66.1,42.7
"104637","USC00040444",65.6,42.4
"104638","USC00040444",65.2,42
"104639","USC00040444",64.7,41.7
"104640","USC00040444",64.3,41.4
"104641","USC00040444",63.9,41
"104642","USC00040444",63.5,40.7
"104643","USC00040444",63,40.4
"104644","USC00040444",62.6,40.1
"104645","USC00040444",62.3,39.8
"104646","USC00040444",61.9,39.5
"104647","USC00040444",61.5,39.2
"104648","USC00040444",61.2,39
"104649","USC00040444",60.9,38.7
"104650","USC00040444",60.5,38.5
"104651","USC00040444",60.2,38.3
"104652","USC00040444",60,38
"104653","USC00040444",59.7,37.9
"104654","USC00040444",59.5,37.7
"104655","USC00040444",59.2,37.5
"104656","USC00040444",59,37.4
"104657","USC00040444",58.9,37.3
"104658","USC00040444",58.7,37.2
"104659","USC00040444",58.5,37.1
"104660","USC00040444",58.4,37
"104661","USC00040444",58.3,36.9
"104662","USC00040444",58.2,36.9
"104663","USC00040444",58.1,36.9
"104664","USC00040444",58,36.8
"104665","USC00040444",58,36.8
"104666","USC00040444",57.9,36.8
"104667","USC00040444",57.9,36.9
"104668","USC00040444",57.9,36.9
"104669","USC00040444",57.9,36.9
"104670","USC00040444",57.9,37
"104671","USC00040444",57.9,37.1
"104672","USC00040444",57.9,37.1
"104673","USC00040444",57.9,37.2
"104674","USC00040444",58,37.3
"104675","USC00040444",58,37.4
"104676","USC00040444",58.1,37.5
"113461","USC00041758",66,46.2
"113462","USC00041758",66.1,46.3
"113463","USC00041758",66.2,46.3
"113464","USC00041758",66.3,46.4
"113465","USC00041758",66.4,46.4
"113466","USC00041758",66.4,46.5
"113467","USC00041758",66.5,46.5
"113468","USC00041758",66.6,46.6
"113469","USC00041758",66.6,46.6
"113470","USC00041758",66.7,46.7
"113471","USC00041758",66.7,46.7
"113472","USC00041758",66.8,46.8
"113473","USC00041758",66.8,46.8
"113474","USC00041758",66.9,46.9
"113475","USC00041758",66.9,46.9
"113476","USC00041758",66.9,47
"113477","USC00041758",66.9,47
"113478","USC00041758",67,47
"113479","USC00041758",67,47.1
"113480","USC00041758",67,47.1
"113481","USC00041758",67,47.1
"113482","USC00041758",66.9,47.2
"113483","USC00041758",66.9,47.2
"113484","USC00041758",66.9,47.2
"113485","USC00041758",66.9,47.3
"113486","USC00041758",66.8,47.3
"113487","USC00041758",66.8,47.3
"113488","USC00041758",66.8,47.3
"113489","USC00041758",66.7,47.4
"113490","USC00041758",66.7,47.4
"113491","USC00041758",66.6,47.4
"113492","USC00041758",66.6,47.4
"113493","USC00041758",66.5,47.5
"113494","USC00041758",66.5,47.5
"113495","USC00041758",66.4,47.5
"113496","USC00041758",66.4,47.6
"113497","USC00041758",66.3,47.6
"113498","USC00041758",66.3,47.7
"113499","USC00041758",66.2,47.7
"113500","USC00041758",66.2,47.8
"113501","USC00041758",66.1,47.8
"113502","USC00041758",66.1,47.9
"113503","USC00041758",66.1,48
"113504","USC00041758",66,48
"113505","USC00041758",66,48.1
"113506","USC00041758",66,48.2
"113507","USC00041758",66,48.3
"113508","USC00041758",65.9,48.4
"113509","USC00041758",65.9,48.5
"113510","USC00041758",65.9,48.6
"113511","USC00041758",65.9,48.7
"113512","USC00041758",65.9,48.8
"113513","USC00041758",65.9,48.9
"113514","USC00041758",65.9,49
"113515","USC00041758",65.9,49.2
"113516","USC00041758",65.9,49.3
"113517","USC00041758",65.9,49.4
"113518","USC00041758",66,49.5
"113519","USC00041758",66,49.7
"113520","USC00041758",66,49.7
"113521","USC00041758",66,49.8
"113522","USC00041758",66,49.9
"113523","USC00041758",66.1,50.1
"113524","USC00041758",66.1,50.2
"113525","USC00041758",66.1,50.4
"113526","USC00041758",66.2,50.5
"113527","USC00041758",66.2,50.6
"113528","USC00041758",66.2,50.8
"113529","USC00041758",66.3,50.9
"113530","USC00041758",66.3,51
"113531","USC00041758",66.4,51.1
"113532","USC00041758",66.4,51.3
"113533","USC00041758",66.4,51.4
"113534","USC00041758",66.5,51.5
"113535","USC00041758",66.5,51.6
"113536","USC00041758",66.6,51.7
"113537","USC00041758",66.6,51.8
"113538","USC00041758",66.7,51.9
"113539","USC00041758",66.7,52
"113540","USC00041758",66.8,52.1
"113541","USC00041758",66.8,52.2
"113542","USC00041758",66.9,52.3
"113543","USC00041758",66.9,52.4
"113544","USC00041758",67,52.5
"113545","USC00041758",67,52.6
"113546","USC00041758",67.1,52.6
"113547","USC00041758",67.1,52.7
"113548","USC00041758",67.2,52.8
"113549","USC00041758",67.2,52.9
"113550","USC00041758",67.3,52.9
"113551","USC00041758",67.3,53
"113552","USC00041758",67.4,53.1
"113553","USC00041758",67.4,53.2
"113554","USC00041758",67.5,53.2
"113555","USC00041758",67.5,53.3
"113556","USC00041758",67.6,53.4
"113557","USC00041758",67.6,53.5
"113558","USC00041758",67.7,53.6
"113559","USC00041758",67.7,53.6
"113560","USC00041758",67.8,53.7
"113561","USC00041758",67.9,53.8
"113562","USC00041758",67.9,53.9
"113563","USC00041758",68,54
"113564","USC00041758",68,54.1
"113565","USC00041758",68.1,54.2
"113566","USC00041758",68.1,54.3
"113567","USC00041758",68.2,54.4
"113568","USC00041758",68.2,54.5
"113569","USC00041758",68.3,54.7
"113570","USC00041758",68.3,54.8
"113571","USC00041758",68.4,54.9
"113572","USC00041758",68.4,55
"113573","USC00041758",68.4,55.2
"113574","USC00041758",68.5,55.3
"113575","USC00041758",68.5,55.5
"113576","USC00041758",68.5,55.6
"113577","USC00041758",68.6,55.7
"113578","USC00041758",68.6,55.9
"113579","USC00041758",68.6,56
"113580","USC00041758",68.6,56.2
"113581","USC00041758",68.7,56.3
"113582","USC00041758",68.7,56.5
"113583","USC00041758",68.7,56.6
"113584","USC00041758",68.7,56.8
"113585","USC00041758",68.7,56.9
"113586","USC00041758",68.7,57
"113587","USC00041758",68.7,57.2
"113588","USC00041758",68.7,57.3
"113589","USC00041758",68.7,57.5
"113590","USC00041758",68.7,57.6
"113591","USC00041758",68.7,57.7
"113592","USC00041758",68.7,57.9
"113593","USC00041758",68.7,58
"113594","USC00041758",68.7,58.1
"113595","USC00041758",68.7,58.2
"113596","USC00041758",68.6,58.3
"113597","USC00041758",68.6,58.4
"113598","USC00041758",68.6,58.5
"113599","USC00041758",68.6,58.6
"113600","USC00041758",68.6,58.7
"113601","USC00041758",68.6,58.8
"113602","USC00041758",68.6,58.9
"113603","USC00041758",68.6,59
"113604","USC00041758",68.7,59.1
"113605","USC00041758",68.7,59.2
"113606","USC00041758",68.7,59.3
"113607","USC00041758",68.7,59.3
"113608","USC00041758",68.8,59.4
"113609","USC00041758",68.8,59.5
"113610","USC00041758",68.8,59.6
"113611","USC00041758",68.9,59.6
"113612","USC00041758",69,59.7
"113613","USC00041758",69,59.8
"113614","USC00041758",69.1,59.9
"113615","USC00041758",69.2,60
"113616","USC00041758",69.3,60.1
"113617","USC00041758",69.4,60.1
"113618","USC00041758",69.5,60.2
"113619","USC00041758",69.6,60.3
"113620","USC00041758",69.7,60.4
"113621","USC00041758",69.8,60.5
"113622","USC00041758",69.9,60.6
"113623","USC00041758",70.1,60.8
"113624","USC00041758",70.2,60.9
"113625","USC00041758",70.4,61
"113626","USC00041758",70.5,61.1
"113627","USC00041758",70.7,61.3
"113628","USC00041758",70.9,61.4
"113629","USC00041758",71,61.6
"113630","USC00041758",71.2,61.7
"113631","USC00041758",71.4,61.9
"113632","USC00041758",71.5,62
"113633","USC00041758",71.7,62.2
"113634","USC00041758",71.9,62.3
"113635","USC00041758",72,62.5
"113636","USC00041758",72.2,62.7
"113637","USC00041758",72.4,62.8
"113638","USC00041758",72.6,63
"113639","USC00041758",72.7,63.2
"113640","USC00041758",72.9,63.4
"113641","USC00041758",73.1,63.5
"113642","USC00041758",73.2,63.7
"113643","USC00041758",73.4,63.9
"113644","USC00041758",73.5,64.1
"113645","USC00041758",73.6,64.2
"113646","USC00041758",73.8,64.4
"113647","USC00041758",73.9,64.6
"113648","USC00041758",74,64.7
"113649","USC00041758",74.2,64.9
"113650","USC00041758",74.3,65
"113651","USC00041758",74.4,65.2
"113652","USC00041758",74.5,65.3
"113653","USC00041758",74.6,65.4
"113654","USC00041758",74.7,65.6
"113655","USC00041758",74.7,65.7
"113656","USC00041758",74.8,65.8
"113657","USC00041758",74.9,65.9
"113658","USC00041758",75,66
"113659","USC00041758",75,66.1
"113660","USC00041758",75.1,66.2
"113661","USC00041758",75.1,66.2
"113662","USC00041758",75.2,66.3
"113663","USC00041758",75.2,66.3
"113664","USC00041758",75.3,66.4
"113665","USC00041758",75.3,66.4
"113666","USC00041758",75.4,66.5
"113667","USC00041758",75.4,66.5
"113668","USC00041758",75.5,66.5
"113669","USC00041758",75.5,66.5
"113670","USC00041758",75.6,66.5
"113671","USC00041758",75.6,66.5
"113672","USC00041758",75.6,66.5
"113673","USC00041758",75.7,66.5
"113674","USC00041758",75.7,66.5
"113675","USC00041758",75.8,66.5
"113676","USC00041758",75.8,66.5
"113677","USC00041758",75.9,66.5
"113678","USC00041758",75.9,66.5
"113679","USC00041758",76,66.4
"113680","USC00041758",76.1,66.4
"113681","USC00041758",76.1,66.4
"113682","USC00041758",76.2,66.4
"113683","USC00041758",76.3,66.3
"113684","USC00041758",76.3,66.3
"113685","USC00041758",76.4,66.3
"113686","USC00041758",76.5,66.3
"113687","USC00041758",76.6,66.2
"113688","USC00041758",76.6,66.2
"113689","USC00041758",76.7,66.2
"113690","USC00041758",76.8,66.2
"113691","USC00041758",76.9,66.1
"113692","USC00041758",76.9,66.1
"113693","USC00041758",77,66.1
"113694","USC00041758",77.1,66.1
"113695","USC00041758",77.2,66.1
"113696","USC00041758",77.2,66
"113697","USC00041758",77.3,66
"113698","USC00041758",77.3,66
"113699","USC00041758",77.4,66
"113700","USC00041758",77.5,66
"113701","USC00041758",77.5,65.9
"113702","USC00041758",77.6,65.9
"113703","USC00041758",77.6,65.9
"113704","USC00041758",77.6,65.9
"113705","USC00041758",77.6,65.8
"113706","USC00041758",77.7,65.8
"113707","USC00041758",77.7,65.7
"113708","USC00041758",77.7,65.7
"113709","USC00041758",77.7,65.6
"113710","USC00041758",77.7,65.6
"113711","USC00041758",77.6,65.5
"113712","USC00041758",77.6,65.4
"113713","USC00041758",77.6,65.4
"113714","USC00041758",77.6,65.3
"113715","USC00041758",77.5,65.2
"113716","USC00041758",77.5,65.1
"113717","USC00041758",77.4,65
"113718","USC00041758",77.4,64.9
"113719","USC00041758",77.3,64.7
"113720","USC00041758",77.2,64.6
"113721","USC00041758",77.1,64.5
"113722","USC00041758",77.1,64.3
"113723","USC00041758",77,64.2
"113724","USC00041758",76.9,64
"113725","USC00041758",76.8,63.8
"113726","USC00041758",76.7,63.7
"113727","USC00041758",76.6,63.5
"113728","USC00041758",76.6,63.3
"113729","USC00041758",76.5,63.1
"113730","USC00041758",76.4,62.9
"113731","USC00041758",76.3,62.7
"113732","USC00041758",76.2,62.5
"113733","USC00041758",76.1,62.3
"113734","USC00041758",76,62.1
"113735","USC00041758",76,61.9
"113736","USC00041758",75.9,61.6
"113737","USC00041758",75.8,61.4
"113738","USC00041758",75.7,61.2
"113739","USC00041758",75.7,61
"113740","USC00041758",75.6,60.7
"113741","USC00041758",75.6,60.5
"113742","USC00041758",75.5,60.3
"113743","USC00041758",75.4,60.1
"113744","USC00041758",75.4,59.8
"113745","USC00041758",75.3,59.6
"113746","USC00041758",75.3,59.4
"113747","USC00041758",75.2,59.2
"113748","USC00041758",75.2,59
"113749","USC00041758",75.2,58.7
"113750","USC00041758",75.1,58.5
"113751","USC00041758",75.1,58.3
"113752","USC00041758",75,58.1
"113753","USC00041758",75,57.9
"113754","USC00041758",74.9,57.7
"113755","USC00041758",74.9,57.5
"113756","USC00041758",74.8,57.3
"113757","USC00041758",74.8,57.1
"113758","USC00041758",74.7,56.9
"113759","USC00041758",74.7,56.7
"113760","USC00041758",74.6,56.5
"113761","USC00041758",74.5,56.3
"113762","USC00041758",74.4,56.1
"113763","USC00041758",74.3,55.9
"113764","USC00041758",74.2,55.7
"113765","USC00041758",74.1,55.5
"113766","USC00041758",74,55.3
"113767","USC00041758",73.9,55.1
"113768","USC00041758",73.7,54.9
"113769","USC00041758",73.6,54.7
"113770","USC00041758",73.4,54.5
"113771","USC00041758",73.3,54.3
"113772","USC00041758",73.1,54.1
"113773","USC00041758",72.9,53.9
"113774","USC00041758",72.7,53.7
"113775","USC00041758",72.5,53.5
"113776","USC00041758",72.3,53.3
"113777","USC00041758",72.1,53
"113778","USC00041758",71.9,52.8
"113779","USC00041758",71.6,52.6
"113780","USC00041758",71.4,52.4
"113781","USC00041758",71.2,52.1
"113782","USC00041758",70.9,51.9
"113783","USC00041758",70.6,51.7
"113784","USC00041758",70.4,51.4
"113785","USC00041758",70.1,51.2
"113786","USC00041758",69.9,51
"113787","USC00041758",69.6,50.7
"113788","USC00041758",69.4,50.5
"113789","USC00041758",69.1,50.3
"113790","USC00041758",68.8,50
"113791","USC00041758",68.6,49.8
"113792","USC00041758",68.3,49.6
"113793","USC00041758",68.1,49.3
"113794","USC00041758",67.9,49.1
"113795","USC00041758",67.6,48.9
"113796","USC00041758",67.4,48.7
"113797","USC00041758",67.2,48.5
"113798","USC00041758",67,48.3
"113799","USC00041758",66.8,48.1
"113800","USC00041758",66.6,47.9
"113801","USC00041758",66.4,47.7
"113802","USC00041758",66.3,47.6
"113803","USC00041758",66.1,47.4
"113804","USC00041758",66,47.2
"113805","USC00041758",65.9,47.1
"113806","USC00041758",65.8,47
"113807","USC00041758",65.7,46.8
"113808","USC00041758",65.6,46.7
"113809","USC00041758",65.5,46.6
"113810","USC00041758",65.5,46.5
"113811","USC00041758",65.4,46.4
"113812","USC00041758",65.4,46.3
"113813","USC00041758",65.4,46.3
"113814","USC00041758",65.4,46.2
"113815","USC00041758",65.4,46.2
"113816","USC00041758",65.4,46.1
"113817","USC00041758",65.4,46.1
"113818","USC00041758",65.5,46.1
"113819","USC00041758",65.5,46.1
"113820","USC00041758",65.6,46.1
"113821","USC00041758",65.6,46.1
"113822","USC00041758",65.7,46.1
"113823","USC00041758",65.7,46.1
"113824","USC00041758",65.8,46.1
"113825","USC00041758",65.9,46.2
"113826","USC00041758",66,46.2
"123343","USC00043244",58.4,41.7
"123344","USC00043244",58.4,41.7
"123345","USC00043244",58.4,41.7
"123346","USC00043244",58.5,41.7
"123347","USC00043244",58.5,41.7
"123348","USC00043244",58.5,41.7
"123349","USC00043244",58.6,41.7
"123350","USC00043244",58.6,41.8
"123351","USC00043244",58.7,41.8
"123352","USC00043244",58.7,41.8
"123353","USC00043244",58.8,41.8
"123354","USC00043244",58.8,41.9
"123355","USC00043244",58.9,41.9
"123356","USC00043244",58.9,41.9
"123357","USC00043244",59,42
"123358","USC00043244",59.1,42
"123359","USC00043244",59.1,42.1
"123360","USC00043244",59.2,42.1
"123361","USC00043244",59.3,42.2
"123362","USC00043244",59.4,42.2
"123363","USC00043244",59.5,42.2
"123364","USC00043244",59.5,42.3
"123365","USC00043244",59.6,42.3
"123366","USC00043244",59.7,42.4
"123367","USC00043244",59.8,42.5
"123368","USC00043244",59.9,42.5
"123369","USC00043244",60,42.6
"123370","USC00043244",60.1,42.6
"123371","USC00043244",60.2,42.7
"123372","USC00043244",60.4,42.8
"123373","USC00043244",60.5,42.8
"123374","USC00043244",60.6,42.9
"123375","USC00043244",60.7,43
"123376","USC00043244",60.8,43
"123377","USC00043244",61,43.1
"123378","USC00043244",61.1,43.2
"123379","USC00043244",61.2,43.2
"123380","USC00043244",61.3,43.3
"123381","USC00043244",61.5,43.4
"123382","USC00043244",61.6,43.5
"123383","USC00043244",61.7,43.5
"123384","USC00043244",61.9,43.6
"123385","USC00043244",62,43.7
"123386","USC00043244",62.1,43.8
"123387","USC00043244",62.3,43.9
"123388","USC00043244",62.4,43.9
"123389","USC00043244",62.5,44
"123390","USC00043244",62.7,44.1
"123391","USC00043244",62.8,44.2
"123392","USC00043244",62.9,44.3
"123393","USC00043244",63,44.3
"123394","USC00043244",63.1,44.4
"123395","USC00043244",63.3,44.5
"123396","USC00043244",63.4,44.6
"123397","USC00043244",63.5,44.6
"123398","USC00043244",63.6,44.7
"123399","USC00043244",63.7,44.8
"123400","USC00043244",63.8,44.8
"123401","USC00043244",63.9,44.9
"123402","USC00043244",64,44.9
"123403","USC00043244",64,45
"123404","USC00043244",64.1,45
"123405","USC00043244",64.2,45.1
"123406","USC00043244",64.3,45.2
"123407","USC00043244",64.4,45.2
"123408","USC00043244",64.5,45.3
"123409","USC00043244",64.6,45.4
"123410","USC00043244",64.6,45.4
"123411","USC00043244",64.7,45.5
"123412","USC00043244",64.8,45.5
"123413","USC00043244",64.9,45.6
"123414","USC00043244",65,45.7
"123415","USC00043244",65,45.7
"123416","USC00043244",65.1,45.8
"123417","USC00043244",65.2,45.8
"123418","USC00043244",65.3,45.9
"123419","USC00043244",65.4,45.9
"123420","USC00043244",65.4,46
"123421","USC00043244",65.5,46.1
"123422","USC00043244",65.6,46.1
"123423","USC00043244",65.7,46.2
"123424","USC00043244",65.8,46.2
"123425","USC00043244",65.9,46.3
"123426","USC00043244",65.9,46.4
"123427","USC00043244",66,46.4
"123428","USC00043244",66.1,46.5
"123429","USC00043244",66.2,46.6
"123430","USC00043244",66.3,46.6
"123431","USC00043244",66.4,46.7
"123432","USC00043244",66.5,46.8
"123433","USC00043244",66.6,46.9
"123434","USC00043244",66.7,46.9
"123435","USC00043244",66.8,47
"123436","USC00043244",66.9,47.1
"123437","USC00043244",67,47.2
"123438","USC00043244",67.1,47.3
"123439","USC00043244",67.2,47.4
"123440","USC00043244",67.4,47.5
"123441","USC00043244",67.5,47.6
"123442","USC00043244",67.6,47.7
"123443","USC00043244",67.7,47.8
"123444","USC00043244",67.8,47.9
"123445","USC00043244",67.9,48
"123446","USC00043244",68,48.1
"123447","USC00043244",68.1,48.2
"123448","USC00043244",68.2,48.3
"123449","USC00043244",68.3,48.4
"123450","USC00043244",68.4,48.5
"123451","USC00043244",68.5,48.6
"123452","USC00043244",68.6,48.7
"123453","USC00043244",68.7,48.9
"123454","USC00043244",68.8,49
"123455","USC00043244",68.9,49.1
"123456","USC00043244",69,49.2
"123457","USC00043244",69,49.3
"123458","USC00043244",69.1,49.5
"123459","USC00043244",69.2,49.6
"123460","USC00043244",69.3,49.7
"123461","USC00043244",69.4,49.8
"123462","USC00043244",69.4,49.9
"123463","USC00043244",69.5,50.1
"123464","USC00043244",69.6,50.2
"123465","USC00043244",69.7,50.3
"123466","USC00043244",69.8,50.4
"123467","USC00043244",69.8,50.5
"123468","USC00043244",69.9,50.6
"123469","USC00043244",70,50.7
"123470","USC00043244",70.1,50.9
"123471","USC00043244",70.2,51
"123472","USC00043244",70.2,51.1
"123473","USC00043244",70.3,51.2
"123474","USC00043244",70.4,51.3
"123475","USC00043244",70.5,51.4
"123476","USC00043244",70.6,51.5
"123477","USC00043244",70.7,51.6
"123478","USC00043244",70.9,51.7
"123479","USC00043244",71,51.8
"123480","USC00043244",71.1,51.9
"123481","USC00043244",71.2,52
"123482","USC00043244",71.4,52.1
"123483","USC00043244",71.5,52.2
"123484","USC00043244",71.7,52.3
"123485","USC00043244",71.8,52.4
"123486","USC00043244",72,52.5
"123487","USC00043244",72.2,52.6
"123488","USC00043244",72.3,52.7
"123489","USC00043244",72.5,52.8
"123490","USC00043244",72.7,52.9
"123491","USC00043244",72.9,53
"123492","USC00043244",73.1,53.1
"123493","USC00043244",73.3,53.2
"123494","USC00043244",73.6,53.4
"123495","USC00043244",73.8,53.5
"123496","USC00043244",74,53.6
"123497","USC00043244",74.2,53.7
"123498","USC00043244",74.4,53.8
"123499","USC00043244",74.7,53.9
"123500","USC00043244",74.9,54
"123501","USC00043244",75.1,54.1
"123502","USC00043244",75.4,54.2
"123503","USC00043244",75.6,54.3
"123504","USC00043244",75.8,54.4
"123505","USC00043244",76,54.5
"123506","USC00043244",76.3,54.6
"123507","USC00043244",76.5,54.8
"123508","USC00043244",76.7,54.9
"123509","USC00043244",76.9,55
"123510","USC00043244",77.1,55.1
"123511","USC00043244",77.3,55.2
"123512","USC00043244",77.4,55.3
"123513","USC00043244",77.6,55.4
"123514","USC00043244",77.8,55.5
"123515","USC00043244",77.9,55.6
"123516","USC00043244",78,55.7
"123517","USC00043244",78.2,55.8
"123518","USC00043244",78.3,55.9
"123519","USC00043244",78.4,56
"123520","USC00043244",78.5,56.1
"123521","USC00043244",78.5,56.2
"123522","USC00043244",78.6,56.3
"123523","USC00043244",78.6,56.4
"123524","USC00043244",78.7,56.4
"123525","USC00043244",78.7,56.5
"123526","USC00043244",78.7,56.6
"123527","USC00043244",78.7,56.7
"123528","USC00043244",78.7,56.7
"123529","USC00043244",78.7,56.8
"123530","USC00043244",78.7,56.8
"123531","USC00043244",78.6,56.9
"123532","USC00043244",78.6,56.9
"123533","USC00043244",78.5,57
"123534","USC00043244",78.5,57
"123535","USC00043244",78.4,57.1
"123536","USC00043244",78.3,57.1
"123537","USC00043244",78.3,57.1
"123538","USC00043244",78.2,57.2
"123539","USC00043244",78.1,57.2
"123540","USC00043244",78,57.2
"123541","USC00043244",77.9,57.2
"123542","USC00043244",77.9,57.3
"123543","USC00043244",77.8,57.3
"123544","USC00043244",77.7,57.3
"123545","USC00043244",77.6,57.3
"123546","USC00043244",77.6,57.3
"123547","USC00043244",77.5,57.3
"123548","USC00043244",77.4,57.3
"123549","USC00043244",77.4,57.3
"123550","USC00043244",77.3,57.3
"123551","USC00043244",77.3,57.3
"123552","USC00043244",77.3,57.3
"123553","USC00043244",77.2,57.3
"123554","USC00043244",77.2,57.3
"123555","USC00043244",77.2,57.3
"123556","USC00043244",77.2,57.3
"123557","USC00043244",77.2,57.3
"123558","USC00043244",77.2,57.3
"123559","USC00043244",77.3,57.3
"123560","USC00043244",77.3,57.3
"123561","USC00043244",77.3,57.3
"123562","USC00043244",77.4,57.3
"123563","USC00043244",77.4,57.3
"123564","USC00043244",77.5,57.3
"123565","USC00043244",77.6,57.3
"123566","USC00043244",77.7,57.3
"123567","USC00043244",77.8,57.3
"123568","USC00043244",77.8,57.3
"123569","USC00043244",77.9,57.3
"123570","USC00043244",78,57.3
"123571","USC00043244",78.1,57.3
"123572","USC00043244",78.2,57.3
"123573","USC00043244",78.3,57.3
"123574","USC00043244",78.4,57.3
"123575","USC00043244",78.5,57.3
"123576","USC00043244",78.6,57.3
"123577","USC00043244",78.7,57.3
"123578","USC00043244",78.8,57.3
"123579","USC00043244",78.9,57.3
"123580","USC00043244",79,57.3
"123581","USC00043244",79.1,57.3
"123582","USC00043244",79.2,57.3
"123583","USC00043244",79.3,57.3
"123584","USC00043244",79.3,57.3
"123585","USC00043244",79.4,57.3
"123586","USC00043244",79.4,57.3
"123587","USC00043244",79.5,57.3
"123588","USC00043244",79.5,57.2
"123589","USC00043244",79.5,57.2
"123590","USC00043244",79.6,57.2
"123591","USC00043244",79.6,57.2
"123592","USC00043244",79.6,57.1
"123593","USC00043244",79.6,57.1
"123594","USC00043244",79.6,57
"123595","USC00043244",79.5,57
"123596","USC00043244",79.5,56.9
"123597","USC00043244",79.5,56.9
"123598","USC00043244",79.4,56.8
"123599","USC00043244",79.3,56.8
"123600","USC00043244",79.3,56.7
"123601","USC00043244",79.2,56.6
"123602","USC00043244",79.1,56.5
"123603","USC00043244",79,56.4
"123604","USC00043244",78.9,56.4
"123605","USC00043244",78.8,56.3
"123606","USC00043244",78.7,56.2
"123607","USC00043244",78.6,56.1
"123608","USC00043244",78.5,56
"123609","USC00043244",78.4,55.8
"123610","USC00043244",78.2,55.7
"123611","USC00043244",78.1,55.6
"123612","USC00043244",78,55.5
"123613","USC00043244",77.8,55.4
"123614","USC00043244",77.7,55.2
"123615","USC00043244",77.5,55.1
"123616","USC00043244",77.4,54.9
"123617","USC00043244",77.2,54.8
"123618","USC00043244",77.1,54.7
"123619","USC00043244",76.9,54.5
"123620","USC00043244",76.7,54.3
"123621","USC00043244",76.6,54.2
"123622","USC00043244",76.4,54
"123623","USC00043244",76.2,53.9
"123624","USC00043244",76,53.7
"123625","USC00043244",75.8,53.5
"123626","USC00043244",75.6,53.4
"123627","USC00043244",75.5,53.2
"123628","USC00043244",75.3,53
"123629","USC00043244",75.1,52.8
"123630","USC00043244",74.8,52.6
"123631","USC00043244",74.6,52.5
"123632","USC00043244",74.4,52.3
"123633","USC00043244",74.2,52.1
"123634","USC00043244",74,51.9
"123635","USC00043244",73.7,51.7
"123636","USC00043244",73.5,51.5
"123637","USC00043244",73.2,51.3
"123638","USC00043244",73,51.1
"123639","USC00043244",72.7,50.9
"123640","USC00043244",72.5,50.7
"123641","USC00043244",72.2,50.5
"123642","USC00043244",71.9,50.3
"123643","USC00043244",71.6,50.1
"123644","USC00043244",71.3,49.9
"123645","USC00043244",71,49.7
"123646","USC00043244",70.7,49.5
"123647","USC00043244",70.4,49.3
"123648","USC00043244",70.1,49.1
"123649","USC00043244",69.8,48.9
"123650","USC00043244",69.5,48.7
"123651","USC00043244",69.1,48.5
"123652","USC00043244",68.8,48.3
"123653","USC00043244",68.5,48.1
"123654","USC00043244",68.1,47.9
"123655","USC00043244",67.8,47.6
"123656","USC00043244",67.4,47.4
"123657","USC00043244",67.1,47.2
"123658","USC00043244",66.7,47
"123659","USC00043244",66.4,46.8
"123660","USC00043244",66,46.6
"123661","USC00043244",65.7,46.4
"123662","USC00043244",65.4,46.2
"123663","USC00043244",65,46
"123664","USC00043244",64.7,45.8
"123665","USC00043244",64.3,45.6
"123666","USC00043244",64,45.4
"123667","USC00043244",63.7,45.3
"123668","USC00043244",63.4,45.1
"123669","USC00043244",63.1,44.9
"123670","USC00043244",62.8,44.7
"123671","USC00043244",62.5,44.5
"123672","USC00043244",62.2,44.4
"123673","USC00043244",61.9,44.2
"123674","USC00043244",61.6,44.1
"123675","USC00043244",61.4,43.9
"123676","USC00043244",61.1,43.7
"123677","USC00043244",60.9,43.6
"123678","USC00043244",60.7,43.5
"123679","USC00043244",60.5,43.3
"123680","USC00043244",60.2,43.2
"123681","USC00043244",60.1,43.1
"123682","USC00043244",59.9,43
"123683","USC00043244",59.7,42.8
"123684","USC00043244",59.5,42.7
"123685","USC00043244",59.4,42.6
"123686","USC00043244",59.2,42.5
"123687","USC00043244",59.1,42.4
"123688","USC00043244",59,42.4
"123689","USC00043244",58.9,42.3
"123690","USC00043244",58.8,42.2
"123691","USC00043244",58.7,42.1
"123692","USC00043244",58.6,42.1
"123693","USC00043244",58.6,42
"123694","USC00043244",58.5,41.9
"123695","USC00043244",58.4,41.9
"123696","USC00043244",58.4,41.9
"123697","USC00043244",58.4,41.8
"123698","USC00043244",58.3,41.8
"123699","USC00043244",58.3,41.7
"123700","USC00043244",58.3,41.7
"123701","USC00043244",58.3,41.7
"123702","USC00043244",58.3,41.7
"123703","USC00043244",58.3,41.7
"123704","USC00043244",58.3,41.7
"123705","USC00043244",58.3,41.6
"123706","USC00043244",58.3,41.6
"123707","USC00043244",58.3,41.6
"123708","USC00043244",58.3,41.6
"123709","USC00043256",60.3,36.9
"123710","USC00043256",60.3,36.9
"123711","USC00043256",60.4,36.9
"123712","USC00043256",60.5,37
"123713","USC00043256",60.5,37
"123714","USC00043256",60.6,37.1
"123715","USC00043256",60.7,37.1
"123716","USC00043256",60.8,37.2
"123717","USC00043256",60.9,37.2
"123718","USC00043256",61,37.3
"123719","USC00043256",61.1,37.3
"123720","USC00043256",61.2,37.4
"123721","USC00043256",61.3,37.5
"123722","USC00043256",61.4,37.5
"123723","USC00043256",61.5,37.6
"123724","USC00043256",61.6,37.7
"123725","USC00043256",61.7,37.8
"123726","USC00043256",61.8,37.8
"123727","USC00043256",61.9,37.9
"123728","USC00043256",62,38
"123729","USC00043256",62.1,38.1
"123730","USC00043256",62.3,38.2
"123731","USC00043256",62.4,38.3
"123732","USC00043256",62.5,38.4
"123733","USC00043256",62.7,38.5
"123734","USC00043256",62.8,38.6
"123735","USC00043256",63,38.7
"123736","USC00043256",63.2,38.8
"123737","USC00043256",63.3,38.9
"123738","USC00043256",63.5,39
"123739","USC00043256",63.7,39.2
"123740","USC00043256",63.9,39.3
"123741","USC00043256",64,39.4
"123742","USC00043256",64.2,39.6
"123743","USC00043256",64.4,39.7
"123744","USC00043256",64.7,39.8
"123745","USC00043256",64.9,40
"123746","USC00043256",65.1,40.1
"123747","USC00043256",65.3,40.2
"123748","USC00043256",65.5,40.4
"123749","USC00043256",65.8,40.5
"123750","USC00043256",66,40.7
"123751","USC00043256",66.3,40.8
"123752","USC00043256",66.5,41
"123753","USC00043256",66.7,41.1
"123754","USC00043256",67,41.3
"123755","USC00043256",67.2,41.4
"123756","USC00043256",67.5,41.6
"123757","USC00043256",67.7,41.7
"123758","USC00043256",68,41.9
"123759","USC00043256",68.2,42
"123760","USC00043256",68.5,42.2
"123761","USC00043256",68.7,42.3
"123762","USC00043256",68.9,42.4
"123763","USC00043256",69.2,42.6
"123764","USC00043256",69.4,42.7
"123765","USC00043256",69.6,42.8
"123766","USC00043256",69.8,43
"123767","USC00043256",70.1,43.1
"123768","USC00043256",70.2,43.1
"123769","USC00043256",70.3,43.2
"123770","USC00043256",70.5,43.3
"123771","USC00043256",70.7,43.4
"123772","USC00043256",70.9,43.6
"123773","USC00043256",71.1,43.7
"123774","USC00043256",71.2,43.8
"123775","USC00043256",71.4,43.9
"123776","USC00043256",71.6,44
"123777","USC00043256",71.8,44.1
"123778","USC00043256",71.9,44.2
"123779","USC00043256",72.1,44.3
"123780","USC00043256",72.2,44.4
"123781","USC00043256",72.4,44.5
"123782","USC00043256",72.5,44.6
"123783","USC00043256",72.7,44.7
"123784","USC00043256",72.8,44.8
"123785","USC00043256",73,44.9
"123786","USC00043256",73.1,45
"123787","USC00043256",73.3,45.1
"123788","USC00043256",73.4,45.2
"123789","USC00043256",73.6,45.3
"123790","USC00043256",73.7,45.4
"123791","USC00043256",73.9,45.5
"123792","USC00043256",74,45.6
"123793","USC00043256",74.2,45.7
"123794","USC00043256",74.3,45.8
"123795","USC00043256",74.5,46
"123796","USC00043256",74.7,46.1
"123797","USC00043256",74.8,46.3
"123798","USC00043256",75,46.4
"123799","USC00043256",75.2,46.6
"123800","USC00043256",75.4,46.7
"123801","USC00043256",75.6,46.9
"123802","USC00043256",75.8,47.1
"123803","USC00043256",76,47.2
"123804","USC00043256",76.2,47.4
"123805","USC00043256",76.5,47.6
"123806","USC00043256",76.7,47.8
"123807","USC00043256",76.9,48
"123808","USC00043256",77.2,48.2
"123809","USC00043256",77.4,48.4
"123810","USC00043256",77.7,48.6
"123811","USC00043256",77.9,48.8
"123812","USC00043256",78.2,49.1
"123813","USC00043256",78.5,49.3
"123814","USC00043256",78.7,49.5
"123815","USC00043256",79,49.7
"123816","USC00043256",79.3,50
"123817","USC00043256",79.6,50.2
"123818","USC00043256",79.9,50.4
"123819","USC00043256",80.2,50.7
"123820","USC00043256",80.4,50.9
"123821","USC00043256",80.7,51.1
"123822","USC00043256",81,51.4
"123823","USC00043256",81.3,51.6
"123824","USC00043256",81.6,51.8
"123825","USC00043256",81.9,52.1
"123826","USC00043256",82.2,52.3
"123827","USC00043256",82.4,52.5
"123828","USC00043256",82.7,52.7
"123829","USC00043256",83,52.9
"123830","USC00043256",83.3,53.1
"123831","USC00043256",83.5,53.3
"123832","USC00043256",83.8,53.5
"123833","USC00043256",84.1,53.7
"123834","USC00043256",84.3,53.9
"123835","USC00043256",84.6,54.1
"123836","USC00043256",84.9,54.3
"123837","USC00043256",85.1,54.5
"123838","USC00043256",85.4,54.7
"123839","USC00043256",85.6,54.9
"123840","USC00043256",85.9,55
"123841","USC00043256",86.2,55.2
"123842","USC00043256",86.4,55.4
"123843","USC00043256",86.7,55.5
"123844","USC00043256",86.9,55.7
"123845","USC00043256",87.2,55.9
"123846","USC00043256",87.5,56.1
"123847","USC00043256",87.7,56.2
"123848","USC00043256",88,56.4
"123849","USC00043256",88.3,56.6
"123850","USC00043256",88.6,56.7
"123851","USC00043256",88.8,56.9
"123852","USC00043256",89.1,57.1
"123853","USC00043256",89.4,57.3
"123854","USC00043256",89.7,57.5
"123855","USC00043256",90,57.7
"123856","USC00043256",90.4,57.9
"123857","USC00043256",90.7,58.1
"123858","USC00043256",91,58.3
"123859","USC00043256",91.3,58.5
"123860","USC00043256",91.7,58.7
"123861","USC00043256",92,58.9
"123862","USC00043256",92.4,59.2
"123863","USC00043256",92.8,59.4
"123864","USC00043256",93.1,59.7
"123865","USC00043256",93.5,59.9
"123866","USC00043256",93.9,60.2
"123867","USC00043256",94.3,60.4
"123868","USC00043256",94.7,60.7
"123869","USC00043256",95,61
"123870","USC00043256",95.4,61.2
"123871","USC00043256",95.8,61.5
"123872","USC00043256",96.2,61.8
"123873","USC00043256",96.6,62.1
"123874","USC00043256",97,62.4
"123875","USC00043256",97.4,62.7
"123876","USC00043256",97.8,62.9
"123877","USC00043256",98.1,63.2
"123878","USC00043256",98.5,63.5
"123879","USC00043256",98.9,63.8
"123880","USC00043256",99.2,64.1
"123881","USC00043256",99.6,64.4
"123882","USC00043256",99.9,64.6
"123883","USC00043256",100.2,64.9
"123884","USC00043256",100.5,65.2
"123885","USC00043256",100.8,65.4
"123886","USC00043256",101.1,65.7
"123887","USC00043256",101.4,65.9
"123888","USC00043256",101.7,66.2
"123889","USC00043256",101.9,66.4
"123890","USC00043256",102.1,66.6
"123891","USC00043256",102.3,66.8
"123892","USC00043256",102.5,67
"123893","USC00043256",102.7,67.2
"123894","USC00043256",102.8,67.4
"123895","USC00043256",103,67.5
"123896","USC00043256",103.1,67.7
"123897","USC00043256",103.2,67.8
"123898","USC00043256",103.3,68
"123899","USC00043256",103.4,68.1
"123900","USC00043256",103.4,68.2
"123901","USC00043256",103.5,68.3
"123902","USC00043256",103.5,68.4
"123903","USC00043256",103.5,68.4
"123904","USC00043256",103.5,68.5
"123905","USC00043256",103.5,68.5
"123906","USC00043256",103.5,68.6
"123907","USC00043256",103.5,68.6
"123908","USC00043256",103.4,68.6
"123909","USC00043256",103.4,68.6
"123910","USC00043256",103.3,68.6
"123911","USC00043256",103.3,68.6
"123912","USC00043256",103.2,68.6
"123913","USC00043256",103.1,68.6
"123914","USC00043256",103,68.6
"123915","USC00043256",103,68.5
"123916","USC00043256",102.9,68.5
"123917","USC00043256",102.8,68.5
"123918","USC00043256",102.7,68.4
"123919","USC00043256",102.6,68.4
"123920","USC00043256",102.6,68.3
"123921","USC00043256",102.5,68.3
"123922","USC00043256",102.4,68.2
"123923","USC00043256",102.3,68.2
"123924","USC00043256",102.2,68.1
"123925","USC00043256",102.2,68.1
"123926","USC00043256",102.1,68
"123927","USC00043256",102.1,68
"123928","USC00043256",102,67.9
"123929","USC00043256",101.9,67.9
"123930","USC00043256",101.9,67.8
"123931","USC00043256",101.8,67.8
"123932","USC00043256",101.8,67.7
"123933","USC00043256",101.7,67.6
"123934","USC00043256",101.7,67.6
"123935","USC00043256",101.7,67.5
"123936","USC00043256",101.6,67.5
"123937","USC00043256",101.6,67.4
"123938","USC00043256",101.5,67.3
"123939","USC00043256",101.5,67.3
"123940","USC00043256",101.4,67.2
"123941","USC00043256",101.4,67.1
"123942","USC00043256",101.3,67
"123943","USC00043256",101.2,67
"123944","USC00043256",101.2,66.9
"123945","USC00043256",101.1,66.8
"123946","USC00043256",101,66.7
"123947","USC00043256",100.9,66.6
"123948","USC00043256",100.8,66.5
"123949","USC00043256",100.7,66.4
"123950","USC00043256",100.6,66.2
"123951","USC00043256",100.5,66.1
"123952","USC00043256",100.3,66
"123953","USC00043256",100.2,65.8
"123954","USC00043256",100,65.6
"123955","USC00043256",99.8,65.5
"123956","USC00043256",99.7,65.3
"123957","USC00043256",99.5,65.1
"123958","USC00043256",99.3,64.9
"123959","USC00043256",99,64.7
"123960","USC00043256",98.8,64.5
"123961","USC00043256",98.6,64.3
"123962","USC00043256",98.3,64.1
"123963","USC00043256",98,63.8
"123964","USC00043256",97.8,63.6
"123965","USC00043256",97.5,63.3
"123966","USC00043256",97.2,63.1
"123967","USC00043256",96.9,62.8
"123968","USC00043256",96.5,62.5
"123969","USC00043256",96.2,62.2
"123970","USC00043256",95.9,61.9
"123971","USC00043256",95.5,61.6
"123972","USC00043256",95.2,61.3
"123973","USC00043256",94.9,61
"123974","USC00043256",94.5,60.7
"123975","USC00043256",94.1,60.4
"123976","USC00043256",93.8,60.1
"123977","USC00043256",93.4,59.8
"123978","USC00043256",93,59.4
"123979","USC00043256",92.7,59.1
"123980","USC00043256",92.3,58.8
"123981","USC00043256",91.9,58.5
"123982","USC00043256",91.6,58.2
"123983","USC00043256",91.2,57.8
"123984","USC00043256",90.8,57.5
"123985","USC00043256",90.5,57.2
"123986","USC00043256",90.1,56.9
"123987","USC00043256",89.7,56.6
"123988","USC00043256",89.3,56.2
"123989","USC00043256",89,55.9
"123990","USC00043256",88.6,55.6
"123991","USC00043256",88.2,55.3
"123992","USC00043256",87.9,55
"123993","USC00043256",87.5,54.7
"123994","USC00043256",87.1,54.4
"123995","USC00043256",86.8,54.1
"123996","USC00043256",86.4,53.8
"123997","USC00043256",86,53.5
"123998","USC00043256",85.6,53.2
"123999","USC00043256",85.3,53
"124000","USC00043256",84.9,52.7
"124001","USC00043256",84.5,52.4
"124002","USC00043256",84.1,52.1
"124003","USC00043256",83.7,51.8
"124004","USC00043256",83.3,51.5
"124005","USC00043256",82.9,51.2
"124006","USC00043256",82.5,51
"124007","USC00043256",82,50.7
"124008","USC00043256",81.6,50.4
"124009","USC00043256",81.2,50.1
"124010","USC00043256",80.7,49.8
"124011","USC00043256",80.2,49.5
"124012","USC00043256",79.8,49.2
"124013","USC00043256",79.3,48.9
"124014","USC00043256",78.8,48.7
"124015","USC00043256",78.3,48.4
"124016","USC00043256",77.8,48.1
"124017","USC00043256",77.3,47.8
"124018","USC00043256",76.8,47.5
"124019","USC00043256",76.3,47.1
"124020","USC00043256",75.8,46.8
"124021","USC00043256",75.3,46.5
"124022","USC00043256",74.7,46.2
"124023","USC00043256",74.2,45.9
"124024","USC00043256",73.6,45.6
"124025","USC00043256",73.1,45.3
"124026","USC00043256",72.6,45
"124027","USC00043256",72,44.6
"124028","USC00043256",71.5,44.3
"124029","USC00043256",70.9,44
"124030","USC00043256",70.4,43.7
"124031","USC00043256",69.9,43.4
"124032","USC00043256",69.3,43.1
"124033","USC00043256",68.8,42.7
"124034","USC00043256",68.3,42.4
"124035","USC00043256",67.8,42.1
"124036","USC00043256",67.3,41.8
"124037","USC00043256",66.8,41.6
"124038","USC00043256",66.3,41.3
"124039","USC00043256",65.9,41
"124040","USC00043256",65.4,40.7
"124041","USC00043256",65,40.4
"124042","USC00043256",64.6,40.2
"124043","USC00043256",64.2,39.9
"124044","USC00043256",63.8,39.7
"124045","USC00043256",63.4,39.4
"124046","USC00043256",63.1,39.2
"124047","USC00043256",62.7,39
"124048","USC00043256",62.4,38.8
"124049","USC00043256",62.1,38.6
"124050","USC00043256",61.9,38.4
"124051","USC00043256",61.6,38.2
"124052","USC00043256",61.4,38.1
"124053","USC00043256",61.2,37.9
"124054","USC00043256",61,37.8
"124055","USC00043256",60.8,37.7
"124056","USC00043256",60.6,37.5
"124057","USC00043256",60.5,37.4
"124058","USC00043256",60.4,37.3
"124059","USC00043256",60.3,37.2
"124060","USC00043256",60.2,37.1
"124061","USC00043256",60.1,37.1
"124062","USC00043256",60.1,37
"124063","USC00043256",60,36.9
"124064","USC00043256",60,36.9
"124065","USC00043256",60,36.9
"124066","USC00043256",59.9,36.8
"124067","USC00043256",59.9,36.8
"124068","USC00043256",60,36.8
"124069","USC00043256",60,36.8
"124070","USC00043256",60,36.8
"124071","USC00043256",60,36.8
"124072","USC00043256",60.1,36.8
"124073","USC00043256",60.1,36.8
"124074","USC00043256",60.2,36.8
"133225","USC00044303",69.4,48.6
"133226","USC00044303",69.5,48.6
"133227","USC00044303",69.6,48.7
"133228","USC00044303",69.7,48.8
"133229","USC00044303",69.8,48.8
"133230","USC00044303",69.9,48.9
"133231","USC00044303",70,48.9
"133232","USC00044303",70.1,49
"133233","USC00044303",70.2,49
"133234","USC00044303",70.3,49.1
"133235","USC00044303",70.4,49.1
"133236","USC00044303",70.4,49.1
"133237","USC00044303",70.5,49.1
"133238","USC00044303",70.5,49.1
"133239","USC00044303",70.6,49.1
"133240","USC00044303",70.6,49.1
"133241","USC00044303",70.7,49.1
"133242","USC00044303",70.7,49
"133243","USC00044303",70.7,49
"133244","USC00044303",70.7,48.9
"133245","USC00044303",70.7,48.9
"133246","USC00044303",70.7,48.8
"133247","USC00044303",70.7,48.8
"133248","USC00044303",70.7,48.7
"133249","USC00044303",70.7,48.6
"133250","USC00044303",70.7,48.5
"133251","USC00044303",70.7,48.5
"133252","USC00044303",70.7,48.4
"133253","USC00044303",70.7,48.3
"133254","USC00044303",70.7,48.2
"133255","USC00044303",70.7,48.1
"133256","USC00044303",70.7,48.1
"133257","USC00044303",70.7,48
"133258","USC00044303",70.7,47.9
"133259","USC00044303",70.7,47.8
"133260","USC00044303",70.7,47.8
"133261","USC00044303",70.8,47.7
"133262","USC00044303",70.8,47.6
"133263","USC00044303",70.8,47.6
"133264","USC00044303",70.9,47.5
"133265","USC00044303",70.9,47.5
"133266","USC00044303",70.9,47.5
"133267","USC00044303",71,47.5
"133268","USC00044303",71.1,47.4
"133269","USC00044303",71.1,47.4
"133270","USC00044303",71.2,47.4
"133271","USC00044303",71.3,47.5
"133272","USC00044303",71.3,47.5
"133273","USC00044303",71.4,47.5
"133274","USC00044303",71.5,47.5
"133275","USC00044303",71.6,47.6
"133276","USC00044303",71.7,47.6
"133277","USC00044303",71.8,47.7
"133278","USC00044303",71.9,47.8
"133279","USC00044303",72,47.9
"133280","USC00044303",72.1,47.9
"133281","USC00044303",72.2,48
"133282","USC00044303",72.3,48.1
"133283","USC00044303",72.4,48.2
"133284","USC00044303",72.4,48.3
"133285","USC00044303",72.5,48.3
"133286","USC00044303",72.6,48.4
"133287","USC00044303",72.7,48.5
"133288","USC00044303",72.8,48.7
"133289","USC00044303",72.9,48.8
"133290","USC00044303",73,48.9
"133291","USC00044303",73.1,49
"133292","USC00044303",73.2,49.1
"133293","USC00044303",73.3,49.2
"133294","USC00044303",73.4,49.3
"133295","USC00044303",73.5,49.4
"133296","USC00044303",73.6,49.5
"133297","USC00044303",73.6,49.6
"133298","USC00044303",73.7,49.7
"133299","USC00044303",73.8,49.8
"133300","USC00044303",73.9,49.9
"133301","USC00044303",74,50
"133302","USC00044303",74.1,50.1
"133303","USC00044303",74.2,50.2
"133304","USC00044303",74.3,50.3
"133305","USC00044303",74.3,50.3
"133306","USC00044303",74.4,50.4
"133307","USC00044303",74.5,50.5
"133308","USC00044303",74.6,50.5
"133309","USC00044303",74.7,50.6
"133310","USC00044303",74.8,50.6
"133311","USC00044303",74.9,50.7
"133312","USC00044303",75,50.7
"133313","USC00044303",75.1,50.8
"133314","USC00044303",75.2,50.8
"133315","USC00044303",75.3,50.9
"133316","USC00044303",75.4,50.9
"133317","USC00044303",75.5,51
"133318","USC00044303",75.6,51
"133319","USC00044303",75.8,51.1
"133320","USC00044303",75.9,51.1
"133321","USC00044303",76,51.2
"133322","USC00044303",76.1,51.2
"133323","USC00044303",76.3,51.3
"133324","USC00044303",76.4,51.3
"133325","USC00044303",76.5,51.4
"133326","USC00044303",76.6,51.5
"133327","USC00044303",76.8,51.5
"133328","USC00044303",76.9,51.6
"133329","USC00044303",77,51.7
"133330","USC00044303",77.1,51.8
"133331","USC00044303",77.3,51.9
"133332","USC00044303",77.4,52
"133333","USC00044303",77.5,52.1
"133334","USC00044303",77.6,52.2
"133335","USC00044303",77.7,52.3
"133336","USC00044303",77.8,52.4
"133337","USC00044303",77.9,52.5
"133338","USC00044303",78,52.7
"133339","USC00044303",78.1,52.8
"133340","USC00044303",78.2,52.9
"133341","USC00044303",78.2,53.1
"133342","USC00044303",78.3,53.2
"133343","USC00044303",78.3,53.4
"133344","USC00044303",78.4,53.5
"133345","USC00044303",78.4,53.7
"133346","USC00044303",78.5,53.8
"133347","USC00044303",78.5,54
"133348","USC00044303",78.5,54.1
"133349","USC00044303",78.5,54.3
"133350","USC00044303",78.5,54.4
"133351","USC00044303",78.5,54.6
"133352","USC00044303",78.5,54.7
"133353","USC00044303",78.5,54.9
"133354","USC00044303",78.5,55
"133355","USC00044303",78.5,55.1
"133356","USC00044303",78.5,55.3
"133357","USC00044303",78.5,55.4
"133358","USC00044303",78.5,55.5
"133359","USC00044303",78.5,55.7
"133360","USC00044303",78.4,55.8
"133361","USC00044303",78.4,55.9
"133362","USC00044303",78.4,56
"133363","USC00044303",78.4,56.2
"133364","USC00044303",78.4,56.3
"133365","USC00044303",78.5,56.4
"133366","USC00044303",78.5,56.5
"133367","USC00044303",78.5,56.6
"133368","USC00044303",78.6,56.7
"133369","USC00044303",78.6,56.8
"133370","USC00044303",78.7,56.9
"133371","USC00044303",78.7,57
"133372","USC00044303",78.8,57.1
"133373","USC00044303",78.9,57.1
"133374","USC00044303",79.1,57.2
"133375","USC00044303",79.2,57.3
"133376","USC00044303",79.3,57.4
"133377","USC00044303",79.5,57.5
"133378","USC00044303",79.7,57.6
"133379","USC00044303",79.9,57.7
"133380","USC00044303",80.1,57.8
"133381","USC00044303",80.3,57.9
"133382","USC00044303",80.5,58
"133383","USC00044303",80.7,58.1
"133384","USC00044303",81,58.2
"133385","USC00044303",81.3,58.3
"133386","USC00044303",81.5,58.4
"133387","USC00044303",81.8,58.5
"133388","USC00044303",82.1,58.6
"133389","USC00044303",82.4,58.7
"133390","USC00044303",82.7,58.9
"133391","USC00044303",83,59
"133392","USC00044303",83.4,59.1
"133393","USC00044303",83.7,59.3
"133394","USC00044303",84,59.4
"133395","USC00044303",84.3,59.6
"133396","USC00044303",84.6,59.7
"133397","USC00044303",84.9,59.9
"133398","USC00044303",85.3,60
"133399","USC00044303",85.6,60.2
"133400","USC00044303",85.8,60.3
"133401","USC00044303",86.1,60.5
"133402","USC00044303",86.4,60.7
"133403","USC00044303",86.7,60.8
"133404","USC00044303",86.9,61
"133405","USC00044303",87.2,61.1
"133406","USC00044303",87.4,61.3
"133407","USC00044303",87.6,61.5
"133408","USC00044303",87.8,61.6
"133409","USC00044303",88,61.8
"133410","USC00044303",88.2,61.9
"133411","USC00044303",88.4,62.1
"133412","USC00044303",88.5,62.2
"133413","USC00044303",88.7,62.3
"133414","USC00044303",88.8,62.5
"133415","USC00044303",88.9,62.6
"133416","USC00044303",89,62.7
"133417","USC00044303",89.1,62.8
"133418","USC00044303",89.1,62.9
"133419","USC00044303",89.2,63
"133420","USC00044303",89.2,63.1
"133421","USC00044303",89.3,63.2
"133422","USC00044303",89.3,63.3
"133423","USC00044303",89.3,63.3
"133424","USC00044303",89.3,63.4
"133425","USC00044303",89.3,63.5
"133426","USC00044303",89.3,63.5
"133427","USC00044303",89.3,63.5
"133428","USC00044303",89.3,63.6
"133429","USC00044303",89.3,63.6
"133430","USC00044303",89.3,63.6
"133431","USC00044303",89.3,63.6
"133432","USC00044303",89.3,63.6
"133433","USC00044303",89.3,63.6
"133434","USC00044303",89.3,63.6
"133435","USC00044303",89.3,63.6
"133436","USC00044303",89.3,63.6
"133437","USC00044303",89.4,63.6
"133438","USC00044303",89.4,63.6
"133439","USC00044303",89.4,63.6
"133440","USC00044303",89.5,63.5
"133441","USC00044303",89.5,63.5
"133442","USC00044303",89.6,63.5
"133443","USC00044303",89.6,63.5
"133444","USC00044303",89.7,63.4
"133445","USC00044303",89.8,63.4
"133446","USC00044303",89.8,63.4
"133447","USC00044303",89.9,63.4
"133448","USC00044303",90,63.4
"133449","USC00044303",90.1,63.3
"133450","USC00044303",90.2,63.3
"133451","USC00044303",90.3,63.3
"133452","USC00044303",90.4,63.3
"133453","USC00044303",90.5,63.3
"133454","USC00044303",90.6,63.2
"133455","USC00044303",90.7,63.2
"133456","USC00044303",90.8,63.2
"133457","USC00044303",90.9,63.2
"133458","USC00044303",91,63.2
"133459","USC00044303",91.1,63.2
"133460","USC00044303",91.2,63.2
"133461","USC00044303",91.3,63.2
"133462","USC00044303",91.3,63.2
"133463","USC00044303",91.4,63.2
"133464","USC00044303",91.4,63.2
"133465","USC00044303",91.5,63.1
"133466","USC00044303",91.5,63.1
"133467","USC00044303",91.5,63.1
"133468","USC00044303",91.5,63.1
"133469","USC00044303",91.4,63.1
"133470","USC00044303",91.4,63.1
"133471","USC00044303",91.4,63.1
"133472","USC00044303",91.3,63
"133473","USC00044303",91.2,63
"133474","USC00044303",91.1,63
"133475","USC00044303",91,63
"133476","USC00044303",90.9,62.9
"133477","USC00044303",90.7,62.9
"133478","USC00044303",90.6,62.8
"133479","USC00044303",90.4,62.8
"133480","USC00044303",90.3,62.7
"133481","USC00044303",90.1,62.7
"133482","USC00044303",89.9,62.6
"133483","USC00044303",89.7,62.5
"133484","USC00044303",89.5,62.4
"133485","USC00044303",89.2,62.4
"133486","USC00044303",89,62.3
"133487","USC00044303",88.8,62.2
"133488","USC00044303",88.5,62.1
"133489","USC00044303",88.3,62
"133490","USC00044303",88.1,61.9
"133491","USC00044303",87.8,61.8
"133492","USC00044303",87.6,61.6
"133493","USC00044303",87.4,61.5
"133494","USC00044303",87.1,61.4
"133495","USC00044303",86.9,61.3
"133496","USC00044303",86.7,61.2
"133497","USC00044303",86.5,61
"133498","USC00044303",86.3,60.9
"133499","USC00044303",86.1,60.8
"133500","USC00044303",85.9,60.6
"133501","USC00044303",85.7,60.5
"133502","USC00044303",85.5,60.4
"133503","USC00044303",85.3,60.2
"133504","USC00044303",85.2,60.1
"133505","USC00044303",85,60
"133506","USC00044303",84.9,59.8
"133507","USC00044303",84.7,59.7
"133508","USC00044303",84.6,59.6
"133509","USC00044303",84.5,59.4
"133510","USC00044303",84.3,59.3
"133511","USC00044303",84.2,59.1
"133512","USC00044303",84.1,59
"133513","USC00044303",84,58.9
"133514","USC00044303",83.9,58.7
"133515","USC00044303",83.8,58.6
"133516","USC00044303",83.7,58.5
"133517","USC00044303",83.6,58.3
"133518","USC00044303",83.5,58.2
"133519","USC00044303",83.3,58
"133520","USC00044303",83.2,57.9
"133521","USC00044303",83.1,57.8
"133522","USC00044303",83,57.6
"133523","USC00044303",82.8,57.5
"133524","USC00044303",82.7,57.3
"133525","USC00044303",82.5,57.1
"133526","USC00044303",82.3,57
"133527","USC00044303",82.1,56.8
"133528","USC00044303",81.9,56.6
"133529","USC00044303",81.7,56.5
"133530","USC00044303",81.5,56.3
"133531","USC00044303",81.3,56.1
"133532","USC00044303",81,55.9
"133533","USC00044303",80.7,55.7
"133534","USC00044303",80.4,55.5
"133535","USC00044303",80.1,55.3
"133536","USC00044303",79.8,55.1
"133537","USC00044303",79.5,54.9
"133538","USC00044303",79.2,54.6
"133539","USC00044303",78.8,54.4
"133540","USC00044303",78.4,54.2
"133541","USC00044303",78.1,53.9
"133542","USC00044303",77.7,53.7
"133543","USC00044303",77.3,53.4
"133544","USC00044303",76.9,53.2
"133545","USC00044303",76.5,52.9
"133546","USC00044303",76.1,52.7
"133547","USC00044303",75.6,52.4
"133548","USC00044303",75.2,52.2
"133549","USC00044303",74.8,51.9
"133550","USC00044303",74.4,51.7
"133551","USC00044303",74,51.4
"133552","USC00044303",73.6,51.2
"133553","USC00044303",73.2,50.9
"133554","USC00044303",72.8,50.7
"133555","USC00044303",72.4,50.4
"133556","USC00044303",72,50.2
"133557","USC00044303",71.6,50
"133558","USC00044303",71.3,49.8
"133559","USC00044303",70.9,49.6
"133560","USC00044303",70.6,49.4
"133561","USC00044303",70.3,49.2
"133562","USC00044303",70,49
"133563","USC00044303",69.8,48.8
"133564","USC00044303",69.5,48.7
"133565","USC00044303",69.3,48.5
"133566","USC00044303",69.1,48.4
"133567","USC00044303",68.9,48.3
"133568","USC00044303",68.7,48.2
"133569","USC00044303",68.6,48.1
"133570","USC00044303",68.5,48
"133571","USC00044303",68.4,47.9
"133572","USC00044303",68.3,47.9
"133573","USC00044303",68.2,47.8
"133574","USC00044303",68.2,47.8
"133575","USC00044303",68.1,47.8
"133576","USC00044303",68.1,47.8
"133577","USC00044303",68.1,47.8
"133578","USC00044303",68.2,47.8
"133579","USC00044303",68.2,47.8
"133580","USC00044303",68.3,47.8
"133581","USC00044303",68.3,47.9
"133582","USC00044303",68.4,47.9
"133583","USC00044303",68.5,48
"133584","USC00044303",68.6,48
"133585","USC00044303",68.7,48.1
"133586","USC00044303",68.8,48.2
"133587","USC00044303",68.9,48.3
"133588","USC00044303",69,48.3
"133589","USC00044303",69.1,48.4
"133590","USC00044303",69.3,48.5
"147499","USC00046336",60.1,44.3
"147500","USC00046336",60.1,44.4
"147501","USC00046336",60.2,44.4
"147502","USC00046336",60.2,44.4
"147503","USC00046336",60.3,44.5
"147504","USC00046336",60.4,44.5
"147505","USC00046336",60.4,44.6
"147506","USC00046336",60.5,44.6
"147507","USC00046336",60.6,44.7
"147508","USC00046336",60.6,44.7
"147509","USC00046336",60.7,44.8
"147510","USC00046336",60.8,44.8
"147511","USC00046336",60.8,44.9
"147512","USC00046336",60.9,44.9
"147513","USC00046336",61,45
"147514","USC00046336",61.1,45.1
"147515","USC00046336",61.1,45.1
"147516","USC00046336",61.2,45.2
"147517","USC00046336",61.3,45.3
"147518","USC00046336",61.4,45.3
"147519","USC00046336",61.5,45.4
"147520","USC00046336",61.5,45.4
"147521","USC00046336",61.6,45.5
"147522","USC00046336",61.7,45.6
"147523","USC00046336",61.8,45.6
"147524","USC00046336",61.9,45.7
"147525","USC00046336",61.9,45.8
"147526","USC00046336",62,45.8
"147527","USC00046336",62.1,45.9
"147528","USC00046336",62.2,45.9
"147529","USC00046336",62.3,46
"147530","USC00046336",62.3,46
"147531","USC00046336",62.4,46.1
"147532","USC00046336",62.5,46.2
"147533","USC00046336",62.6,46.2
"147534","USC00046336",62.7,46.3
"147535","USC00046336",62.7,46.3
"147536","USC00046336",62.8,46.4
"147537","USC00046336",62.9,46.4
"147538","USC00046336",63,46.4
"147539","USC00046336",63,46.5
"147540","USC00046336",63.1,46.5
"147541","USC00046336",63.2,46.6
"147542","USC00046336",63.3,46.6
"147543","USC00046336",63.3,46.7
"147544","USC00046336",63.4,46.7
"147545","USC00046336",63.5,46.8
"147546","USC00046336",63.5,46.8
"147547","USC00046336",63.6,46.9
"147548","USC00046336",63.6,46.9
"147549","USC00046336",63.7,47
"147550","USC00046336",63.7,47
"147551","USC00046336",63.8,47
"147552","USC00046336",63.8,47.1
"147553","USC00046336",63.9,47.1
"147554","USC00046336",63.9,47.2
"147555","USC00046336",64,47.2
"147556","USC00046336",64,47.3
"147557","USC00046336",64.1,47.4
"147558","USC00046336",64.1,47.4
"147559","USC00046336",64.1,47.4
"147560","USC00046336",64.1,47.5
"147561","USC00046336",64.2,47.5
"147562","USC00046336",64.2,47.6
"147563","USC00046336",64.3,47.6
"147564","USC00046336",64.3,47.7
"147565","USC00046336",64.4,47.8
"147566","USC00046336",64.4,47.8
"147567","USC00046336",64.4,47.9
"147568","USC00046336",64.5,48
"147569","USC00046336",64.5,48
"147570","USC00046336",64.6,48.1
"147571","USC00046336",64.6,48.2
"147572","USC00046336",64.7,48.2
"147573","USC00046336",64.7,48.3
"147574","USC00046336",64.8,48.4
"147575","USC00046336",64.9,48.4
"147576","USC00046336",64.9,48.5
"147577","USC00046336",65,48.6
"147578","USC00046336",65.1,48.7
"147579","USC00046336",65.1,48.7
"147580","USC00046336",65.2,48.8
"147581","USC00046336",65.3,48.9
"147582","USC00046336",65.4,49
"147583","USC00046336",65.5,49
"147584","USC00046336",65.5,49.1
"147585","USC00046336",65.6,49.2
"147586","USC00046336",65.7,49.3
"147587","USC00046336",65.8,49.3
"147588","USC00046336",65.9,49.4
"147589","USC00046336",66,49.5
"147590","USC00046336",66.1,49.5
"147591","USC00046336",66.2,49.6
"147592","USC00046336",66.3,49.7
"147593","USC00046336",66.4,49.8
"147594","USC00046336",66.5,49.8
"147595","USC00046336",66.6,49.9
"147596","USC00046336",66.7,50
"147597","USC00046336",66.8,50
"147598","USC00046336",66.9,50.1
"147599","USC00046336",67,50.2
"147600","USC00046336",67.1,50.2
"147601","USC00046336",67.2,50.3
"147602","USC00046336",67.2,50.3
"147603","USC00046336",67.3,50.4
"147604","USC00046336",67.4,50.5
"147605","USC00046336",67.5,50.5
"147606","USC00046336",67.5,50.6
"147607","USC00046336",67.6,50.7
"147608","USC00046336",67.7,50.7
"147609","USC00046336",67.7,50.8
"147610","USC00046336",67.8,50.8
"147611","USC00046336",67.8,50.9
"147612","USC00046336",67.8,51
"147613","USC00046336",67.9,51
"147614","USC00046336",67.9,51.1
"147615","USC00046336",67.9,51.2
"147616","USC00046336",68,51.2
"147617","USC00046336",68,51.3
"147618","USC00046336",68,51.4
"147619","USC00046336",68,51.4
"147620","USC00046336",68,51.5
"147621","USC00046336",68.1,51.6
"147622","USC00046336",68.1,51.7
"147623","USC00046336",68.1,51.7
"147624","USC00046336",68.1,51.8
"147625","USC00046336",68.1,51.9
"147626","USC00046336",68.1,52
"147627","USC00046336",68.2,52.1
"147628","USC00046336",68.2,52.1
"147629","USC00046336",68.2,52.2
"147630","USC00046336",68.2,52.3
"147631","USC00046336",68.3,52.4
"147632","USC00046336",68.3,52.5
"147633","USC00046336",68.4,52.6
"147634","USC00046336",68.4,52.7
"147635","USC00046336",68.5,52.8
"147636","USC00046336",68.5,52.9
"147637","USC00046336",68.6,52.9
"147638","USC00046336",68.7,53
"147639","USC00046336",68.8,53.1
"147640","USC00046336",68.8,53.2
"147641","USC00046336",68.9,53.3
"147642","USC00046336",69.1,53.4
"147643","USC00046336",69.2,53.5
"147644","USC00046336",69.3,53.6
"147645","USC00046336",69.4,53.7
"147646","USC00046336",69.5,53.8
"147647","USC00046336",69.7,53.9
"147648","USC00046336",69.8,54
"147649","USC00046336",70,54.1
"147650","USC00046336",70.1,54.2
"147651","USC00046336",70.3,54.3
"147652","USC00046336",70.4,54.4
"147653","USC00046336",70.6,54.5
"147654","USC00046336",70.8,54.6
"147655","USC00046336",70.9,54.7
"147656","USC00046336",71.1,54.7
"147657","USC00046336",71.3,54.8
"147658","USC00046336",71.4,54.9
"147659","USC00046336",71.6,55
"147660","USC00046336",71.7,55.1
"147661","USC00046336",71.9,55.2
"147662","USC00046336",72,55.2
"147663","USC00046336",72.2,55.3
"147664","USC00046336",72.3,55.4
"147665","USC00046336",72.4,55.4
"147666","USC00046336",72.6,55.5
"147667","USC00046336",72.7,55.6
"147668","USC00046336",72.8,55.6
"147669","USC00046336",72.9,55.7
"147670","USC00046336",72.9,55.8
"147671","USC00046336",73,55.8
"147672","USC00046336",73.1,55.9
"147673","USC00046336",73.1,55.9
"147674","USC00046336",73.1,56
"147675","USC00046336",73.2,56
"147676","USC00046336",73.2,56.1
"147677","USC00046336",73.2,56.1
"147678","USC00046336",73.2,56.1
"147679","USC00046336",73.1,56.2
"147680","USC00046336",73.1,56.2
"147681","USC00046336",73.1,56.3
"147682","USC00046336",73,56.3
"147683","USC00046336",72.9,56.3
"147684","USC00046336",72.9,56.4
"147685","USC00046336",72.8,56.4
"147686","USC00046336",72.7,56.4
"147687","USC00046336",72.6,56.5
"147688","USC00046336",72.5,56.5
"147689","USC00046336",72.4,56.5
"147690","USC00046336",72.3,56.5
"147691","USC00046336",72.2,56.6
"147692","USC00046336",72.1,56.6
"147693","USC00046336",72,56.6
"147694","USC00046336",71.9,56.6
"147695","USC00046336",71.8,56.7
"147696","USC00046336",71.7,56.7
"147697","USC00046336",71.6,56.7
"147698","USC00046336",71.5,56.8
"147699","USC00046336",71.4,56.8
"147700","USC00046336",71.3,56.8
"147701","USC00046336",71.2,56.8
"147702","USC00046336",71.2,56.9
"147703","USC00046336",71.1,56.9
"147704","USC00046336",71,56.9
"147705","USC00046336",71,57
"147706","USC00046336",71,57
"147707","USC00046336",71,57
"147708","USC00046336",71,57
"147709","USC00046336",71,57.1
"147710","USC00046336",71,57.1
"147711","USC00046336",71,57.1
"147712","USC00046336",71.1,57.2
"147713","USC00046336",71.1,57.2
"147714","USC00046336",71.2,57.2
"147715","USC00046336",71.3,57.3
"147716","USC00046336",71.3,57.3
"147717","USC00046336",71.4,57.3
"147718","USC00046336",71.5,57.4
"147719","USC00046336",71.7,57.4
"147720","USC00046336",71.8,57.4
"147721","USC00046336",71.9,57.5
"147722","USC00046336",72.1,57.5
"147723","USC00046336",72.2,57.5
"147724","USC00046336",72.3,57.6
"147725","USC00046336",72.5,57.6
"147726","USC00046336",72.7,57.6
"147727","USC00046336",72.8,57.6
"147728","USC00046336",73,57.7
"147729","USC00046336",73.1,57.7
"147730","USC00046336",73.3,57.7
"147731","USC00046336",73.5,57.7
"147732","USC00046336",73.6,57.8
"147733","USC00046336",73.8,57.8
"147734","USC00046336",74,57.8
"147735","USC00046336",74.1,57.8
"147736","USC00046336",74.3,57.8
"147737","USC00046336",74.4,57.8
"147738","USC00046336",74.5,57.9
"147739","USC00046336",74.7,57.9
"147740","USC00046336",74.8,57.9
"147741","USC00046336",74.9,57.9
"147742","USC00046336",75,57.9
"147743","USC00046336",75.1,57.9
"147744","USC00046336",75.2,57.9
"147745","USC00046336",75.3,57.9
"147746","USC00046336",75.4,57.9
"147747","USC00046336",75.5,57.9
"147748","USC00046336",75.5,57.8
"147749","USC00046336",75.6,57.8
"147750","USC00046336",75.6,57.8
"147751","USC00046336",75.7,57.8
"147752","USC00046336",75.7,57.8
"147753","USC00046336",75.8,57.8
"147754","USC00046336",75.8,57.7
"147755","USC00046336",75.8,57.7
"147756","USC00046336",75.8,57.7
"147757","USC00046336",75.8,57.6
"147758","USC00046336",75.8,57.6
"147759","USC00046336",75.8,57.5
"147760","USC00046336",75.8,57.5
"147761","USC00046336",75.8,57.5
"147762","USC00046336",75.7,57.4
"147763","USC00046336",75.7,57.3
"147764","USC00046336",75.7,57.3
"147765","USC00046336",75.6,57.2
"147766","USC00046336",75.6,57.2
"147767","USC00046336",75.6,57.1
"147768","USC00046336",75.5,57
"147769","USC00046336",75.5,57
"147770","USC00046336",75.4,56.9
"147771","USC00046336",75.4,56.8
"147772","USC00046336",75.4,56.7
"147773","USC00046336",75.3,56.7
"147774","USC00046336",75.2,56.6
"147775","USC00046336",75.2,56.5
"147776","USC00046336",75.1,56.4
"147777","USC00046336",75.1,56.3
"147778","USC00046336",75,56.2
"147779","USC00046336",74.9,56.1
"147780","USC00046336",74.9,56
"147781","USC00046336",74.8,55.9
"147782","USC00046336",74.7,55.8
"147783","USC00046336",74.6,55.7
"147784","USC00046336",74.5,55.5
"147785","USC00046336",74.4,55.4
"147786","USC00046336",74.3,55.3
"147787","USC00046336",74.2,55.2
"147788","USC00046336",74.1,55
"147789","USC00046336",74,54.9
"147790","USC00046336",73.8,54.8
"147791","USC00046336",73.7,54.6
"147792","USC00046336",73.5,54.5
"147793","USC00046336",73.4,54.3
"147794","USC00046336",73.2,54.2
"147795","USC00046336",73,54
"147796","USC00046336",72.8,53.9
"147797","USC00046336",72.7,53.7
"147798","USC00046336",72.4,53.5
"147799","USC00046336",72.2,53.4
"147800","USC00046336",72,53.2
"147801","USC00046336",71.8,53
"147802","USC00046336",71.5,52.8
"147803","USC00046336",71.3,52.7
"147804","USC00046336",71,52.5
"147805","USC00046336",70.7,52.3
"147806","USC00046336",70.4,52.1
"147807","USC00046336",70.2,51.9
"147808","USC00046336",69.9,51.7
"147809","USC00046336",69.6,51.5
"147810","USC00046336",69.2,51.3
"147811","USC00046336",68.9,51.1
"147812","USC00046336",68.6,50.9
"147813","USC00046336",68.3,50.7
"147814","USC00046336",68,50.5
"147815","USC00046336",67.6,50.3
"147816","USC00046336",67.3,50.1
"147817","USC00046336",67,49.9
"147818","USC00046336",66.6,49.7
"147819","USC00046336",66.3,49.5
"147820","USC00046336",66,49.3
"147821","USC00046336",65.6,49.1
"147822","USC00046336",65.3,48.9
"147823","USC00046336",65,48.7
"147824","USC00046336",64.7,48.5
"147825","USC00046336",64.4,48.3
"147826","USC00046336",64.1,48.1
"147827","USC00046336",63.8,47.9
"147828","USC00046336",63.5,47.7
"147829","USC00046336",63.2,47.5
"147830","USC00046336",62.9,47.3
"147831","USC00046336",62.7,47.1
"147832","USC00046336",62.4,47
"147833","USC00046336",62.2,46.8
"147834","USC00046336",61.9,46.6
"147835","USC00046336",61.7,46.4
"147836","USC00046336",61.5,46.3
"147837","USC00046336",61.3,46.1
"147838","USC00046336",61.1,46
"147839","USC00046336",61,45.8
"147840","USC00046336",60.8,45.7
"147841","USC00046336",60.7,45.6
"147842","USC00046336",60.5,45.4
"147843","USC00046336",60.4,45.3
"147844","USC00046336",60.3,45.2
"147845","USC00046336",60.2,45.1
"147846","USC00046336",60.1,45
"147847","USC00046336",60,44.9
"147848","USC00046336",60,44.8
"147849","USC00046336",59.9,44.7
"147850","USC00046336",59.9,44.7
"147851","USC00046336",59.8,44.6
"147852","USC00046336",59.8,44.5
"147853","USC00046336",59.8,44.5
"147854","USC00046336",59.8,44.4
"147855","USC00046336",59.8,44.4
"147856","USC00046336",59.8,44.4
"147857","USC00046336",59.8,44.3
"147858","USC00046336",59.8,44.3
"147859","USC00046336",59.8,44.3
"147860","USC00046336",59.9,44.3
"147861","USC00046336",59.9,44.3
"147862","USC00046336",59.9,44.3
"147863","USC00046336",60,44.3
"147864","USC00046336",60,44.3
"157747","USC00047741",64.8,47.1
"157748","USC00047741",64.9,47.2
"157749","USC00047741",65,47.3
"157750","USC00047741",65.1,47.4
"157751","USC00047741",65.2,47.4
"157752","USC00047741",65.3,47.5
"157753","USC00047741",65.4,47.6
"157754","USC00047741",65.4,47.7
"157755","USC00047741",65.5,47.8
"157756","USC00047741",65.5,47.9
"157757","USC00047741",65.6,48
"157758","USC00047741",65.6,48
"157759","USC00047741",65.6,48.1
"157760","USC00047741",65.6,48.2
"157761","USC00047741",65.6,48.3
"157762","USC00047741",65.6,48.3
"157763","USC00047741",65.6,48.4
"157764","USC00047741",65.5,48.5
"157765","USC00047741",65.5,48.5
"157766","USC00047741",65.4,48.6
"157767","USC00047741",65.3,48.6
"157768","USC00047741",65.3,48.7
"157769","USC00047741",65.2,48.7
"157770","USC00047741",65.1,48.7
"157771","USC00047741",65,48.8
"157772","USC00047741",64.9,48.8
"157773","USC00047741",64.7,48.8
"157774","USC00047741",64.6,48.8
"157775","USC00047741",64.5,48.8
"157776","USC00047741",64.4,48.9
"157777","USC00047741",64.2,48.9
"157778","USC00047741",64.1,48.9
"157779","USC00047741",64,48.9
"157780","USC00047741",63.8,48.9
"157781","USC00047741",63.7,48.9
"157782","USC00047741",63.6,48.9
"157783","USC00047741",63.5,48.9
"157784","USC00047741",63.4,49
"157785","USC00047741",63.2,49
"157786","USC00047741",63.2,49
"157787","USC00047741",63.1,49
"157788","USC00047741",63,49
"157789","USC00047741",62.9,49.1
"157790","USC00047741",62.8,49.1
"157791","USC00047741",62.8,49.1
"157792","USC00047741",62.8,49.2
"157793","USC00047741",62.7,49.2
"157794","USC00047741",62.7,49.3
"157795","USC00047741",62.7,49.3
"157796","USC00047741",62.7,49.4
"157797","USC00047741",62.7,49.5
"157798","USC00047741",62.7,49.5
"157799","USC00047741",62.8,49.6
"157800","USC00047741",62.8,49.7
"157801","USC00047741",62.9,49.8
"157802","USC00047741",63,49.9
"157803","USC00047741",63,50
"157804","USC00047741",63.1,50.1
"157805","USC00047741",63.2,50.2
"157806","USC00047741",63.2,50.2
"157807","USC00047741",63.3,50.3
"157808","USC00047741",63.4,50.4
"157809","USC00047741",63.5,50.5
"157810","USC00047741",63.6,50.6
"157811","USC00047741",63.7,50.7
"157812","USC00047741",63.8,50.8
"157813","USC00047741",64,51
"157814","USC00047741",64.1,51.1
"157815","USC00047741",64.2,51.2
"157816","USC00047741",64.3,51.3
"157817","USC00047741",64.5,51.4
"157818","USC00047741",64.6,51.5
"157819","USC00047741",64.7,51.6
"157820","USC00047741",64.8,51.8
"157821","USC00047741",64.9,51.9
"157822","USC00047741",65,52
"157823","USC00047741",65.1,52.1
"157824","USC00047741",65.2,52.2
"157825","USC00047741",65.3,52.3
"157826","USC00047741",65.4,52.4
"157827","USC00047741",65.5,52.5
"157828","USC00047741",65.6,52.6
"157829","USC00047741",65.7,52.7
"157830","USC00047741",65.7,52.7
"157831","USC00047741",65.8,52.8
"157832","USC00047741",65.9,52.9
"157833","USC00047741",65.9,53
"157834","USC00047741",66,53.1
"157835","USC00047741",66,53.2
"157836","USC00047741",66.1,53.3
"157837","USC00047741",66.1,53.3
"157838","USC00047741",66.2,53.4
"157839","USC00047741",66.2,53.5
"157840","USC00047741",66.3,53.6
"157841","USC00047741",66.3,53.7
"157842","USC00047741",66.4,53.8
"157843","USC00047741",66.4,53.8
"157844","USC00047741",66.4,53.9
"157845","USC00047741",66.5,54
"157846","USC00047741",66.5,54.1
"157847","USC00047741",66.6,54.2
"157848","USC00047741",66.6,54.3
"157849","USC00047741",66.7,54.5
"157850","USC00047741",66.7,54.6
"157851","USC00047741",66.8,54.7
"157852","USC00047741",66.8,54.8
"157853","USC00047741",66.9,54.9
"157854","USC00047741",66.9,55.1
"157855","USC00047741",67,55.2
"157856","USC00047741",67,55.3
"157857","USC00047741",67.1,55.5
"157858","USC00047741",67.2,55.6
"157859","USC00047741",67.2,55.8
"157860","USC00047741",67.3,55.9
"157861","USC00047741",67.4,56.1
"157862","USC00047741",67.4,56.2
"157863","USC00047741",67.5,56.4
"157864","USC00047741",67.6,56.5
"157865","USC00047741",67.6,56.7
"157866","USC00047741",67.7,56.9
"157867","USC00047741",67.8,57
"157868","USC00047741",67.8,57.2
"157869","USC00047741",67.9,57.3
"157870","USC00047741",67.9,57.5
"157871","USC00047741",68,57.7
"157872","USC00047741",68,57.8
"157873","USC00047741",68.1,58
"157874","USC00047741",68.1,58.1
"157875","USC00047741",68.2,58.3
"157876","USC00047741",68.2,58.4
"157877","USC00047741",68.2,58.5
"157878","USC00047741",68.3,58.7
"157879","USC00047741",68.3,58.8
"157880","USC00047741",68.3,58.9
"157881","USC00047741",68.3,59
"157882","USC00047741",68.3,59.1
"157883","USC00047741",68.3,59.2
"157884","USC00047741",68.3,59.3
"157885","USC00047741",68.3,59.4
"157886","USC00047741",68.3,59.5
"157887","USC00047741",68.3,59.6
"157888","USC00047741",68.3,59.6
"157889","USC00047741",68.3,59.7
"157890","USC00047741",68.3,59.8
"157891","USC00047741",68.3,59.8
"157892","USC00047741",68.2,59.9
"157893","USC00047741",68.2,59.9
"157894","USC00047741",68.2,59.9
"157895","USC00047741",68.2,60
"157896","USC00047741",68.2,60
"157897","USC00047741",68.2,60.1
"157898","USC00047741",68.2,60.1
"157899","USC00047741",68.2,60.1
"157900","USC00047741",68.3,60.2
"157901","USC00047741",68.3,60.2
"157902","USC00047741",68.3,60.2
"157903","USC00047741",68.4,60.3
"157904","USC00047741",68.4,60.3
"157905","USC00047741",68.5,60.4
"157906","USC00047741",68.5,60.4
"157907","USC00047741",68.6,60.5
"157908","USC00047741",68.7,60.5
"157909","USC00047741",68.7,60.6
"157910","USC00047741",68.8,60.7
"157911","USC00047741",68.9,60.7
"157912","USC00047741",69.1,60.8
"157913","USC00047741",69.2,60.9
"157914","USC00047741",69.3,61
"157915","USC00047741",69.4,61.1
"157916","USC00047741",69.6,61.2
"157917","USC00047741",69.7,61.3
"157918","USC00047741",69.9,61.5
"157919","USC00047741",70,61.6
"157920","USC00047741",70.2,61.7
"157921","USC00047741",70.4,61.9
"157922","USC00047741",70.6,62
"157923","USC00047741",70.7,62.2
"157924","USC00047741",70.9,62.3
"157925","USC00047741",71.1,62.5
"157926","USC00047741",71.2,62.7
"157927","USC00047741",71.4,62.8
"157928","USC00047741",71.6,63
"157929","USC00047741",71.8,63.2
"157930","USC00047741",71.9,63.4
"157931","USC00047741",72.1,63.5
"157932","USC00047741",72.2,63.7
"157933","USC00047741",72.4,63.9
"157934","USC00047741",72.5,64.1
"157935","USC00047741",72.6,64.3
"157936","USC00047741",72.8,64.4
"157937","USC00047741",72.9,64.6
"157938","USC00047741",73,64.7
"157939","USC00047741",73.1,64.9
"157940","USC00047741",73.2,65.1
"157941","USC00047741",73.3,65.2
"157942","USC00047741",73.3,65.3
"157943","USC00047741",73.4,65.5
"157944","USC00047741",73.4,65.6
"157945","USC00047741",73.5,65.7
"157946","USC00047741",73.5,65.8
"157947","USC00047741",73.5,65.9
"157948","USC00047741",73.5,66
"157949","USC00047741",73.6,66.1
"157950","USC00047741",73.6,66.2
"157951","USC00047741",73.5,66.2
"157952","USC00047741",73.5,66.3
"157953","USC00047741",73.5,66.3
"157954","USC00047741",73.5,66.4
"157955","USC00047741",73.5,66.4
"157956","USC00047741",73.5,66.4
"157957","USC00047741",73.4,66.4
"157958","USC00047741",73.4,66.4
"157959","USC00047741",73.4,66.4
"157960","USC00047741",73.3,66.4
"157961","USC00047741",73.3,66.4
"157962","USC00047741",73.3,66.4
"157963","USC00047741",73.3,66.4
"157964","USC00047741",73.3,66.4
"157965","USC00047741",73.2,66.3
"157966","USC00047741",73.2,66.3
"157967","USC00047741",73.2,66.3
"157968","USC00047741",73.2,66.2
"157969","USC00047741",73.3,66.2
"157970","USC00047741",73.3,66.2
"157971","USC00047741",73.3,66.1
"157972","USC00047741",73.3,66.1
"157973","USC00047741",73.4,66
"157974","USC00047741",73.4,66
"157975","USC00047741",73.5,66
"157976","USC00047741",73.5,65.9
"157977","USC00047741",73.6,65.9
"157978","USC00047741",73.7,65.9
"157979","USC00047741",73.8,65.8
"157980","USC00047741",73.8,65.8
"157981","USC00047741",73.9,65.8
"157982","USC00047741",74,65.8
"157983","USC00047741",74.1,65.7
"157984","USC00047741",74.2,65.7
"157985","USC00047741",74.3,65.7
"157986","USC00047741",74.4,65.7
"157987","USC00047741",74.5,65.7
"157988","USC00047741",74.6,65.6
"157989","USC00047741",74.7,65.6
"157990","USC00047741",74.8,65.6
"157991","USC00047741",74.8,65.6
"157992","USC00047741",74.9,65.6
"157993","USC00047741",75,65.5
"157994","USC00047741",75.1,65.5
"157995","USC00047741",75.1,65.5
"157996","USC00047741",75.2,65.5
"157997","USC00047741",75.2,65.4
"157998","USC00047741",75.2,65.4
"157999","USC00047741",75.3,65.3
"158000","USC00047741",75.3,65.3
"158001","USC00047741",75.3,65.2
"158002","USC00047741",75.3,65.2
"158003","USC00047741",75.3,65.1
"158004","USC00047741",75.2,65.1
"158005","USC00047741",75.2,65
"158006","USC00047741",75.1,64.9
"158007","USC00047741",75.1,64.8
"158008","USC00047741",75,64.7
"158009","USC00047741",74.9,64.6
"158010","USC00047741",74.8,64.5
"158011","USC00047741",74.7,64.4
"158012","USC00047741",74.6,64.3
"158013","USC00047741",74.5,64.1
"158014","USC00047741",74.4,64
"158015","USC00047741",74.3,63.8
"158016","USC00047741",74.1,63.7
"158017","USC00047741",74,63.5
"158018","USC00047741",73.8,63.4
"158019","USC00047741",73.7,63.2
"158020","USC00047741",73.6,63
"158021","USC00047741",73.4,62.8
"158022","USC00047741",73.3,62.6
"158023","USC00047741",73.1,62.5
"158024","USC00047741",73,62.3
"158025","USC00047741",72.8,62.1
"158026","USC00047741",72.7,61.9
"158027","USC00047741",72.5,61.7
"158028","USC00047741",72.4,61.4
"158029","USC00047741",72.3,61.2
"158030","USC00047741",72.1,61
"158031","USC00047741",72,60.8
"158032","USC00047741",71.9,60.6
"158033","USC00047741",71.8,60.4
"158034","USC00047741",71.6,60.2
"158035","USC00047741",71.5,59.9
"158036","USC00047741",71.4,59.7
"158037","USC00047741",71.3,59.5
"158038","USC00047741",71.3,59.3
"158039","USC00047741",71.2,59.1
"158040","USC00047741",71.1,58.8
"158041","USC00047741",71,58.6
"158042","USC00047741",70.9,58.4
"158043","USC00047741",70.8,58.2
"158044","USC00047741",70.8,58
"158045","USC00047741",70.7,57.8
"158046","USC00047741",70.6,57.5
"158047","USC00047741",70.6,57.3
"158048","USC00047741",70.5,57.1
"158049","USC00047741",70.4,56.9
"158050","USC00047741",70.3,56.7
"158051","USC00047741",70.3,56.5
"158052","USC00047741",70.2,56.2
"158053","USC00047741",70.1,56
"158054","USC00047741",70,55.8
"158055","USC00047741",69.9,55.6
"158056","USC00047741",69.8,55.3
"158057","USC00047741",69.7,55.1
"158058","USC00047741",69.6,54.9
"158059","USC00047741",69.5,54.6
"158060","USC00047741",69.3,54.4
"158061","USC00047741",69.2,54.2
"158062","USC00047741",69,53.9
"158063","USC00047741",68.9,53.7
"158064","USC00047741",68.7,53.5
"158065","USC00047741",68.6,53.2
"158066","USC00047741",68.4,53
"158067","USC00047741",68.2,52.7
"158068","USC00047741",68,52.5
"158069","USC00047741",67.8,52.2
"158070","USC00047741",67.6,52
"158071","USC00047741",67.4,51.7
"158072","USC00047741",67.2,51.5
"158073","USC00047741",67,51.2
"158074","USC00047741",66.8,51
"158075","USC00047741",66.6,50.7
"158076","USC00047741",66.4,50.5
"158077","USC00047741",66.2,50.2
"158078","USC00047741",66,50
"158079","USC00047741",65.8,49.8
"158080","USC00047741",65.6,49.5
"158081","USC00047741",65.4,49.3
"158082","USC00047741",65.2,49.1
"158083","USC00047741",65,48.9
"158084","USC00047741",64.9,48.7
"158085","USC00047741",64.7,48.5
"158086","USC00047741",64.6,48.3
"158087","USC00047741",64.4,48.1
"158088","USC00047741",64.3,47.9
"158089","USC00047741",64.2,47.8
"158090","USC00047741",64.1,47.6
"158091","USC00047741",64,47.5
"158092","USC00047741",63.9,47.3
"158093","USC00047741",63.8,47.2
"158094","USC00047741",63.8,47.1
"158095","USC00047741",63.8,47
"158096","USC00047741",63.7,46.9
"158097","USC00047741",63.7,46.9
"158098","USC00047741",63.7,46.8
"158099","USC00047741",63.7,46.7
"158100","USC00047741",63.8,46.7
"158101","USC00047741",63.8,46.7
"158102","USC00047741",63.9,46.7
"158103","USC00047741",63.9,46.7
"158104","USC00047741",64,46.7
"158105","USC00047741",64.1,46.7
"158106","USC00047741",64.2,46.7
"158107","USC00047741",64.2,46.8
"158108","USC00047741",64.3,46.8
"158109","USC00047741",64.4,46.8
"158110","USC00047741",64.5,46.9
"158111","USC00047741",64.6,47
"158112","USC00047741",64.7,47
"158113","USC00047767",58.3,43
"158114","USC00047767",58.3,43.1
"158115","USC00047767",58.4,43.2
"158116","USC00047767",58.4,43.3
"158117","USC00047767",58.5,43.4
"158118","USC00047767",58.5,43.5
"158119","USC00047767",58.6,43.6
"158120","USC00047767",58.6,43.7
"158121","USC00047767",58.7,43.8
"158122","USC00047767",58.8,43.9
"158123","USC00047767",58.8,44
"158124","USC00047767",58.9,44.2
"158125","USC00047767",58.9,44.3
"158126","USC00047767",59,44.4
"158127","USC00047767",59.1,44.5
"158128","USC00047767",59.1,44.7
"158129","USC00047767",59.2,44.8
"158130","USC00047767",59.3,44.9
"158131","USC00047767",59.3,45
"158132","USC00047767",59.4,45.1
"158133","USC00047767",59.4,45.2
"158134","USC00047767",59.5,45.3
"158135","USC00047767",59.5,45.4
"158136","USC00047767",59.6,45.5
"158137","USC00047767",59.6,45.6
"158138","USC00047767",59.7,45.7
"158139","USC00047767",59.7,45.8
"158140","USC00047767",59.7,45.8
"158141","USC00047767",59.8,45.9
"158142","USC00047767",59.8,45.9
"158143","USC00047767",59.8,46
"158144","USC00047767",59.8,46
"158145","USC00047767",59.8,46.1
"158146","USC00047767",59.9,46.1
"158147","USC00047767",59.9,46.1
"158148","USC00047767",59.9,46.1
"158149","USC00047767",59.9,46.1
"158150","USC00047767",59.9,46.2
"158151","USC00047767",59.9,46.2
"158152","USC00047767",59.9,46.2
"158153","USC00047767",59.9,46.2
"158154","USC00047767",59.9,46.2
"158155","USC00047767",59.9,46.1
"158156","USC00047767",59.8,46.1
"158157","USC00047767",59.8,46.1
"158158","USC00047767",59.8,46.1
"158159","USC00047767",59.8,46.1
"158160","USC00047767",59.8,46.1
"158161","USC00047767",59.8,46.1
"158162","USC00047767",59.8,46.1
"158163","USC00047767",59.8,46.1
"158164","USC00047767",59.7,46.1
"158165","USC00047767",59.7,46
"158166","USC00047767",59.7,46
"158167","USC00047767",59.7,46.1
"158168","USC00047767",59.7,46.1
"158169","USC00047767",59.7,46.1
"158170","USC00047767",59.7,46.1
"158171","USC00047767",59.7,46.1
"158172","USC00047767",59.7,46.1
"158173","USC00047767",59.7,46.1
"158174","USC00047767",59.7,46.1
"158175","USC00047767",59.7,46.2
"158176","USC00047767",59.7,46.2
"158177","USC00047767",59.7,46.2
"158178","USC00047767",59.7,46.3
"158179","USC00047767",59.7,46.3
"158180","USC00047767",59.8,46.4
"158181","USC00047767",59.8,46.4
"158182","USC00047767",59.8,46.5
"158183","USC00047767",59.8,46.6
"158184","USC00047767",59.9,46.6
"158185","USC00047767",59.9,46.7
"158186","USC00047767",59.9,46.7
"158187","USC00047767",59.9,46.8
"158188","USC00047767",60,46.9
"158189","USC00047767",60,46.9
"158190","USC00047767",60,47
"158191","USC00047767",60.1,47.1
"158192","USC00047767",60.1,47.1
"158193","USC00047767",60.1,47.2
"158194","USC00047767",60.2,47.3
"158195","USC00047767",60.2,47.3
"158196","USC00047767",60.2,47.4
"158197","USC00047767",60.3,47.5
"158198","USC00047767",60.3,47.5
"158199","USC00047767",60.3,47.6
"158200","USC00047767",60.3,47.6
"158201","USC00047767",60.4,47.7
"158202","USC00047767",60.4,47.7
"158203","USC00047767",60.4,47.8
"158204","USC00047767",60.4,47.8
"158205","USC00047767",60.4,47.9
"158206","USC00047767",60.4,47.9
"158207","USC00047767",60.4,48
"158208","USC00047767",60.4,48
"158209","USC00047767",60.4,48
"158210","USC00047767",60.3,48.1
"158211","USC00047767",60.3,48.1
"158212","USC00047767",60.3,48.1
"158213","USC00047767",60.3,48.2
"158214","USC00047767",60.2,48.2
"158215","USC00047767",60.2,48.2
"158216","USC00047767",60.1,48.2
"158217","USC00047767",60.1,48.3
"158218","USC00047767",60,48.3
"158219","USC00047767",60,48.3
"158220","USC00047767",59.9,48.3
"158221","USC00047767",59.9,48.4
"158222","USC00047767",59.8,48.4
"158223","USC00047767",59.7,48.4
"158224","USC00047767",59.7,48.4
"158225","USC00047767",59.6,48.5
"158226","USC00047767",59.5,48.5
"158227","USC00047767",59.5,48.5
"158228","USC00047767",59.4,48.6
"158229","USC00047767",59.3,48.6
"158230","USC00047767",59.2,48.6
"158231","USC00047767",59.2,48.7
"158232","USC00047767",59.1,48.7
"158233","USC00047767",59,48.8
"158234","USC00047767",59,48.8
"158235","USC00047767",58.9,48.9
"158236","USC00047767",58.9,48.9
"158237","USC00047767",58.8,49
"158238","USC00047767",58.8,49
"158239","USC00047767",58.7,49.1
"158240","USC00047767",58.7,49.2
"158241","USC00047767",58.6,49.2
"158242","USC00047767",58.6,49.3
"158243","USC00047767",58.6,49.3
"158244","USC00047767",58.6,49.4
"158245","USC00047767",58.6,49.5
"158246","USC00047767",58.5,49.5
"158247","USC00047767",58.5,49.6
"158248","USC00047767",58.6,49.7
"158249","USC00047767",58.6,49.7
"158250","USC00047767",58.6,49.8
"158251","USC00047767",58.6,49.8
"158252","USC00047767",58.6,49.9
"158253","USC00047767",58.7,50
"158254","USC00047767",58.7,50
"158255","USC00047767",58.8,50.1
"158256","USC00047767",58.8,50.1
"158257","USC00047767",58.9,50.2
"158258","USC00047767",59,50.2
"158259","USC00047767",59,50.3
"158260","USC00047767",59.1,50.3
"158261","USC00047767",59.2,50.4
"158262","USC00047767",59.2,50.4
"158263","USC00047767",59.3,50.5
"158264","USC00047767",59.4,50.5
"158265","USC00047767",59.5,50.5
"158266","USC00047767",59.6,50.6
"158267","USC00047767",59.6,50.6
"158268","USC00047767",59.7,50.6
"158269","USC00047767",59.8,50.7
"158270","USC00047767",59.9,50.7
"158271","USC00047767",60,50.7
"158272","USC00047767",60.1,50.8
"158273","USC00047767",60.1,50.8
"158274","USC00047767",60.2,50.8
"158275","USC00047767",60.3,50.9
"158276","USC00047767",60.3,50.9
"158277","USC00047767",60.4,50.9
"158278","USC00047767",60.5,51
"158279","USC00047767",60.5,51
"158280","USC00047767",60.6,51
"158281","USC00047767",60.6,51.1
"158282","USC00047767",60.7,51.1
"158283","USC00047767",60.7,51.2
"158284","USC00047767",60.7,51.2
"158285","USC00047767",60.8,51.3
"158286","USC00047767",60.8,51.3
"158287","USC00047767",60.8,51.4
"158288","USC00047767",60.8,51.5
"158289","USC00047767",60.8,51.5
"158290","USC00047767",60.8,51.6
"158291","USC00047767",60.8,51.7
"158292","USC00047767",60.8,51.7
"158293","USC00047767",60.8,51.8
"158294","USC00047767",60.8,51.9
"158295","USC00047767",60.8,52
"158296","USC00047767",60.8,52.1
"158297","USC00047767",60.8,52.2
"158298","USC00047767",60.8,52.3
"158299","USC00047767",60.8,52.4
"158300","USC00047767",60.8,52.5
"158301","USC00047767",60.8,52.5
"158302","USC00047767",60.8,52.6
"158303","USC00047767",60.8,52.8
"158304","USC00047767",60.8,52.9
"158305","USC00047767",60.8,53
"158306","USC00047767",60.8,53.1
"158307","USC00047767",60.7,53.2
"158308","USC00047767",60.8,53.3
"158309","USC00047767",60.8,53.4
"158310","USC00047767",60.8,53.5
"158311","USC00047767",60.8,53.6
"158312","USC00047767",60.8,53.7
"158313","USC00047767",60.8,53.7
"158314","USC00047767",60.8,53.8
"158315","USC00047767",60.9,53.9
"158316","USC00047767",60.9,54
"158317","USC00047767",60.9,54.1
"158318","USC00047767",61,54.2
"158319","USC00047767",61,54.2
"158320","USC00047767",61.1,54.3
"158321","USC00047767",61.1,54.4
"158322","USC00047767",61.2,54.4
"158323","USC00047767",61.3,54.5
"158324","USC00047767",61.3,54.5
"158325","USC00047767",61.4,54.6
"158326","USC00047767",61.5,54.6
"158327","USC00047767",61.5,54.7
"158328","USC00047767",61.6,54.7
"158329","USC00047767",61.7,54.7
"158330","USC00047767",61.8,54.8
"158331","USC00047767",61.9,54.8
"158332","USC00047767",62,54.8
"158333","USC00047767",62.1,54.8
"158334","USC00047767",62.1,54.8
"158335","USC00047767",62.2,54.8
"158336","USC00047767",62.3,54.8
"158337","USC00047767",62.4,54.8
"158338","USC00047767",62.5,54.8
"158339","USC00047767",62.6,54.8
"158340","USC00047767",62.7,54.8
"158341","USC00047767",62.8,54.8
"158342","USC00047767",62.8,54.8
"158343","USC00047767",62.9,54.8
"158344","USC00047767",63,54.7
"158345","USC00047767",63.1,54.7
"158346","USC00047767",63.1,54.7
"158347","USC00047767",63.2,54.7
"158348","USC00047767",63.3,54.7
"158349","USC00047767",63.4,54.6
"158350","USC00047767",63.4,54.6
"158351","USC00047767",63.5,54.6
"158352","USC00047767",63.5,54.5
"158353","USC00047767",63.6,54.5
"158354","USC00047767",63.7,54.5
"158355","USC00047767",63.7,54.4
"158356","USC00047767",63.8,54.4
"158357","USC00047767",63.8,54.4
"158358","USC00047767",63.9,54.3
"158359","USC00047767",63.9,54.3
"158360","USC00047767",64,54.3
"158361","USC00047767",64,54.2
"158362","USC00047767",64.1,54.2
"158363","USC00047767",64.1,54.1
"158364","USC00047767",64.1,54.1
"158365","USC00047767",64.2,54.1
"158366","USC00047767",64.2,54
"158367","USC00047767",64.3,54
"158368","USC00047767",64.3,53.9
"158369","USC00047767",64.4,53.9
"158370","USC00047767",64.4,53.8
"158371","USC00047767",64.5,53.8
"158372","USC00047767",64.6,53.7
"158373","USC00047767",64.6,53.7
"158374","USC00047767",64.7,53.6
"158375","USC00047767",64.7,53.6
"158376","USC00047767",64.8,53.5
"158377","USC00047767",64.9,53.4
"158378","USC00047767",65,53.4
"158379","USC00047767",65,53.3
"158380","USC00047767",65.1,53.3
"158381","USC00047767",65.2,53.2
"158382","USC00047767",65.3,53.1
"158383","USC00047767",65.4,53.1
"158384","USC00047767",65.4,53
"158385","USC00047767",65.5,52.9
"158386","USC00047767",65.6,52.9
"158387","USC00047767",65.7,52.8
"158388","USC00047767",65.8,52.7
"158389","USC00047767",65.9,52.7
"158390","USC00047767",66,52.6
"158391","USC00047767",66.1,52.5
"158392","USC00047767",66.2,52.5
"158393","USC00047767",66.3,52.4
"158394","USC00047767",66.4,52.4
"158395","USC00047767",66.5,52.3
"158396","USC00047767",66.5,52.2
"158397","USC00047767",66.6,52.2
"158398","USC00047767",66.7,52.1
"158399","USC00047767",66.8,52.1
"158400","USC00047767",66.8,52
"158401","USC00047767",66.9,51.9
"158402","USC00047767",67,51.9
"158403","USC00047767",67,51.8
"158404","USC00047767",67,51.8
"158405","USC00047767",67.1,51.7
"158406","USC00047767",67.1,51.7
"158407","USC00047767",67.1,51.6
"158408","USC00047767",67.1,51.6
"158409","USC00047767",67.1,51.5
"158410","USC00047767",67.1,51.4
"158411","USC00047767",67.1,51.4
"158412","USC00047767",67.1,51.3
"158413","USC00047767",67,51.3
"158414","USC00047767",67,51.2
"158415","USC00047767",66.9,51.2
"158416","USC00047767",66.9,51.1
"158417","USC00047767",66.8,51
"158418","USC00047767",66.7,50.9
"158419","USC00047767",66.6,50.9
"158420","USC00047767",66.5,50.8
"158421","USC00047767",66.4,50.7
"158422","USC00047767",66.2,50.6
"158423","USC00047767",66.1,50.5
"158424","USC00047767",65.9,50.4
"158425","USC00047767",65.8,50.3
"158426","USC00047767",65.6,50.2
"158427","USC00047767",65.4,50.1
"158428","USC00047767",65.3,50
"158429","USC00047767",65.1,49.8
"158430","USC00047767",64.9,49.7
"158431","USC00047767",64.7,49.6
"158432","USC00047767",64.5,49.4
"158433","USC00047767",64.3,49.3
"158434","USC00047767",64,49.1
"158435","USC00047767",63.8,48.9
"158436","USC00047767",63.6,48.7
"158437","USC00047767",63.4,48.6
"158438","USC00047767",63.1,48.4
"158439","USC00047767",62.9,48.2
"158440","USC00047767",62.7,48
"158441","USC00047767",62.5,47.8
"158442","USC00047767",62.2,47.6
"158443","USC00047767",62,47.3
"158444","USC00047767",61.8,47.1
"158445","USC00047767",61.6,46.9
"158446","USC00047767",61.4,46.7
"158447","USC00047767",61.1,46.5
"158448","USC00047767",60.9,46.3
"158449","USC00047767",60.7,46
"158450","USC00047767",60.5,45.8
"158451","USC00047767",60.3,45.6
"158452","USC00047767",60.2,45.4
"158453","USC00047767",60,45.2
"158454","USC00047767",59.8,45
"158455","USC00047767",59.6,44.8
"158456","USC00047767",59.5,44.6
"158457","USC00047767",59.3,44.4
"158458","USC00047767",59.2,44.2
"158459","USC00047767",59.1,44.1
"158460","USC00047767",59,43.9
"158461","USC00047767",58.8,43.8
"158462","USC00047767",58.7,43.6
"158463","USC00047767",58.7,43.5
"158464","USC00047767",58.6,43.4
"158465","USC00047767",58.5,43.3
"158466","USC00047767",58.4,43.2
"158467","USC00047767",58.4,43.1
"158468","USC00047767",58.3,43
"158469","USC00047767",58.3,42.9
"158470","USC00047767",58.3,42.9
"158471","USC00047767",58.2,42.9
"158472","USC00047767",58.2,42.9
"158473","USC00047767",58.2,42.8
"158474","USC00047767",58.2,42.8
"158475","USC00047767",58.2,42.9
"158476","USC00047767",58.2,42.9
"158477","USC00047767",58.2,42.9
"158478","USC00047767",58.3,43
"159577","USC00047888",69.6,48.6
"159578","USC00047888",69.7,48.7
"159579","USC00047888",69.9,48.7
"159580","USC00047888",70,48.8
"159581","USC00047888",70.1,48.8
"159582","USC00047888",70.2,48.9
"159583","USC00047888",70.3,48.9
"159584","USC00047888",70.4,48.9
"159585","USC00047888",70.5,49
"159586","USC00047888",70.6,49
"159587","USC00047888",70.7,49
"159588","USC00047888",70.8,49.1
"159589","USC00047888",70.8,49.1
"159590","USC00047888",70.9,49.1
"159591","USC00047888",70.9,49.1
"159592","USC00047888",70.9,49.1
"159593","USC00047888",70.9,49.1
"159594","USC00047888",71,49.1
"159595","USC00047888",71,49.1
"159596","USC00047888",70.9,49.1
"159597","USC00047888",70.9,49.1
"159598","USC00047888",70.9,49.1
"159599","USC00047888",70.9,49.1
"159600","USC00047888",70.9,49.1
"159601","USC00047888",70.8,49.1
"159602","USC00047888",70.8,49.1
"159603","USC00047888",70.7,49
"159604","USC00047888",70.7,49
"159605","USC00047888",70.6,49
"159606","USC00047888",70.6,49
"159607","USC00047888",70.5,49
"159608","USC00047888",70.5,49
"159609","USC00047888",70.4,49
"159610","USC00047888",70.4,49
"159611","USC00047888",70.4,49
"159612","USC00047888",70.3,49
"159613","USC00047888",70.3,49
"159614","USC00047888",70.3,49
"159615","USC00047888",70.3,49
"159616","USC00047888",70.2,49
"159617","USC00047888",70.2,49
"159618","USC00047888",70.2,49.1
"159619","USC00047888",70.2,49.1
"159620","USC00047888",70.3,49.2
"159621","USC00047888",70.3,49.2
"159622","USC00047888",70.3,49.3
"159623","USC00047888",70.3,49.3
"159624","USC00047888",70.4,49.4
"159625","USC00047888",70.4,49.5
"159626","USC00047888",70.5,49.5
"159627","USC00047888",70.5,49.6
"159628","USC00047888",70.6,49.7
"159629","USC00047888",70.7,49.8
"159630","USC00047888",70.8,49.9
"159631","USC00047888",70.8,50
"159632","USC00047888",70.9,50.1
"159633","USC00047888",71,50.2
"159634","USC00047888",71.1,50.3
"159635","USC00047888",71.2,50.4
"159636","USC00047888",71.2,50.4
"159637","USC00047888",71.3,50.5
"159638","USC00047888",71.4,50.6
"159639","USC00047888",71.5,50.7
"159640","USC00047888",71.6,50.8
"159641","USC00047888",71.7,50.9
"159642","USC00047888",71.7,51
"159643","USC00047888",71.8,51.2
"159644","USC00047888",71.9,51.3
"159645","USC00047888",72,51.4
"159646","USC00047888",72.1,51.5
"159647","USC00047888",72.2,51.6
"159648","USC00047888",72.3,51.7
"159649","USC00047888",72.4,51.8
"159650","USC00047888",72.4,51.9
"159651","USC00047888",72.5,52
"159652","USC00047888",72.6,52.1
"159653","USC00047888",72.7,52.2
"159654","USC00047888",72.7,52.3
"159655","USC00047888",72.8,52.3
"159656","USC00047888",72.8,52.4
"159657","USC00047888",72.9,52.5
"159658","USC00047888",73,52.6
"159659","USC00047888",73,52.7
"159660","USC00047888",73.1,52.8
"159661","USC00047888",73.1,52.8
"159662","USC00047888",73.2,52.9
"159663","USC00047888",73.3,53
"159664","USC00047888",73.3,53.1
"159665","USC00047888",73.4,53.1
"159666","USC00047888",73.4,53.2
"159667","USC00047888",73.5,53.3
"159668","USC00047888",73.5,53.4
"159669","USC00047888",73.6,53.4
"159670","USC00047888",73.7,53.5
"159671","USC00047888",73.7,53.6
"159672","USC00047888",73.8,53.7
"159673","USC00047888",73.9,53.8
"159674","USC00047888",73.9,53.8
"159675","USC00047888",74,53.9
"159676","USC00047888",74.1,54
"159677","USC00047888",74.1,54.1
"159678","USC00047888",74.2,54.2
"159679","USC00047888",74.3,54.3
"159680","USC00047888",74.3,54.4
"159681","USC00047888",74.4,54.5
"159682","USC00047888",74.5,54.6
"159683","USC00047888",74.6,54.8
"159684","USC00047888",74.6,54.9
"159685","USC00047888",74.7,55
"159686","USC00047888",74.8,55.1
"159687","USC00047888",74.8,55.2
"159688","USC00047888",74.9,55.4
"159689","USC00047888",75,55.5
"159690","USC00047888",75,55.6
"159691","USC00047888",75.1,55.8
"159692","USC00047888",75.1,55.9
"159693","USC00047888",75.2,56
"159694","USC00047888",75.2,56.2
"159695","USC00047888",75.3,56.3
"159696","USC00047888",75.3,56.4
"159697","USC00047888",75.4,56.6
"159698","USC00047888",75.4,56.7
"159699","USC00047888",75.4,56.8
"159700","USC00047888",75.4,57
"159701","USC00047888",75.5,57.1
"159702","USC00047888",75.5,57.2
"159703","USC00047888",75.5,57.4
"159704","USC00047888",75.5,57.5
"159705","USC00047888",75.5,57.6
"159706","USC00047888",75.5,57.7
"159707","USC00047888",75.5,57.8
"159708","USC00047888",75.5,57.9
"159709","USC00047888",75.5,58.1
"159710","USC00047888",75.5,58.2
"159711","USC00047888",75.5,58.3
"159712","USC00047888",75.5,58.4
"159713","USC00047888",75.5,58.5
"159714","USC00047888",75.5,58.6
"159715","USC00047888",75.5,58.7
"159716","USC00047888",75.5,58.8
"159717","USC00047888",75.5,58.9
"159718","USC00047888",75.6,59
"159719","USC00047888",75.6,59
"159720","USC00047888",75.6,59.1
"159721","USC00047888",75.7,59.2
"159722","USC00047888",75.7,59.3
"159723","USC00047888",75.8,59.4
"159724","USC00047888",75.8,59.5
"159725","USC00047888",75.9,59.6
"159726","USC00047888",76,59.7
"159727","USC00047888",76.1,59.8
"159728","USC00047888",76.2,59.8
"159729","USC00047888",76.4,59.9
"159730","USC00047888",76.5,60
"159731","USC00047888",76.6,60.1
"159732","USC00047888",76.8,60.2
"159733","USC00047888",77,60.3
"159734","USC00047888",77.1,60.5
"159735","USC00047888",77.3,60.6
"159736","USC00047888",77.5,60.7
"159737","USC00047888",77.7,60.8
"159738","USC00047888",78,60.9
"159739","USC00047888",78.2,61.1
"159740","USC00047888",78.4,61.2
"159741","USC00047888",78.7,61.3
"159742","USC00047888",78.9,61.5
"159743","USC00047888",79.2,61.6
"159744","USC00047888",79.4,61.8
"159745","USC00047888",79.7,61.9
"159746","USC00047888",79.9,62.1
"159747","USC00047888",80.2,62.2
"159748","USC00047888",80.5,62.4
"159749","USC00047888",80.7,62.5
"159750","USC00047888",81,62.7
"159751","USC00047888",81.2,62.9
"159752","USC00047888",81.5,63
"159753","USC00047888",81.7,63.2
"159754","USC00047888",82,63.4
"159755","USC00047888",82.2,63.5
"159756","USC00047888",82.4,63.7
"159757","USC00047888",82.6,63.9
"159758","USC00047888",82.8,64
"159759","USC00047888",83,64.2
"159760","USC00047888",83.2,64.3
"159761","USC00047888",83.4,64.5
"159762","USC00047888",83.5,64.6
"159763","USC00047888",83.7,64.8
"159764","USC00047888",83.8,64.9
"159765","USC00047888",84,65
"159766","USC00047888",84.1,65.2
"159767","USC00047888",84.2,65.3
"159768","USC00047888",84.3,65.4
"159769","USC00047888",84.4,65.5
"159770","USC00047888",84.4,65.6
"159771","USC00047888",84.5,65.7
"159772","USC00047888",84.6,65.8
"159773","USC00047888",84.6,65.9
"159774","USC00047888",84.6,66
"159775","USC00047888",84.7,66
"159776","USC00047888",84.7,66.1
"159777","USC00047888",84.7,66.1
"159778","USC00047888",84.8,66.2
"159779","USC00047888",84.8,66.2
"159780","USC00047888",84.8,66.3
"159781","USC00047888",84.8,66.3
"159782","USC00047888",84.8,66.3
"159783","USC00047888",84.8,66.3
"159784","USC00047888",84.8,66.3
"159785","USC00047888",84.8,66.3
"159786","USC00047888",84.9,66.3
"159787","USC00047888",84.9,66.3
"159788","USC00047888",84.9,66.3
"159789","USC00047888",84.9,66.3
"159790","USC00047888",85,66.3
"159791","USC00047888",85,66.3
"159792","USC00047888",85.1,66.3
"159793","USC00047888",85.1,66.2
"159794","USC00047888",85.2,66.2
"159795","USC00047888",85.2,66.2
"159796","USC00047888",85.3,66.2
"159797","USC00047888",85.4,66.1
"159798","USC00047888",85.4,66.1
"159799","USC00047888",85.5,66.1
"159800","USC00047888",85.6,66
"159801","USC00047888",85.7,66
"159802","USC00047888",85.8,66
"159803","USC00047888",85.9,66
"159804","USC00047888",86,65.9
"159805","USC00047888",86.1,65.9
"159806","USC00047888",86.2,65.9
"159807","USC00047888",86.3,65.8
"159808","USC00047888",86.4,65.8
"159809","USC00047888",86.5,65.8
"159810","USC00047888",86.6,65.8
"159811","USC00047888",86.7,65.7
"159812","USC00047888",86.8,65.7
"159813","USC00047888",86.8,65.7
"159814","USC00047888",86.9,65.6
"159815","USC00047888",87,65.6
"159816","USC00047888",87,65.6
"159817","USC00047888",87.1,65.6
"159818","USC00047888",87.1,65.5
"159819","USC00047888",87.1,65.5
"159820","USC00047888",87.1,65.4
"159821","USC00047888",87.1,65.4
"159822","USC00047888",87.1,65.4
"159823","USC00047888",87.1,65.3
"159824","USC00047888",87,65.3
"159825","USC00047888",87,65.2
"159826","USC00047888",86.9,65.2
"159827","USC00047888",86.8,65.1
"159828","USC00047888",86.7,65
"159829","USC00047888",86.6,65
"159830","USC00047888",86.5,64.9
"159831","USC00047888",86.4,64.8
"159832","USC00047888",86.3,64.8
"159833","USC00047888",86.1,64.7
"159834","USC00047888",86,64.6
"159835","USC00047888",85.8,64.5
"159836","USC00047888",85.6,64.4
"159837","USC00047888",85.5,64.3
"159838","USC00047888",85.3,64.2
"159839","USC00047888",85.1,64.1
"159840","USC00047888",84.9,64
"159841","USC00047888",84.7,63.9
"159842","USC00047888",84.5,63.7
"159843","USC00047888",84.3,63.6
"159844","USC00047888",84.2,63.5
"159845","USC00047888",84,63.4
"159846","USC00047888",83.8,63.2
"159847","USC00047888",83.6,63.1
"159848","USC00047888",83.4,63
"159849","USC00047888",83.3,62.8
"159850","USC00047888",83.1,62.7
"159851","USC00047888",83,62.5
"159852","USC00047888",82.8,62.4
"159853","USC00047888",82.7,62.2
"159854","USC00047888",82.6,62.1
"159855","USC00047888",82.4,61.9
"159856","USC00047888",82.3,61.8
"159857","USC00047888",82.2,61.6
"159858","USC00047888",82.1,61.4
"159859","USC00047888",82,61.3
"159860","USC00047888",82,61.1
"159861","USC00047888",81.9,60.9
"159862","USC00047888",81.8,60.8
"159863","USC00047888",81.7,60.6
"159864","USC00047888",81.7,60.4
"159865","USC00047888",81.6,60.3
"159866","USC00047888",81.6,60.1
"159867","USC00047888",81.5,59.9
"159868","USC00047888",81.5,59.7
"159869","USC00047888",81.4,59.6
"159870","USC00047888",81.4,59.4
"159871","USC00047888",81.3,59.2
"159872","USC00047888",81.2,59
"159873","USC00047888",81.2,58.8
"159874","USC00047888",81.1,58.6
"159875","USC00047888",81,58.4
"159876","USC00047888",80.9,58.2
"159877","USC00047888",80.8,58
"159878","USC00047888",80.7,57.8
"159879","USC00047888",80.6,57.6
"159880","USC00047888",80.4,57.3
"159881","USC00047888",80.3,57.1
"159882","USC00047888",80.1,56.9
"159883","USC00047888",79.9,56.7
"159884","USC00047888",79.7,56.4
"159885","USC00047888",79.5,56.2
"159886","USC00047888",79.3,56
"159887","USC00047888",79,55.7
"159888","USC00047888",78.8,55.5
"159889","USC00047888",78.5,55.2
"159890","USC00047888",78.2,55
"159891","USC00047888",77.9,54.7
"159892","USC00047888",77.6,54.4
"159893","USC00047888",77.3,54.2
"159894","USC00047888",76.9,53.9
"159895","USC00047888",76.6,53.7
"159896","USC00047888",76.2,53.4
"159897","USC00047888",75.9,53.1
"159898","USC00047888",75.5,52.9
"159899","USC00047888",75.1,52.6
"159900","USC00047888",74.7,52.4
"159901","USC00047888",74.3,52.1
"159902","USC00047888",74,51.9
"159903","USC00047888",73.6,51.6
"159904","USC00047888",73.2,51.4
"159905","USC00047888",72.8,51.1
"159906","USC00047888",72.4,50.9
"159907","USC00047888",72.1,50.7
"159908","USC00047888",71.7,50.5
"159909","USC00047888",71.4,50.2
"159910","USC00047888",71.1,50
"159911","USC00047888",70.7,49.9
"159912","USC00047888",70.4,49.7
"159913","USC00047888",70.1,49.5
"159914","USC00047888",69.9,49.3
"159915","USC00047888",69.6,49.2
"159916","USC00047888",69.4,49
"159917","USC00047888",69.2,48.9
"159918","USC00047888",69,48.8
"159919","USC00047888",68.8,48.7
"159920","USC00047888",68.6,48.6
"159921","USC00047888",68.5,48.5
"159922","USC00047888",68.4,48.4
"159923","USC00047888",68.3,48.3
"159924","USC00047888",68.2,48.3
"159925","USC00047888",68.2,48.2
"159926","USC00047888",68.1,48.2
"159927","USC00047888",68.1,48.1
"159928","USC00047888",68.1,48.1
"159929","USC00047888",68.1,48.1
"159930","USC00047888",68.2,48.1
"159931","USC00047888",68.2,48.1
"159932","USC00047888",68.3,48.1
"159933","USC00047888",68.4,48.2
"159934","USC00047888",68.5,48.2
"159935","USC00047888",68.6,48.2
"159936","USC00047888",68.7,48.3
"159937","USC00047888",68.8,48.3
"159938","USC00047888",68.9,48.3
"159939","USC00047888",69.1,48.4
"159940","USC00047888",69.2,48.4
"159941","USC00047888",69.3,48.5
"159942","USC00047888",69.5,48.6
"192883","USC00052223",46.1,18
"192884","USC00052223",46.3,18.1
"192885","USC00052223",46.5,18.3
"192886","USC00052223",46.6,18.4
"192887","USC00052223",46.8,18.5
"192888","USC00052223",47,18.6
"192889","USC00052223",47.2,18.8
"192890","USC00052223",47.4,18.9
"192891","USC00052223",47.6,19
"192892","USC00052223",47.7,19.1
"192893","USC00052223",47.9,19.2
"192894","USC00052223",48,19.3
"192895","USC00052223",48.1,19.3
"192896","USC00052223",48.2,19.4
"192897","USC00052223",48.3,19.4
"192898","USC00052223",48.4,19.4
"192899","USC00052223",48.4,19.5
"192900","USC00052223",48.5,19.5
"192901","USC00052223",48.5,19.5
"192902","USC00052223",48.5,19.4
"192903","USC00052223",48.5,19.4
"192904","USC00052223",48.5,19.3
"192905","USC00052223",48.4,19.3
"192906","USC00052223",48.4,19.2
"192907","USC00052223",48.3,19.2
"192908","USC00052223",48.2,19.1
"192909","USC00052223",48.1,19
"192910","USC00052223",48,18.9
"192911","USC00052223",47.9,18.8
"192912","USC00052223",47.8,18.7
"192913","USC00052223",47.7,18.6
"192914","USC00052223",47.6,18.5
"192915","USC00052223",47.4,18.4
"192916","USC00052223",47.3,18.4
"192917","USC00052223",47.2,18.3
"192918","USC00052223",47.1,18.2
"192919","USC00052223",47,18.2
"192920","USC00052223",47,18.1
"192921","USC00052223",46.9,18.1
"192922","USC00052223",46.9,18.1
"192923","USC00052223",46.8,18.1
"192924","USC00052223",46.8,18.2
"192925","USC00052223",46.9,18.2
"192926","USC00052223",46.9,18.3
"192927","USC00052223",47,18.4
"192928","USC00052223",47,18.5
"192929","USC00052223",47.2,18.7
"192930","USC00052223",47.3,18.9
"192931","USC00052223",47.5,19.1
"192932","USC00052223",47.7,19.3
"192933","USC00052223",47.9,19.5
"192934","USC00052223",48.2,19.8
"192935","USC00052223",48.5,20.1
"192936","USC00052223",48.8,20.4
"192937","USC00052223",49.1,20.8
"192938","USC00052223",49.5,21.1
"192939","USC00052223",49.9,21.5
"192940","USC00052223",50.3,21.9
"192941","USC00052223",50.8,22.3
"192942","USC00052223",51,22.5
"192943","USC00052223",51.2,22.7
"192944","USC00052223",51.7,23.2
"192945","USC00052223",52.2,23.6
"192946","USC00052223",52.7,24.1
"192947","USC00052223",53.2,24.5
"192948","USC00052223",53.8,25
"192949","USC00052223",54.3,25.5
"192950","USC00052223",54.9,25.9
"192951","USC00052223",55.4,26.4
"192952","USC00052223",56,26.9
"192953","USC00052223",56.5,27.3
"192954","USC00052223",57.1,27.8
"192955","USC00052223",57.6,28.2
"192956","USC00052223",58.1,28.6
"192957","USC00052223",58.6,29.1
"192958","USC00052223",59.2,29.5
"192959","USC00052223",59.6,29.9
"192960","USC00052223",60.1,30.2
"192961","USC00052223",60.6,30.6
"192962","USC00052223",61,30.9
"192963","USC00052223",61.4,31.2
"192964","USC00052223",61.8,31.5
"192965","USC00052223",62.2,31.8
"192966","USC00052223",62.5,32
"192967","USC00052223",62.8,32.3
"192968","USC00052223",63.1,32.5
"192969","USC00052223",63.4,32.7
"192970","USC00052223",63.6,32.8
"192971","USC00052223",63.8,33
"192972","USC00052223",64,33.1
"192973","USC00052223",64.2,33.2
"192974","USC00052223",64.3,33.3
"192975","USC00052223",64.4,33.4
"192976","USC00052223",64.5,33.5
"192977","USC00052223",64.6,33.6
"192978","USC00052223",64.6,33.6
"192979","USC00052223",64.7,33.7
"192980","USC00052223",64.7,33.7
"192981","USC00052223",64.7,33.8
"192982","USC00052223",64.7,33.8
"192983","USC00052223",64.7,33.8
"192984","USC00052223",64.6,33.9
"192985","USC00052223",64.6,33.9
"192986","USC00052223",64.6,34
"192987","USC00052223",64.5,34
"192988","USC00052223",64.5,34.1
"192989","USC00052223",64.5,34.2
"192990","USC00052223",64.4,34.2
"192991","USC00052223",64.4,34.3
"192992","USC00052223",64.4,34.5
"192993","USC00052223",64.4,34.6
"192994","USC00052223",64.4,34.7
"192995","USC00052223",64.4,34.9
"192996","USC00052223",64.5,35.1
"192997","USC00052223",64.5,35.3
"192998","USC00052223",64.6,35.5
"192999","USC00052223",64.7,35.7
"193000","USC00052223",64.8,36
"193001","USC00052223",64.9,36.3
"193002","USC00052223",65.1,36.6
"193003","USC00052223",65.3,36.9
"193004","USC00052223",65.5,37.2
"193005","USC00052223",65.7,37.6
"193006","USC00052223",66,37.9
"193007","USC00052223",66.3,38.3
"193008","USC00052223",66.6,38.7
"193009","USC00052223",66.9,39.1
"193010","USC00052223",67.3,39.5
"193011","USC00052223",67.6,40
"193012","USC00052223",68,40.4
"193013","USC00052223",68.5,40.9
"193014","USC00052223",68.9,41.3
"193015","USC00052223",69.4,41.8
"193016","USC00052223",69.8,42.3
"193017","USC00052223",70.3,42.7
"193018","USC00052223",70.9,43.2
"193019","USC00052223",71.4,43.7
"193020","USC00052223",71.9,44.2
"193021","USC00052223",72.5,44.6
"193022","USC00052223",73,45.1
"193023","USC00052223",73.6,45.6
"193024","USC00052223",74.2,46
"193025","USC00052223",74.8,46.5
"193026","USC00052223",75.4,47
"193027","USC00052223",76,47.4
"193028","USC00052223",76.6,47.8
"193029","USC00052223",77.2,48.3
"193030","USC00052223",77.8,48.7
"193031","USC00052223",78.4,49.1
"193032","USC00052223",78.9,49.5
"193033","USC00052223",79.5,49.9
"193034","USC00052223",80.1,50.3
"193035","USC00052223",80.7,50.6
"193036","USC00052223",81.3,51
"193037","USC00052223",81.8,51.4
"193038","USC00052223",82.4,51.7
"193039","USC00052223",82.9,52
"193040","USC00052223",83.4,52.4
"193041","USC00052223",83.9,52.7
"193042","USC00052223",84.4,53
"193043","USC00052223",84.9,53.3
"193044","USC00052223",85.4,53.6
"193045","USC00052223",85.9,53.9
"193046","USC00052223",86.3,54.2
"193047","USC00052223",86.7,54.5
"193048","USC00052223",87.1,54.7
"193049","USC00052223",87.5,55
"193050","USC00052223",87.9,55.3
"193051","USC00052223",88.3,55.6
"193052","USC00052223",88.6,55.8
"193053","USC00052223",88.9,56.1
"193054","USC00052223",89.2,56.3
"193055","USC00052223",89.5,56.6
"193056","USC00052223",89.8,56.8
"193057","USC00052223",90,57.1
"193058","USC00052223",90.3,57.3
"193059","USC00052223",90.5,57.6
"193060","USC00052223",90.7,57.8
"193061","USC00052223",90.9,58.1
"193062","USC00052223",91.1,58.3
"193063","USC00052223",91.2,58.5
"193064","USC00052223",91.4,58.7
"193065","USC00052223",91.5,59
"193066","USC00052223",91.6,59.2
"193067","USC00052223",91.7,59.4
"193068","USC00052223",91.8,59.6
"193069","USC00052223",91.8,59.8
"193070","USC00052223",91.9,60
"193071","USC00052223",91.9,60.1
"193072","USC00052223",91.9,60.3
"193073","USC00052223",92,60.5
"193074","USC00052223",92,60.6
"193075","USC00052223",92,60.8
"193076","USC00052223",91.9,60.9
"193077","USC00052223",91.9,61
"193078","USC00052223",91.9,61.1
"193079","USC00052223",91.9,61.2
"193080","USC00052223",91.8,61.3
"193081","USC00052223",91.8,61.3
"193082","USC00052223",91.7,61.4
"193083","USC00052223",91.7,61.4
"193084","USC00052223",91.6,61.5
"193085","USC00052223",91.5,61.5
"193086","USC00052223",91.5,61.5
"193087","USC00052223",91.4,61.5
"193088","USC00052223",91.3,61.5
"193089","USC00052223",91.3,61.4
"193090","USC00052223",91.2,61.4
"193091","USC00052223",91.2,61.3
"193092","USC00052223",91.1,61.3
"193093","USC00052223",91,61.2
"193094","USC00052223",91,61.1
"193095","USC00052223",90.9,61
"193096","USC00052223",90.9,60.9
"193097","USC00052223",90.8,60.8
"193098","USC00052223",90.8,60.7
"193099","USC00052223",90.7,60.5
"193100","USC00052223",90.7,60.4
"193101","USC00052223",90.7,60.3
"193102","USC00052223",90.7,60.1
"193103","USC00052223",90.6,60
"193104","USC00052223",90.6,59.8
"193105","USC00052223",90.6,59.6
"193106","USC00052223",90.6,59.5
"193107","USC00052223",90.5,59.3
"193108","USC00052223",90.5,59.1
"193109","USC00052223",90.5,59
"193110","USC00052223",90.5,58.8
"193111","USC00052223",90.5,58.6
"193112","USC00052223",90.4,58.4
"193113","USC00052223",90.4,58.3
"193114","USC00052223",90.4,58.1
"193115","USC00052223",90.3,57.9
"193116","USC00052223",90.3,57.7
"193117","USC00052223",90.2,57.5
"193118","USC00052223",90.1,57.3
"193119","USC00052223",90.1,57.1
"193120","USC00052223",90,56.9
"193121","USC00052223",89.8,56.7
"193122","USC00052223",89.7,56.5
"193123","USC00052223",89.6,56.3
"193124","USC00052223",89.4,56
"193125","USC00052223",89.2,55.8
"193126","USC00052223",89,55.5
"193127","USC00052223",88.8,55.3
"193128","USC00052223",88.6,55
"193129","USC00052223",88.3,54.7
"193130","USC00052223",88,54.5
"193131","USC00052223",87.7,54.2
"193132","USC00052223",87.4,53.8
"193133","USC00052223",87,53.5
"193134","USC00052223",86.7,53.2
"193135","USC00052223",86.3,52.8
"193136","USC00052223",85.9,52.5
"193137","USC00052223",85.4,52.1
"193138","USC00052223",85,51.7
"193139","USC00052223",84.5,51.3
"193140","USC00052223",84,50.9
"193141","USC00052223",83.5,50.5
"193142","USC00052223",82.9,50
"193143","USC00052223",82.4,49.6
"193144","USC00052223",81.8,49.1
"193145","USC00052223",81.2,48.6
"193146","USC00052223",80.6,48.1
"193147","USC00052223",80,47.6
"193148","USC00052223",79.4,47.1
"193149","USC00052223",78.8,46.6
"193150","USC00052223",78.2,46.1
"193151","USC00052223",77.5,45.5
"193152","USC00052223",76.9,45
"193153","USC00052223",76.3,44.5
"193154","USC00052223",75.6,43.9
"193155","USC00052223",75,43.4
"193156","USC00052223",74.4,42.9
"193157","USC00052223",73.8,42.3
"193158","USC00052223",73.2,41.8
"193159","USC00052223",72.6,41.3
"193160","USC00052223",72,40.8
"193161","USC00052223",71.5,40.3
"193162","USC00052223",70.9,39.8
"193163","USC00052223",70.4,39.3
"193164","USC00052223",69.9,38.8
"193165","USC00052223",69.4,38.3
"193166","USC00052223",68.9,37.8
"193167","USC00052223",68.5,37.4
"193168","USC00052223",68,37
"193169","USC00052223",67.6,36.5
"193170","USC00052223",67.2,36.1
"193171","USC00052223",66.8,35.8
"193172","USC00052223",66.4,35.4
"193173","USC00052223",66.1,35
"193174","USC00052223",65.8,34.7
"193175","USC00052223",65.5,34.3
"193176","USC00052223",65.2,34
"193177","USC00052223",64.9,33.7
"193178","USC00052223",64.6,33.4
"193179","USC00052223",64.4,33.1
"193180","USC00052223",64.1,32.9
"193181","USC00052223",63.9,32.6
"193182","USC00052223",63.6,32.4
"193183","USC00052223",63.4,32.1
"193184","USC00052223",63.2,31.9
"193185","USC00052223",63,31.6
"193186","USC00052223",62.8,31.4
"193187","USC00052223",62.5,31.2
"193188","USC00052223",62.3,31
"193189","USC00052223",62.1,30.7
"193190","USC00052223",61.9,30.5
"193191","USC00052223",61.6,30.3
"193192","USC00052223",61.4,30.1
"193193","USC00052223",61.1,29.8
"193194","USC00052223",60.8,29.6
"193195","USC00052223",60.5,29.3
"193196","USC00052223",60.2,29.1
"193197","USC00052223",59.9,28.8
"193198","USC00052223",59.6,28.5
"193199","USC00052223",59.2,28.3
"193200","USC00052223",58.9,28
"193201","USC00052223",58.5,27.7
"193202","USC00052223",58.1,27.4
"193203","USC00052223",57.7,27
"193204","USC00052223",57.3,26.7
"193205","USC00052223",56.8,26.4
"193206","USC00052223",56.4,26
"193207","USC00052223",55.9,25.7
"193208","USC00052223",55.4,25.3
"193209","USC00052223",54.9,24.9
"193210","USC00052223",54.4,24.6
"193211","USC00052223",54,24.2
"193212","USC00052223",53.4,23.8
"193213","USC00052223",52.9,23.4
"193214","USC00052223",52.4,23
"193215","USC00052223",51.9,22.7
"193216","USC00052223",51.4,22.3
"193217","USC00052223",50.9,21.9
"193218","USC00052223",50.4,21.5
"193219","USC00052223",50,21.2
"193220","USC00052223",49.5,20.8
"193221","USC00052223",49.1,20.5
"193222","USC00052223",48.6,20.1
"193223","USC00052223",48.2,19.8
"193224","USC00052223",47.8,19.5
"193225","USC00052223",47.4,19.2
"193226","USC00052223",47.1,19
"193227","USC00052223",46.7,18.7
"193228","USC00052223",46.4,18.5
"193229","USC00052223",46.2,18.3
"193230","USC00052223",45.9,18.1
"193231","USC00052223",45.7,17.9
"193232","USC00052223",45.5,17.7
"193233","USC00052223",45.3,17.6
"193234","USC00052223",45.2,17.5
"193235","USC00052223",45.1,17.4
"193236","USC00052223",45,17.3
"193237","USC00052223",45,17.3
"193238","USC00052223",44.9,17.3
"193239","USC00052223",44.9,17.3
"193240","USC00052223",45,17.3
"193241","USC00052223",45,17.3
"193242","USC00052223",45.1,17.4
"193243","USC00052223",45.2,17.4
"193244","USC00052223",45.3,17.5
"193245","USC00052223",45.4,17.6
"193246","USC00052223",45.6,17.7
"193247","USC00052223",45.7,17.8
"193248","USC00052223",45.9,17.9
"258763","USC00083909",76.6,61.1
"258764","USC00083909",76.5,60.9
"258765","USC00083909",76.4,60.7
"258766","USC00083909",76.3,60.5
"258767","USC00083909",76.2,60.3
"258768","USC00083909",76.1,60.1
"258769","USC00083909",76,59.9
"258770","USC00083909",75.9,59.8
"258771","USC00083909",75.8,59.6
"258772","USC00083909",75.8,59.5
"258773","USC00083909",75.7,59.4
"258774","USC00083909",75.7,59.3
"258775","USC00083909",75.6,59.2
"258776","USC00083909",75.6,59.1
"258777","USC00083909",75.6,59.1
"258778","USC00083909",75.6,59
"258779","USC00083909",75.5,59
"258780","USC00083909",75.6,59
"258781","USC00083909",75.6,59.1
"258782","USC00083909",75.6,59.1
"258783","USC00083909",75.6,59.2
"258784","USC00083909",75.7,59.2
"258785","USC00083909",75.7,59.3
"258786","USC00083909",75.8,59.4
"258787","USC00083909",75.8,59.6
"258788","USC00083909",75.9,59.7
"258789","USC00083909",76,59.8
"258790","USC00083909",76.1,60
"258791","USC00083909",76.2,60.1
"258792","USC00083909",76.3,60.3
"258793","USC00083909",76.4,60.5
"258794","USC00083909",76.5,60.7
"258795","USC00083909",76.6,60.9
"258796","USC00083909",76.7,61
"258797","USC00083909",76.8,61.2
"258798","USC00083909",76.9,61.4
"258799","USC00083909",77,61.6
"258800","USC00083909",77.1,61.8
"258801","USC00083909",77.2,62
"258802","USC00083909",77.3,62.1
"258803","USC00083909",77.4,62.3
"258804","USC00083909",77.5,62.5
"258805","USC00083909",77.6,62.6
"258806","USC00083909",77.7,62.8
"258807","USC00083909",77.8,62.9
"258808","USC00083909",77.9,63
"258809","USC00083909",77.9,63.2
"258810","USC00083909",78,63.3
"258811","USC00083909",78.1,63.4
"258812","USC00083909",78.1,63.4
"258813","USC00083909",78.2,63.5
"258814","USC00083909",78.3,63.6
"258815","USC00083909",78.3,63.7
"258816","USC00083909",78.4,63.7
"258817","USC00083909",78.4,63.7
"258818","USC00083909",78.4,63.8
"258819","USC00083909",78.5,63.8
"258820","USC00083909",78.5,63.8
"258821","USC00083909",78.5,63.8
"258822","USC00083909",78.6,63.9
"258823","USC00083909",78.6,63.9
"258824","USC00083909",78.6,63.9
"258825","USC00083909",78.6,63.9
"258826","USC00083909",78.7,63.9
"258827","USC00083909",78.7,63.9
"258828","USC00083909",78.8,63.9
"258829","USC00083909",78.8,63.9
"258830","USC00083909",78.8,63.9
"258831","USC00083909",78.9,64
"258832","USC00083909",78.9,64
"258833","USC00083909",79,64
"258834","USC00083909",79,64.1
"258835","USC00083909",79.1,64.1
"258836","USC00083909",79.2,64.2
"258837","USC00083909",79.3,64.3
"258838","USC00083909",79.4,64.3
"258839","USC00083909",79.4,64.4
"258840","USC00083909",79.5,64.5
"258841","USC00083909",79.7,64.6
"258842","USC00083909",79.8,64.8
"258843","USC00083909",79.9,64.9
"258844","USC00083909",80,65
"258845","USC00083909",80.2,65.2
"258846","USC00083909",80.3,65.4
"258847","USC00083909",80.4,65.5
"258848","USC00083909",80.6,65.7
"258849","USC00083909",80.8,65.9
"258850","USC00083909",80.9,66.1
"258851","USC00083909",81.1,66.3
"258852","USC00083909",81.3,66.5
"258853","USC00083909",81.4,66.7
"258854","USC00083909",81.6,67
"258855","USC00083909",81.8,67.2
"258856","USC00083909",82,67.4
"258857","USC00083909",82.1,67.6
"258858","USC00083909",82.3,67.8
"258859","USC00083909",82.5,68.1
"258860","USC00083909",82.7,68.3
"258861","USC00083909",82.9,68.5
"258862","USC00083909",83,68.7
"258863","USC00083909",83.2,68.9
"258864","USC00083909",83.4,69.1
"258865","USC00083909",83.5,69.3
"258866","USC00083909",83.7,69.5
"258867","USC00083909",83.8,69.7
"258868","USC00083909",84,69.9
"258869","USC00083909",84.1,70
"258870","USC00083909",84.2,70.2
"258871","USC00083909",84.3,70.3
"258872","USC00083909",84.5,70.4
"258873","USC00083909",84.6,70.5
"258874","USC00083909",84.7,70.6
"258875","USC00083909",84.8,70.7
"258876","USC00083909",84.8,70.8
"258877","USC00083909",84.9,70.9
"258878","USC00083909",85,71
"258879","USC00083909",85.1,71
"258880","USC00083909",85.1,71.1
"258881","USC00083909",85.2,71.1
"258882","USC00083909",85.2,71.1
"258883","USC00083909",85.3,71.2
"258884","USC00083909",85.3,71.2
"258885","USC00083909",85.3,71.2
"258886","USC00083909",85.4,71.2
"258887","USC00083909",85.4,71.3
"258888","USC00083909",85.4,71.3
"258889","USC00083909",85.5,71.3
"258890","USC00083909",85.5,71.3
"258891","USC00083909",85.5,71.3
"258892","USC00083909",85.6,71.4
"258893","USC00083909",85.6,71.4
"258894","USC00083909",85.6,71.4
"258895","USC00083909",85.7,71.5
"258896","USC00083909",85.7,71.5
"258897","USC00083909",85.7,71.6
"258898","USC00083909",85.8,71.6
"258899","USC00083909",85.8,71.7
"258900","USC00083909",85.9,71.8
"258901","USC00083909",86,71.9
"258902","USC00083909",86,72
"258903","USC00083909",86.1,72.1
"258904","USC00083909",86.2,72.2
"258905","USC00083909",86.3,72.3
"258906","USC00083909",86.3,72.4
"258907","USC00083909",86.4,72.6
"258908","USC00083909",86.5,72.7
"258909","USC00083909",86.6,72.9
"258910","USC00083909",86.7,73
"258911","USC00083909",86.9,73.2
"258912","USC00083909",87,73.4
"258913","USC00083909",87.1,73.6
"258914","USC00083909",87.2,73.8
"258915","USC00083909",87.3,73.9
"258916","USC00083909",87.5,74.1
"258917","USC00083909",87.6,74.3
"258918","USC00083909",87.7,74.5
"258919","USC00083909",87.9,74.7
"258920","USC00083909",88,74.9
"258921","USC00083909",88.1,75.1
"258922","USC00083909",88.2,75.3
"258923","USC00083909",88.4,75.4
"258924","USC00083909",88.5,75.6
"258925","USC00083909",88.6,75.8
"258926","USC00083909",88.7,75.9
"258927","USC00083909",88.8,76.1
"258928","USC00083909",88.9,76.2
"258929","USC00083909",89,76.4
"258930","USC00083909",89.1,76.5
"258931","USC00083909",89.2,76.6
"258932","USC00083909",89.3,76.7
"258933","USC00083909",89.4,76.8
"258934","USC00083909",89.5,76.9
"258935","USC00083909",89.5,77
"258936","USC00083909",89.6,77
"258937","USC00083909",89.6,77.1
"258938","USC00083909",89.7,77.1
"258939","USC00083909",89.7,77.1
"258940","USC00083909",89.7,77.2
"258941","USC00083909",89.8,77.2
"258942","USC00083909",89.8,77.2
"258943","USC00083909",89.8,77.2
"258944","USC00083909",89.8,77.2
"258945","USC00083909",89.8,77.2
"258946","USC00083909",89.8,77.1
"258947","USC00083909",89.8,77.1
"258948","USC00083909",89.8,77.1
"258949","USC00083909",89.8,77.1
"258950","USC00083909",89.8,77
"258951","USC00083909",89.8,77
"258952","USC00083909",89.8,76.9
"258953","USC00083909",89.8,76.9
"258954","USC00083909",89.8,76.9
"258955","USC00083909",89.8,76.8
"258956","USC00083909",89.7,76.8
"258957","USC00083909",89.7,76.8
"258958","USC00083909",89.7,76.8
"258959","USC00083909",89.7,76.7
"258960","USC00083909",89.7,76.7
"258961","USC00083909",89.7,76.7
"258962","USC00083909",89.7,76.7
"258963","USC00083909",89.7,76.7
"258964","USC00083909",89.7,76.7
"258965","USC00083909",89.7,76.7
"258966","USC00083909",89.8,76.8
"258967","USC00083909",89.8,76.8
"258968","USC00083909",89.8,76.8
"258969","USC00083909",89.8,76.8
"258970","USC00083909",89.8,76.9
"258971","USC00083909",89.9,76.9
"258972","USC00083909",89.9,77
"258973","USC00083909",89.9,77
"258974","USC00083909",90,77.1
"258975","USC00083909",90,77.1
"258976","USC00083909",90.1,77.2
"258977","USC00083909",90.1,77.3
"258978","USC00083909",90.1,77.3
"258979","USC00083909",90.2,77.4
"258980","USC00083909",90.2,77.4
"258981","USC00083909",90.2,77.5
"258982","USC00083909",90.3,77.5
"258983","USC00083909",90.3,77.6
"258984","USC00083909",90.3,77.6
"258985","USC00083909",90.4,77.7
"258986","USC00083909",90.4,77.7
"258987","USC00083909",90.4,77.7
"258988","USC00083909",90.4,77.8
"258989","USC00083909",90.5,77.8
"258990","USC00083909",90.5,77.8
"258991","USC00083909",90.5,77.8
"258992","USC00083909",90.5,77.8
"258993","USC00083909",90.5,77.8
"258994","USC00083909",90.5,77.8
"258995","USC00083909",90.4,77.8
"258996","USC00083909",90.4,77.8
"258997","USC00083909",90.4,77.8
"258998","USC00083909",90.4,77.7
"258999","USC00083909",90.3,77.7
"259000","USC00083909",90.3,77.6
"259001","USC00083909",90.3,77.6
"259002","USC00083909",90.2,77.5
"259003","USC00083909",90.2,77.5
"259004","USC00083909",90.1,77.4
"259005","USC00083909",90,77.4
"259006","USC00083909",90,77.3
"259007","USC00083909",89.9,77.2
"259008","USC00083909",89.8,77.1
"259009","USC00083909",89.8,77.1
"259010","USC00083909",89.7,77
"259011","USC00083909",89.6,76.9
"259012","USC00083909",89.6,76.9
"259013","USC00083909",89.5,76.8
"259014","USC00083909",89.4,76.7
"259015","USC00083909",89.3,76.7
"259016","USC00083909",89.3,76.6
"259017","USC00083909",89.2,76.6
"259018","USC00083909",89.1,76.5
"259019","USC00083909",89.1,76.5
"259020","USC00083909",89,76.4
"259021","USC00083909",88.9,76.4
"259022","USC00083909",88.8,76.3
"259023","USC00083909",88.8,76.3
"259024","USC00083909",88.7,76.2
"259025","USC00083909",88.6,76.2
"259026","USC00083909",88.6,76.2
"259027","USC00083909",88.5,76.1
"259028","USC00083909",88.4,76.1
"259029","USC00083909",88.4,76
"259030","USC00083909",88.3,76
"259031","USC00083909",88.3,76
"259032","USC00083909",88.2,75.9
"259033","USC00083909",88.1,75.9
"259034","USC00083909",88.1,75.9
"259035","USC00083909",88,75.8
"259036","USC00083909",87.9,75.7
"259037","USC00083909",87.8,75.7
"259038","USC00083909",87.8,75.6
"259039","USC00083909",87.7,75.5
"259040","USC00083909",87.6,75.5
"259041","USC00083909",87.5,75.4
"259042","USC00083909",87.4,75.3
"259043","USC00083909",87.3,75.2
"259044","USC00083909",87.2,75.1
"259045","USC00083909",87.1,74.9
"259046","USC00083909",87,74.8
"259047","USC00083909",86.9,74.6
"259048","USC00083909",86.8,74.5
"259049","USC00083909",86.6,74.3
"259050","USC00083909",86.5,74.1
"259051","USC00083909",86.4,73.9
"259052","USC00083909",86.2,73.7
"259053","USC00083909",86.1,73.5
"259054","USC00083909",85.9,73.3
"259055","USC00083909",85.7,73.1
"259056","USC00083909",85.6,72.9
"259057","USC00083909",85.4,72.6
"259058","USC00083909",85.2,72.4
"259059","USC00083909",85,72.1
"259060","USC00083909",84.8,71.8
"259061","USC00083909",84.6,71.6
"259062","USC00083909",84.4,71.3
"259063","USC00083909",84.2,71
"259064","USC00083909",84.1,70.8
"259065","USC00083909",83.9,70.5
"259066","USC00083909",83.7,70.2
"259067","USC00083909",83.4,70
"259068","USC00083909",83.2,69.7
"259069","USC00083909",83.1,69.5
"259070","USC00083909",82.9,69.2
"259071","USC00083909",82.7,69
"259072","USC00083909",82.5,68.7
"259073","USC00083909",82.3,68.5
"259074","USC00083909",82.1,68.3
"259075","USC00083909",81.9,68.1
"259076","USC00083909",81.7,67.9
"259077","USC00083909",81.6,67.7
"259078","USC00083909",81.4,67.5
"259079","USC00083909",81.3,67.3
"259080","USC00083909",81.1,67.2
"259081","USC00083909",81,67
"259082","USC00083909",80.8,66.9
"259083","USC00083909",80.7,66.8
"259084","USC00083909",80.6,66.7
"259085","USC00083909",80.5,66.6
"259086","USC00083909",80.4,66.5
"259087","USC00083909",80.3,66.4
"259088","USC00083909",80.2,66.3
"259089","USC00083909",80.1,66.2
"259090","USC00083909",80,66.2
"259091","USC00083909",79.9,66.1
"259092","USC00083909",79.8,66.1
"259093","USC00083909",79.8,66.1
"259094","USC00083909",79.7,66
"259095","USC00083909",79.6,66
"259096","USC00083909",79.6,66
"259097","USC00083909",79.5,65.9
"259098","USC00083909",79.5,65.9
"259099","USC00083909",79.4,65.8
"259100","USC00083909",79.3,65.8
"259101","USC00083909",79.3,65.8
"259102","USC00083909",79.2,65.7
"259103","USC00083909",79.2,65.7
"259104","USC00083909",79.1,65.6
"259105","USC00083909",79,65.5
"259106","USC00083909",79,65.4
"259107","USC00083909",78.9,65.3
"259108","USC00083909",78.8,65.2
"259109","USC00083909",78.8,65.1
"259110","USC00083909",78.7,65
"259111","USC00083909",78.6,64.9
"259112","USC00083909",78.5,64.7
"259113","USC00083909",78.4,64.6
"259114","USC00083909",78.3,64.4
"259115","USC00083909",78.2,64.2
"259116","USC00083909",78.1,64
"259117","USC00083909",78,63.8
"259118","USC00083909",77.9,63.6
"259119","USC00083909",77.8,63.4
"259120","USC00083909",77.7,63.2
"259121","USC00083909",77.6,63
"259122","USC00083909",77.5,62.7
"259123","USC00083909",77.3,62.5
"259124","USC00083909",77.2,62.3
"259125","USC00083909",77.1,62
"259126","USC00083909",77,61.8
"259127","USC00083909",76.8,61.6
"259128","USC00083909",76.7,61.3
"260959","USC00084366",66.8,51.6
"260960","USC00084366",66.6,51.4
"260961","USC00084366",66.5,51.1
"260962","USC00084366",66.3,50.9
"260963","USC00084366",66.2,50.7
"260964","USC00084366",66,50.5
"260965","USC00084366",65.9,50.3
"260966","USC00084366",65.7,50.1
"260967","USC00084366",65.6,49.9
"260968","USC00084366",65.5,49.8
"260969","USC00084366",65.4,49.6
"260970","USC00084366",65.3,49.5
"260971","USC00084366",65.2,49.3
"260972","USC00084366",65.1,49.2
"260973","USC00084366",65,49.1
"260974","USC00084366",64.9,49
"260975","USC00084366",64.9,49
"260976","USC00084366",64.8,48.9
"260977","USC00084366",64.8,48.9
"260978","USC00084366",64.8,48.8
"260979","USC00084366",64.8,48.8
"260980","USC00084366",64.8,48.8
"260981","USC00084366",64.9,48.9
"260982","USC00084366",64.9,48.9
"260983","USC00084366",65,48.9
"260984","USC00084366",65,49
"260985","USC00084366",65.1,49.1
"260986","USC00084366",65.2,49.2
"260987","USC00084366",65.3,49.3
"260988","USC00084366",65.5,49.4
"260989","USC00084366",65.6,49.5
"260990","USC00084366",65.7,49.7
"260991","USC00084366",65.9,49.8
"260992","USC00084366",66.1,50
"260993","USC00084366",66.2,50.2
"260994","USC00084366",66.4,50.3
"260995","USC00084366",66.6,50.5
"260996","USC00084366",66.8,50.7
"260997","USC00084366",67,50.9
"260998","USC00084366",67.2,51.1
"260999","USC00084366",67.4,51.3
"261000","USC00084366",67.6,51.5
"261001","USC00084366",67.8,51.6
"261002","USC00084366",68,51.8
"261003","USC00084366",68.2,52
"261004","USC00084366",68.4,52.2
"261005","USC00084366",68.6,52.4
"261006","USC00084366",68.8,52.6
"261007","USC00084366",69,52.8
"261008","USC00084366",69.2,53
"261009","USC00084366",69.4,53.2
"261010","USC00084366",69.6,53.3
"261011","USC00084366",69.8,53.5
"261012","USC00084366",70,53.7
"261013","USC00084366",70.1,53.8
"261014","USC00084366",70.3,54
"261015","USC00084366",70.5,54.2
"261016","USC00084366",70.6,54.3
"261017","USC00084366",70.8,54.5
"261018","USC00084366",70.9,54.5
"261019","USC00084366",70.9,54.6
"261020","USC00084366",71.1,54.7
"261021","USC00084366",71.2,54.9
"261022","USC00084366",71.3,55
"261023","USC00084366",71.5,55.2
"261024","USC00084366",71.6,55.3
"261025","USC00084366",71.7,55.4
"261026","USC00084366",71.8,55.6
"261027","USC00084366",71.9,55.7
"261028","USC00084366",72.1,55.8
"261029","USC00084366",72.2,56
"261030","USC00084366",72.3,56.1
"261031","USC00084366",72.4,56.3
"261032","USC00084366",72.5,56.4
"261033","USC00084366",72.6,56.6
"261034","USC00084366",72.7,56.7
"261035","USC00084366",72.8,56.9
"261036","USC00084366",73,57.1
"261037","USC00084366",73.1,57.2
"261038","USC00084366",73.2,57.4
"261039","USC00084366",73.3,57.6
"261040","USC00084366",73.5,57.8
"261041","USC00084366",73.6,58
"261042","USC00084366",73.8,58.2
"261043","USC00084366",73.9,58.4
"261044","USC00084366",74.1,58.6
"261045","USC00084366",74.2,58.8
"261046","USC00084366",74.4,59.1
"261047","USC00084366",74.5,59.3
"261048","USC00084366",74.7,59.5
"261049","USC00084366",74.9,59.8
"261050","USC00084366",75.1,60
"261051","USC00084366",75.2,60.3
"261052","USC00084366",75.4,60.5
"261053","USC00084366",75.6,60.8
"261054","USC00084366",75.8,61.1
"261055","USC00084366",76,61.3
"261056","USC00084366",76.2,61.6
"261057","USC00084366",76.4,61.9
"261058","USC00084366",76.6,62.1
"261059","USC00084366",76.8,62.4
"261060","USC00084366",77,62.7
"261061","USC00084366",77.2,63
"261062","USC00084366",77.4,63.2
"261063","USC00084366",77.6,63.5
"261064","USC00084366",77.8,63.8
"261065","USC00084366",78,64
"261066","USC00084366",78.2,64.3
"261067","USC00084366",78.4,64.5
"261068","USC00084366",78.6,64.8
"261069","USC00084366",78.8,65
"261070","USC00084366",79,65.3
"261071","USC00084366",79.2,65.5
"261072","USC00084366",79.4,65.8
"261073","USC00084366",79.6,66
"261074","USC00084366",79.8,66.2
"261075","USC00084366",80,66.4
"261076","USC00084366",80.1,66.7
"261077","USC00084366",80.3,66.9
"261078","USC00084366",80.5,67.1
"261079","USC00084366",80.6,67.3
"261080","USC00084366",80.8,67.5
"261081","USC00084366",81,67.7
"261082","USC00084366",81.1,67.9
"261083","USC00084366",81.3,68.1
"261084","USC00084366",81.4,68.3
"261085","USC00084366",81.6,68.5
"261086","USC00084366",81.7,68.6
"261087","USC00084366",81.9,68.8
"261088","USC00084366",82,69
"261089","USC00084366",82.2,69.2
"261090","USC00084366",82.3,69.4
"261091","USC00084366",82.5,69.5
"261092","USC00084366",82.6,69.7
"261093","USC00084366",82.8,69.9
"261094","USC00084366",82.9,70.1
"261095","USC00084366",83.1,70.3
"261096","USC00084366",83.2,70.5
"261097","USC00084366",83.4,70.6
"261098","USC00084366",83.5,70.8
"261099","USC00084366",83.7,71
"261100","USC00084366",83.8,71.2
"261101","USC00084366",84,71.4
"261102","USC00084366",84.2,71.6
"261103","USC00084366",84.3,71.8
"261104","USC00084366",84.5,72
"261105","USC00084366",84.7,72.2
"261106","USC00084366",84.8,72.4
"261107","USC00084366",85,72.6
"261108","USC00084366",85.2,72.8
"261109","USC00084366",85.3,73
"261110","USC00084366",85.5,73.2
"261111","USC00084366",85.7,73.4
"261112","USC00084366",85.9,73.5
"261113","USC00084366",86,73.7
"261114","USC00084366",86.2,73.9
"261115","USC00084366",86.4,74.1
"261116","USC00084366",86.5,74.3
"261117","USC00084366",86.7,74.5
"261118","USC00084366",86.8,74.7
"261119","USC00084366",87,74.9
"261120","USC00084366",87.2,75
"261121","USC00084366",87.3,75.2
"261122","USC00084366",87.4,75.3
"261123","USC00084366",87.6,75.5
"261124","USC00084366",87.7,75.6
"261125","USC00084366",87.8,75.8
"261126","USC00084366",88,75.9
"261127","USC00084366",88.1,76
"261128","USC00084366",88.2,76.2
"261129","USC00084366",88.3,76.3
"261130","USC00084366",88.4,76.4
"261131","USC00084366",88.5,76.5
"261132","USC00084366",88.6,76.6
"261133","USC00084366",88.6,76.6
"261134","USC00084366",88.7,76.7
"261135","USC00084366",88.8,76.8
"261136","USC00084366",88.8,76.8
"261137","USC00084366",88.9,76.9
"261138","USC00084366",88.9,76.9
"261139","USC00084366",89,77
"261140","USC00084366",89,77
"261141","USC00084366",89,77
"261142","USC00084366",89.1,77
"261143","USC00084366",89.1,77
"261144","USC00084366",89.1,77.1
"261145","USC00084366",89.1,77.1
"261146","USC00084366",89.1,77.1
"261147","USC00084366",89.1,77.1
"261148","USC00084366",89.2,77
"261149","USC00084366",89.2,77
"261150","USC00084366",89.2,77
"261151","USC00084366",89.2,77
"261152","USC00084366",89.2,77
"261153","USC00084366",89.2,77
"261154","USC00084366",89.2,77
"261155","USC00084366",89.2,77
"261156","USC00084366",89.2,77
"261157","USC00084366",89.2,77
"261158","USC00084366",89.2,76.9
"261159","USC00084366",89.2,76.9
"261160","USC00084366",89.2,76.9
"261161","USC00084366",89.2,76.9
"261162","USC00084366",89.2,76.9
"261163","USC00084366",89.2,76.9
"261164","USC00084366",89.3,77
"261165","USC00084366",89.3,77
"261166","USC00084366",89.3,77
"261167","USC00084366",89.3,77
"261168","USC00084366",89.3,77
"261169","USC00084366",89.3,77
"261170","USC00084366",89.4,77.1
"261171","USC00084366",89.4,77.1
"261172","USC00084366",89.4,77.1
"261173","USC00084366",89.4,77.1
"261174","USC00084366",89.4,77.2
"261175","USC00084366",89.5,77.2
"261176","USC00084366",89.5,77.2
"261177","USC00084366",89.5,77.3
"261178","USC00084366",89.5,77.3
"261179","USC00084366",89.5,77.3
"261180","USC00084366",89.5,77.3
"261181","USC00084366",89.5,77.4
"261182","USC00084366",89.5,77.4
"261183","USC00084366",89.5,77.4
"261184","USC00084366",89.5,77.5
"261185","USC00084366",89.5,77.5
"261186","USC00084366",89.4,77.5
"261187","USC00084366",89.4,77.5
"261188","USC00084366",89.4,77.5
"261189","USC00084366",89.3,77.5
"261190","USC00084366",89.3,77.5
"261191","USC00084366",89.2,77.6
"261192","USC00084366",89.2,77.6
"261193","USC00084366",89.1,77.5
"261194","USC00084366",89,77.5
"261195","USC00084366",89,77.5
"261196","USC00084366",88.9,77.5
"261197","USC00084366",88.8,77.5
"261198","USC00084366",88.7,77.5
"261199","USC00084366",88.6,77.4
"261200","USC00084366",88.5,77.4
"261201","USC00084366",88.4,77.3
"261202","USC00084366",88.3,77.3
"261203","USC00084366",88.2,77.3
"261204","USC00084366",88.1,77.2
"261205","USC00084366",88,77.1
"261206","USC00084366",87.9,77.1
"261207","USC00084366",87.7,77
"261208","USC00084366",87.6,76.9
"261209","USC00084366",87.5,76.9
"261210","USC00084366",87.4,76.8
"261211","USC00084366",87.2,76.7
"261212","USC00084366",87.1,76.6
"261213","USC00084366",87,76.5
"261214","USC00084366",86.9,76.4
"261215","USC00084366",86.7,76.3
"261216","USC00084366",86.6,76.2
"261217","USC00084366",86.5,76.1
"261218","USC00084366",86.3,76
"261219","USC00084366",86.2,75.9
"261220","USC00084366",86.1,75.8
"261221","USC00084366",86,75.7
"261222","USC00084366",85.8,75.5
"261223","USC00084366",85.7,75.4
"261224","USC00084366",85.6,75.2
"261225","USC00084366",85.5,75.1
"261226","USC00084366",85.3,74.9
"261227","USC00084366",85.2,74.8
"261228","USC00084366",85.1,74.6
"261229","USC00084366",84.9,74.4
"261230","USC00084366",84.8,74.3
"261231","USC00084366",84.6,74.1
"261232","USC00084366",84.5,73.9
"261233","USC00084366",84.4,73.7
"261234","USC00084366",84.2,73.5
"261235","USC00084366",84,73.3
"261236","USC00084366",83.9,73
"261237","USC00084366",83.7,72.8
"261238","USC00084366",83.5,72.5
"261239","USC00084366",83.4,72.3
"261240","USC00084366",83.2,72
"261241","USC00084366",83,71.8
"261242","USC00084366",82.8,71.5
"261243","USC00084366",82.6,71.2
"261244","USC00084366",82.3,70.9
"261245","USC00084366",82.1,70.6
"261246","USC00084366",81.9,70.3
"261247","USC00084366",81.6,70
"261248","USC00084366",81.4,69.6
"261249","USC00084366",81.1,69.3
"261250","USC00084366",80.9,69
"261251","USC00084366",80.6,68.6
"261252","USC00084366",80.3,68.3
"261253","USC00084366",80,67.9
"261254","USC00084366",79.7,67.6
"261255","USC00084366",79.4,67.2
"261256","USC00084366",79.1,66.8
"261257","USC00084366",78.8,66.5
"261258","USC00084366",78.5,66.1
"261259","USC00084366",78.2,65.8
"261260","USC00084366",77.9,65.4
"261261","USC00084366",77.5,65
"261262","USC00084366",77.2,64.7
"261263","USC00084366",76.9,64.3
"261264","USC00084366",76.6,64
"261265","USC00084366",76.2,63.6
"261266","USC00084366",75.9,63.3
"261267","USC00084366",75.6,63
"261268","USC00084366",75.3,62.6
"261269","USC00084366",75,62.3
"261270","USC00084366",74.7,62
"261271","USC00084366",74.4,61.7
"261272","USC00084366",74.1,61.4
"261273","USC00084366",73.8,61.1
"261274","USC00084366",73.6,60.9
"261275","USC00084366",73.3,60.6
"261276","USC00084366",73,60.3
"261277","USC00084366",72.8,60.1
"261278","USC00084366",72.6,59.9
"261279","USC00084366",72.3,59.6
"261280","USC00084366",72.1,59.4
"261281","USC00084366",71.9,59.2
"261282","USC00084366",71.7,59
"261283","USC00084366",71.5,58.8
"261284","USC00084366",71.4,58.7
"261285","USC00084366",71.2,58.5
"261286","USC00084366",71.1,58.3
"261287","USC00084366",70.9,58.2
"261288","USC00084366",70.8,58.1
"261289","USC00084366",70.7,57.9
"261290","USC00084366",70.5,57.8
"261291","USC00084366",70.4,57.6
"261292","USC00084366",70.3,57.5
"261293","USC00084366",70.2,57.4
"261294","USC00084366",70.1,57.3
"261295","USC00084366",70.1,57.1
"261296","USC00084366",70,57
"261297","USC00084366",69.9,56.9
"261298","USC00084366",69.8,56.8
"261299","USC00084366",69.8,56.6
"261300","USC00084366",69.7,56.5
"261301","USC00084366",69.6,56.4
"261302","USC00084366",69.5,56.2
"261303","USC00084366",69.5,56.1
"261304","USC00084366",69.4,56
"261305","USC00084366",69.3,55.8
"261306","USC00084366",69.2,55.6
"261307","USC00084366",69.2,55.5
"261308","USC00084366",69.1,55.3
"261309","USC00084366",69,55.1
"261310","USC00084366",68.9,54.9
"261311","USC00084366",68.8,54.7
"261312","USC00084366",68.7,54.5
"261313","USC00084366",68.5,54.3
"261314","USC00084366",68.4,54.1
"261315","USC00084366",68.3,53.9
"261316","USC00084366",68.2,53.7
"261317","USC00084366",68,53.5
"261318","USC00084366",67.9,53.2
"261319","USC00084366",67.7,53
"261320","USC00084366",67.6,52.8
"261321","USC00084366",67.4,52.5
"261322","USC00084366",67.3,52.3
"261323","USC00084366",67.1,52.1
"261324","USC00084366",66.9,51.8
"267181","USC00085667",77.2,60.8
"267182","USC00085667",77.1,60.6
"267183","USC00085667",77,60.4
"267184","USC00085667",76.9,60.2
"267185","USC00085667",76.8,60
"267186","USC00085667",76.7,59.8
"267187","USC00085667",76.6,59.6
"267188","USC00085667",76.5,59.4
"267189","USC00085667",76.5,59.3
"267190","USC00085667",76.4,59.1
"267191","USC00085667",76.4,59
"267192","USC00085667",76.3,58.9
"267193","USC00085667",76.3,58.8
"267194","USC00085667",76.3,58.7
"267195","USC00085667",76.3,58.6
"267196","USC00085667",76.2,58.5
"267197","USC00085667",76.3,58.5
"267198","USC00085667",76.3,58.5
"267199","USC00085667",76.3,58.4
"267200","USC00085667",76.3,58.4
"267201","USC00085667",76.4,58.5
"267202","USC00085667",76.4,58.5
"267203","USC00085667",76.5,58.5
"267204","USC00085667",76.5,58.6
"267205","USC00085667",76.6,58.6
"267206","USC00085667",76.7,58.7
"267207","USC00085667",76.8,58.8
"267208","USC00085667",76.9,58.9
"267209","USC00085667",77,59
"267210","USC00085667",77.1,59.2
"267211","USC00085667",77.2,59.3
"267212","USC00085667",77.3,59.4
"267213","USC00085667",77.4,59.6
"267214","USC00085667",77.5,59.7
"267215","USC00085667",77.6,59.9
"267216","USC00085667",77.7,60
"267217","USC00085667",77.8,60.2
"267218","USC00085667",78,60.3
"267219","USC00085667",78.1,60.5
"267220","USC00085667",78.2,60.6
"267221","USC00085667",78.3,60.8
"267222","USC00085667",78.4,60.9
"267223","USC00085667",78.5,61
"267224","USC00085667",78.6,61.2
"267225","USC00085667",78.7,61.3
"267226","USC00085667",78.8,61.4
"267227","USC00085667",78.8,61.6
"267228","USC00085667",78.9,61.7
"267229","USC00085667",79,61.8
"267230","USC00085667",79.1,61.9
"267231","USC00085667",79.1,62
"267232","USC00085667",79.2,62
"267233","USC00085667",79.3,62.1
"267234","USC00085667",79.3,62.2
"267235","USC00085667",79.4,62.2
"267236","USC00085667",79.4,62.3
"267237","USC00085667",79.5,62.3
"267238","USC00085667",79.5,62.4
"267239","USC00085667",79.6,62.4
"267240","USC00085667",79.6,62.5
"267241","USC00085667",79.6,62.5
"267242","USC00085667",79.6,62.5
"267243","USC00085667",79.7,62.5
"267244","USC00085667",79.7,62.6
"267245","USC00085667",79.8,62.6
"267246","USC00085667",79.8,62.6
"267247","USC00085667",79.9,62.7
"267248","USC00085667",79.9,62.7
"267249","USC00085667",80,62.7
"267250","USC00085667",80.1,62.8
"267251","USC00085667",80.1,62.8
"267252","USC00085667",80.2,62.9
"267253","USC00085667",80.3,62.9
"267254","USC00085667",80.4,63
"267255","USC00085667",80.5,63
"267256","USC00085667",80.6,63.1
"267257","USC00085667",80.7,63.2
"267258","USC00085667",80.8,63.3
"267259","USC00085667",80.9,63.4
"267260","USC00085667",81,63.5
"267261","USC00085667",81.2,63.6
"267262","USC00085667",81.3,63.7
"267263","USC00085667",81.4,63.9
"267264","USC00085667",81.6,64
"267265","USC00085667",81.7,64.2
"267266","USC00085667",81.9,64.3
"267267","USC00085667",82.1,64.5
"267268","USC00085667",82.2,64.7
"267269","USC00085667",82.4,64.9
"267270","USC00085667",82.6,65.1
"267271","USC00085667",82.8,65.3
"267272","USC00085667",83,65.5
"267273","USC00085667",83.1,65.7
"267274","USC00085667",83.3,65.9
"267275","USC00085667",83.5,66.1
"267276","USC00085667",83.7,66.3
"267277","USC00085667",83.9,66.5
"267278","USC00085667",84.1,66.7
"267279","USC00085667",84.2,67
"267280","USC00085667",84.4,67.2
"267281","USC00085667",84.6,67.4
"267282","USC00085667",84.7,67.6
"267283","USC00085667",84.9,67.8
"267284","USC00085667",85.1,68
"267285","USC00085667",85.2,68.2
"267286","USC00085667",85.4,68.4
"267287","USC00085667",85.5,68.6
"267288","USC00085667",85.6,68.8
"267289","USC00085667",85.7,68.9
"267290","USC00085667",85.9,69.1
"267291","USC00085667",86,69.3
"267292","USC00085667",86.1,69.4
"267293","USC00085667",86.2,69.6
"267294","USC00085667",86.3,69.7
"267295","USC00085667",86.3,69.8
"267296","USC00085667",86.4,70
"267297","USC00085667",86.5,70.1
"267298","USC00085667",86.5,70.2
"267299","USC00085667",86.6,70.3
"267300","USC00085667",86.6,70.4
"267301","USC00085667",86.7,70.5
"267302","USC00085667",86.7,70.6
"267303","USC00085667",86.8,70.7
"267304","USC00085667",86.8,70.8
"267305","USC00085667",86.8,70.8
"267306","USC00085667",86.9,70.9
"267307","USC00085667",86.9,71
"267308","USC00085667",86.9,71.1
"267309","USC00085667",87,71.1
"267310","USC00085667",87,71.2
"267311","USC00085667",87,71.3
"267312","USC00085667",87.1,71.3
"267313","USC00085667",87.1,71.4
"267314","USC00085667",87.1,71.5
"267315","USC00085667",87.2,71.6
"267316","USC00085667",87.2,71.7
"267317","USC00085667",87.3,71.8
"267318","USC00085667",87.3,71.9
"267319","USC00085667",87.4,72
"267320","USC00085667",87.4,72.1
"267321","USC00085667",87.5,72.2
"267322","USC00085667",87.6,72.3
"267323","USC00085667",87.6,72.4
"267324","USC00085667",87.7,72.5
"267325","USC00085667",87.8,72.6
"267326","USC00085667",87.9,72.8
"267327","USC00085667",88,72.9
"267328","USC00085667",88.1,73
"267329","USC00085667",88.2,73.2
"267330","USC00085667",88.3,73.3
"267331","USC00085667",88.4,73.5
"267332","USC00085667",88.5,73.6
"267333","USC00085667",88.6,73.8
"267334","USC00085667",88.7,73.9
"267335","USC00085667",88.8,74.1
"267336","USC00085667",88.9,74.2
"267337","USC00085667",89.1,74.4
"267338","USC00085667",89.2,74.5
"267339","USC00085667",89.3,74.7
"267340","USC00085667",89.4,74.8
"267341","USC00085667",89.5,75
"267342","USC00085667",89.6,75.1
"267343","USC00085667",89.7,75.2
"267344","USC00085667",89.8,75.3
"267345","USC00085667",89.9,75.5
"267346","USC00085667",90,75.6
"267347","USC00085667",90.1,75.7
"267348","USC00085667",90.2,75.8
"267349","USC00085667",90.3,75.9
"267350","USC00085667",90.4,76
"267351","USC00085667",90.4,76
"267352","USC00085667",90.5,76.1
"267353","USC00085667",90.6,76.2
"267354","USC00085667",90.6,76.2
"267355","USC00085667",90.7,76.3
"267356","USC00085667",90.7,76.3
"267357","USC00085667",90.8,76.4
"267358","USC00085667",90.8,76.4
"267359","USC00085667",90.8,76.4
"267360","USC00085667",90.8,76.4
"267361","USC00085667",90.9,76.4
"267362","USC00085667",90.9,76.4
"267363","USC00085667",90.9,76.4
"267364","USC00085667",90.9,76.4
"267365","USC00085667",90.9,76.4
"267366","USC00085667",90.9,76.4
"267367","USC00085667",90.9,76.4
"267368","USC00085667",90.9,76.4
"267369","USC00085667",90.9,76.4
"267370","USC00085667",90.9,76.3
"267371","USC00085667",90.9,76.3
"267372","USC00085667",90.9,76.3
"267373","USC00085667",90.9,76.3
"267374","USC00085667",90.9,76.3
"267375","USC00085667",90.9,76.2
"267376","USC00085667",90.9,76.2
"267377","USC00085667",90.9,76.2
"267378","USC00085667",90.9,76.2
"267379","USC00085667",91,76.2
"267380","USC00085667",91,76.2
"267381","USC00085667",91,76.2
"267382","USC00085667",91,76.2
"267383","USC00085667",91,76.2
"267384","USC00085667",91,76.2
"267385","USC00085667",91,76.2
"267386","USC00085667",91.1,76.2
"267387","USC00085667",91.1,76.3
"267388","USC00085667",91.1,76.3
"267389","USC00085667",91.1,76.3
"267390","USC00085667",91.2,76.3
"267391","USC00085667",91.2,76.4
"267392","USC00085667",91.2,76.4
"267393","USC00085667",91.3,76.4
"267394","USC00085667",91.3,76.5
"267395","USC00085667",91.3,76.5
"267396","USC00085667",91.3,76.5
"267397","USC00085667",91.4,76.6
"267398","USC00085667",91.4,76.6
"267399","USC00085667",91.4,76.6
"267400","USC00085667",91.5,76.7
"267401","USC00085667",91.5,76.7
"267402","USC00085667",91.5,76.7
"267403","USC00085667",91.5,76.8
"267404","USC00085667",91.5,76.8
"267405","USC00085667",91.5,76.8
"267406","USC00085667",91.5,76.8
"267407","USC00085667",91.6,76.8
"267408","USC00085667",91.6,76.8
"267409","USC00085667",91.5,76.8
"267410","USC00085667",91.5,76.8
"267411","USC00085667",91.5,76.8
"267412","USC00085667",91.5,76.8
"267413","USC00085667",91.5,76.8
"267414","USC00085667",91.5,76.8
"267415","USC00085667",91.4,76.8
"267416","USC00085667",91.4,76.8
"267417","USC00085667",91.4,76.7
"267418","USC00085667",91.3,76.7
"267419","USC00085667",91.3,76.7
"267420","USC00085667",91.2,76.6
"267421","USC00085667",91.2,76.6
"267422","USC00085667",91.1,76.6
"267423","USC00085667",91.1,76.5
"267424","USC00085667",91,76.5
"267425","USC00085667",91,76.4
"267426","USC00085667",90.9,76.4
"267427","USC00085667",90.8,76.4
"267428","USC00085667",90.8,76.3
"267429","USC00085667",90.7,76.3
"267430","USC00085667",90.6,76.3
"267431","USC00085667",90.6,76.2
"267432","USC00085667",90.5,76.2
"267433","USC00085667",90.4,76.2
"267434","USC00085667",90.4,76.1
"267435","USC00085667",90.3,76.1
"267436","USC00085667",90.2,76.1
"267437","USC00085667",90.2,76
"267438","USC00085667",90.1,76
"267439","USC00085667",90,76
"267440","USC00085667",90,76
"267441","USC00085667",89.9,76
"267442","USC00085667",89.8,75.9
"267443","USC00085667",89.8,75.9
"267444","USC00085667",89.7,75.9
"267445","USC00085667",89.6,75.9
"267446","USC00085667",89.6,75.8
"267447","USC00085667",89.5,75.8
"267448","USC00085667",89.4,75.8
"267449","USC00085667",89.4,75.8
"267450","USC00085667",89.3,75.7
"267451","USC00085667",89.2,75.7
"267452","USC00085667",89.1,75.7
"267453","USC00085667",89.1,75.6
"267454","USC00085667",89,75.6
"267455","USC00085667",88.9,75.5
"267456","USC00085667",88.8,75.4
"267457","USC00085667",88.7,75.4
"267458","USC00085667",88.6,75.3
"267459","USC00085667",88.5,75.2
"267460","USC00085667",88.4,75.1
"267461","USC00085667",88.2,75
"267462","USC00085667",88.1,74.8
"267463","USC00085667",88,74.7
"267464","USC00085667",87.8,74.6
"267465","USC00085667",87.7,74.4
"267466","USC00085667",87.5,74.2
"267467","USC00085667",87.4,74.1
"267468","USC00085667",87.2,73.9
"267469","USC00085667",87.1,73.7
"267470","USC00085667",86.9,73.5
"267471","USC00085667",86.7,73.2
"267472","USC00085667",86.5,73
"267473","USC00085667",86.3,72.8
"267474","USC00085667",86.2,72.5
"267475","USC00085667",86,72.3
"267476","USC00085667",85.8,72
"267477","USC00085667",85.6,71.8
"267478","USC00085667",85.4,71.5
"267479","USC00085667",85.1,71.2
"267480","USC00085667",84.9,70.9
"267481","USC00085667",84.7,70.7
"267482","USC00085667",84.5,70.4
"267483","USC00085667",84.3,70.1
"267484","USC00085667",84.1,69.8
"267485","USC00085667",83.9,69.5
"267486","USC00085667",83.7,69.3
"267487","USC00085667",83.5,69
"267488","USC00085667",83.3,68.7
"267489","USC00085667",83.1,68.5
"267490","USC00085667",82.9,68.2
"267491","USC00085667",82.7,68
"267492","USC00085667",82.5,67.7
"267493","USC00085667",82.4,67.5
"267494","USC00085667",82.2,67.3
"267495","USC00085667",82,67.1
"267496","USC00085667",81.9,66.9
"267497","USC00085667",81.7,66.7
"267498","USC00085667",81.6,66.5
"267499","USC00085667",81.4,66.3
"267500","USC00085667",81.3,66.2
"267501","USC00085667",81.2,66
"267502","USC00085667",81.1,65.9
"267503","USC00085667",81,65.8
"267504","USC00085667",80.9,65.7
"267505","USC00085667",80.8,65.6
"267506","USC00085667",80.7,65.5
"267507","USC00085667",80.6,65.4
"267508","USC00085667",80.5,65.3
"267509","USC00085667",80.5,65.3
"267510","USC00085667",80.4,65.2
"267511","USC00085667",80.3,65.2
"267512","USC00085667",80.3,65.1
"267513","USC00085667",80.2,65.1
"267514","USC00085667",80.2,65
"267515","USC00085667",80.1,65
"267516","USC00085667",80.1,65
"267517","USC00085667",80,64.9
"267518","USC00085667",80,64.9
"267519","USC00085667",79.9,64.8
"267520","USC00085667",79.8,64.8
"267521","USC00085667",79.8,64.7
"267522","USC00085667",79.7,64.7
"267523","USC00085667",79.7,64.6
"267524","USC00085667",79.6,64.5
"267525","USC00085667",79.5,64.5
"267526","USC00085667",79.5,64.4
"267527","USC00085667",79.4,64.3
"267528","USC00085667",79.3,64.2
"267529","USC00085667",79.2,64.1
"267530","USC00085667",79.1,64
"267531","USC00085667",79,63.8
"267532","USC00085667",78.9,63.7
"267533","USC00085667",78.8,63.5
"267534","USC00085667",78.7,63.4
"267535","USC00085667",78.6,63.2
"267536","USC00085667",78.5,63
"267537","USC00085667",78.4,62.9
"267538","USC00085667",78.3,62.7
"267539","USC00085667",78.2,62.5
"267540","USC00085667",78,62.3
"267541","USC00085667",77.9,62.1
"267542","USC00085667",77.8,61.9
"267543","USC00085667",77.7,61.6
"267544","USC00085667",77.6,61.4
"267545","USC00085667",77.4,61.2
"267546","USC00085667",77.3,61
"271573","USC00086634",72.1,50.8
"271574","USC00086634",72,50.6
"271575","USC00086634",71.8,50.4
"271576","USC00086634",71.7,50.2
"271577","USC00086634",71.6,50
"271578","USC00086634",71.4,49.9
"271579","USC00086634",71.3,49.7
"271580","USC00086634",71.2,49.5
"271581","USC00086634",71.1,49.4
"271582","USC00086634",71,49.2
"271583","USC00086634",71,49.1
"271584","USC00086634",70.9,48.9
"271585","USC00086634",70.9,48.8
"271586","USC00086634",70.9,48.7
"271587","USC00086634",70.8,48.6
"271588","USC00086634",70.9,48.5
"271589","USC00086634",70.9,48.5
"271590","USC00086634",70.9,48.4
"271591","USC00086634",71,48.4
"271592","USC00086634",71,48.3
"271593","USC00086634",71.1,48.3
"271594","USC00086634",71.2,48.3
"271595","USC00086634",71.3,48.3
"271596","USC00086634",71.4,48.3
"271597","USC00086634",71.5,48.3
"271598","USC00086634",71.7,48.4
"271599","USC00086634",71.8,48.5
"271600","USC00086634",72,48.5
"271601","USC00086634",72.2,48.6
"271602","USC00086634",72.3,48.7
"271603","USC00086634",72.5,48.8
"271604","USC00086634",72.7,48.9
"271605","USC00086634",72.9,49
"271606","USC00086634",73.1,49.2
"271607","USC00086634",73.3,49.3
"271608","USC00086634",73.6,49.5
"271609","USC00086634",73.8,49.6
"271610","USC00086634",74,49.8
"271611","USC00086634",74.2,49.9
"271612","USC00086634",74.4,50.1
"271613","USC00086634",74.6,50.3
"271614","USC00086634",74.8,50.4
"271615","USC00086634",75.1,50.6
"271616","USC00086634",75.3,50.8
"271617","USC00086634",75.5,50.9
"271618","USC00086634",75.6,51.1
"271619","USC00086634",75.8,51.3
"271620","USC00086634",76,51.4
"271621","USC00086634",76.2,51.6
"271622","USC00086634",76.4,51.8
"271623","USC00086634",76.5,51.9
"271624","USC00086634",76.7,52.1
"271625","USC00086634",76.8,52.2
"271626","USC00086634",77,52.4
"271627","USC00086634",77.1,52.5
"271628","USC00086634",77.2,52.7
"271629","USC00086634",77.4,52.8
"271630","USC00086634",77.5,52.9
"271631","USC00086634",77.6,53
"271632","USC00086634",77.6,53.1
"271633","USC00086634",77.7,53.2
"271634","USC00086634",77.8,53.3
"271635","USC00086634",77.9,53.4
"271636","USC00086634",78,53.5
"271637","USC00086634",78.1,53.6
"271638","USC00086634",78.2,53.7
"271639","USC00086634",78.2,53.8
"271640","USC00086634",78.3,53.9
"271641","USC00086634",78.4,54
"271642","USC00086634",78.5,54.1
"271643","USC00086634",78.6,54.2
"271644","USC00086634",78.7,54.3
"271645","USC00086634",78.7,54.4
"271646","USC00086634",78.8,54.5
"271647","USC00086634",78.9,54.6
"271648","USC00086634",79,54.7
"271649","USC00086634",79.1,54.8
"271650","USC00086634",79.2,54.9
"271651","USC00086634",79.4,55
"271652","USC00086634",79.5,55.1
"271653","USC00086634",79.6,55.3
"271654","USC00086634",79.7,55.4
"271655","USC00086634",79.9,55.5
"271656","USC00086634",80,55.7
"271657","USC00086634",80.2,55.8
"271658","USC00086634",80.3,56
"271659","USC00086634",80.5,56.1
"271660","USC00086634",80.7,56.3
"271661","USC00086634",80.9,56.5
"271662","USC00086634",81,56.6
"271663","USC00086634",81.2,56.8
"271664","USC00086634",81.4,57
"271665","USC00086634",81.6,57.2
"271666","USC00086634",81.8,57.4
"271667","USC00086634",82.1,57.6
"271668","USC00086634",82.3,57.8
"271669","USC00086634",82.5,58
"271670","USC00086634",82.7,58.2
"271671","USC00086634",82.9,58.4
"271672","USC00086634",83.2,58.6
"271673","USC00086634",83.4,58.8
"271674","USC00086634",83.6,59.1
"271675","USC00086634",83.8,59.3
"271676","USC00086634",84.1,59.5
"271677","USC00086634",84.3,59.7
"271678","USC00086634",84.5,60
"271679","USC00086634",84.7,60.2
"271680","USC00086634",84.9,60.4
"271681","USC00086634",85.1,60.7
"271682","USC00086634",85.3,60.9
"271683","USC00086634",85.5,61.1
"271684","USC00086634",85.7,61.3
"271685","USC00086634",85.9,61.6
"271686","USC00086634",86.1,61.8
"271687","USC00086634",86.3,62
"271688","USC00086634",86.5,62.2
"271689","USC00086634",86.6,62.4
"271690","USC00086634",86.8,62.7
"271691","USC00086634",86.9,62.9
"271692","USC00086634",87.1,63.1
"271693","USC00086634",87.2,63.3
"271694","USC00086634",87.4,63.5
"271695","USC00086634",87.5,63.7
"271696","USC00086634",87.7,63.9
"271697","USC00086634",87.8,64.1
"271698","USC00086634",87.9,64.3
"271699","USC00086634",88,64.5
"271700","USC00086634",88.1,64.7
"271701","USC00086634",88.3,64.9
"271702","USC00086634",88.4,65.1
"271703","USC00086634",88.5,65.3
"271704","USC00086634",88.6,65.5
"271705","USC00086634",88.7,65.7
"271706","USC00086634",88.8,65.8
"271707","USC00086634",88.9,66
"271708","USC00086634",89,66.2
"271709","USC00086634",89.1,66.4
"271710","USC00086634",89.2,66.6
"271711","USC00086634",89.3,66.8
"271712","USC00086634",89.4,67
"271713","USC00086634",89.5,67.2
"271714","USC00086634",89.6,67.4
"271715","USC00086634",89.7,67.6
"271716","USC00086634",89.8,67.7
"271717","USC00086634",90,67.9
"271718","USC00086634",90.1,68.1
"271719","USC00086634",90.2,68.3
"271720","USC00086634",90.3,68.5
"271721","USC00086634",90.4,68.7
"271722","USC00086634",90.5,68.9
"271723","USC00086634",90.7,69.1
"271724","USC00086634",90.8,69.2
"271725","USC00086634",90.9,69.4
"271726","USC00086634",91,69.6
"271727","USC00086634",91.1,69.8
"271728","USC00086634",91.3,69.9
"271729","USC00086634",91.4,70.1
"271730","USC00086634",91.5,70.3
"271731","USC00086634",91.6,70.5
"271732","USC00086634",91.7,70.6
"271733","USC00086634",91.8,70.8
"271734","USC00086634",92,70.9
"271735","USC00086634",92.1,71.1
"271736","USC00086634",92.2,71.2
"271737","USC00086634",92.3,71.4
"271738","USC00086634",92.4,71.5
"271739","USC00086634",92.4,71.6
"271740","USC00086634",92.5,71.8
"271741","USC00086634",92.6,71.9
"271742","USC00086634",92.7,72
"271743","USC00086634",92.7,72.1
"271744","USC00086634",92.8,72.2
"271745","USC00086634",92.9,72.3
"271746","USC00086634",92.9,72.4
"271747","USC00086634",92.9,72.5
"271748","USC00086634",93,72.5
"271749","USC00086634",93,72.6
"271750","USC00086634",93,72.7
"271751","USC00086634",93.1,72.8
"271752","USC00086634",93.1,72.8
"271753","USC00086634",93.1,72.9
"271754","USC00086634",93.1,72.9
"271755","USC00086634",93.1,73
"271756","USC00086634",93.1,73
"271757","USC00086634",93,73
"271758","USC00086634",93,73.1
"271759","USC00086634",93,73.1
"271760","USC00086634",93,73.1
"271761","USC00086634",93,73.2
"271762","USC00086634",92.9,73.2
"271763","USC00086634",92.9,73.2
"271764","USC00086634",92.9,73.3
"271765","USC00086634",92.8,73.3
"271766","USC00086634",92.8,73.3
"271767","USC00086634",92.8,73.3
"271768","USC00086634",92.7,73.3
"271769","USC00086634",92.7,73.4
"271770","USC00086634",92.7,73.4
"271771","USC00086634",92.6,73.4
"271772","USC00086634",92.6,73.4
"271773","USC00086634",92.6,73.5
"271774","USC00086634",92.5,73.5
"271775","USC00086634",92.5,73.5
"271776","USC00086634",92.5,73.5
"271777","USC00086634",92.5,73.6
"271778","USC00086634",92.5,73.6
"271779","USC00086634",92.5,73.6
"271780","USC00086634",92.5,73.7
"271781","USC00086634",92.5,73.7
"271782","USC00086634",92.5,73.7
"271783","USC00086634",92.5,73.8
"271784","USC00086634",92.5,73.8
"271785","USC00086634",92.5,73.8
"271786","USC00086634",92.5,73.9
"271787","USC00086634",92.5,73.9
"271788","USC00086634",92.5,73.9
"271789","USC00086634",92.6,73.9
"271790","USC00086634",92.6,74
"271791","USC00086634",92.6,74
"271792","USC00086634",92.6,74
"271793","USC00086634",92.7,74.1
"271794","USC00086634",92.7,74.1
"271795","USC00086634",92.7,74.1
"271796","USC00086634",92.7,74.1
"271797","USC00086634",92.8,74.1
"271798","USC00086634",92.8,74.1
"271799","USC00086634",92.8,74.1
"271800","USC00086634",92.9,74.1
"271801","USC00086634",92.9,74.1
"271802","USC00086634",92.9,74.1
"271803","USC00086634",92.9,74.1
"271804","USC00086634",92.9,74.1
"271805","USC00086634",92.9,74.1
"271806","USC00086634",93,74.1
"271807","USC00086634",93,74.1
"271808","USC00086634",93,74
"271809","USC00086634",93,74
"271810","USC00086634",93,74
"271811","USC00086634",92.9,73.9
"271812","USC00086634",92.9,73.9
"271813","USC00086634",92.9,73.8
"271814","USC00086634",92.9,73.8
"271815","USC00086634",92.9,73.7
"271816","USC00086634",92.8,73.7
"271817","USC00086634",92.8,73.6
"271818","USC00086634",92.7,73.5
"271819","USC00086634",92.7,73.5
"271820","USC00086634",92.6,73.4
"271821","USC00086634",92.6,73.3
"271822","USC00086634",92.5,73.3
"271823","USC00086634",92.5,73.2
"271824","USC00086634",92.4,73.1
"271825","USC00086634",92.3,73
"271826","USC00086634",92.2,72.9
"271827","USC00086634",92.1,72.8
"271828","USC00086634",92,72.7
"271829","USC00086634",91.9,72.6
"271830","USC00086634",91.8,72.5
"271831","USC00086634",91.7,72.4
"271832","USC00086634",91.6,72.3
"271833","USC00086634",91.5,72.2
"271834","USC00086634",91.4,72.1
"271835","USC00086634",91.3,71.9
"271836","USC00086634",91.1,71.8
"271837","USC00086634",91,71.7
"271838","USC00086634",90.9,71.5
"271839","USC00086634",90.7,71.4
"271840","USC00086634",90.6,71.2
"271841","USC00086634",90.4,71.1
"271842","USC00086634",90.2,70.9
"271843","USC00086634",90.1,70.7
"271844","USC00086634",89.9,70.6
"271845","USC00086634",89.7,70.4
"271846","USC00086634",89.5,70.2
"271847","USC00086634",89.4,70
"271848","USC00086634",89.2,69.8
"271849","USC00086634",89,69.5
"271850","USC00086634",88.8,69.3
"271851","USC00086634",88.5,69.1
"271852","USC00086634",88.3,68.8
"271853","USC00086634",88.1,68.5
"271854","USC00086634",87.9,68.3
"271855","USC00086634",87.7,68
"271856","USC00086634",87.4,67.7
"271857","USC00086634",87.2,67.4
"271858","USC00086634",86.9,67.1
"271859","USC00086634",86.7,66.8
"271860","USC00086634",86.4,66.5
"271861","USC00086634",86.2,66.2
"271862","USC00086634",85.9,65.8
"271863","USC00086634",85.6,65.5
"271864","USC00086634",85.4,65.1
"271865","USC00086634",85.1,64.8
"271866","USC00086634",84.8,64.4
"271867","USC00086634",84.6,64.1
"271868","USC00086634",84.3,63.7
"271869","USC00086634",84,63.4
"271870","USC00086634",83.7,63
"271871","USC00086634",83.5,62.6
"271872","USC00086634",83.2,62.3
"271873","USC00086634",82.9,61.9
"271874","USC00086634",82.7,61.5
"271875","USC00086634",82.4,61.2
"271876","USC00086634",82.1,60.8
"271877","USC00086634",81.9,60.5
"271878","USC00086634",81.6,60.1
"271879","USC00086634",81.4,59.8
"271880","USC00086634",81.1,59.5
"271881","USC00086634",80.9,59.1
"271882","USC00086634",80.7,58.8
"271883","USC00086634",80.5,58.5
"271884","USC00086634",80.2,58.2
"271885","USC00086634",80,57.9
"271886","USC00086634",79.8,57.7
"271887","USC00086634",79.6,57.4
"271888","USC00086634",79.4,57.2
"271889","USC00086634",79.2,56.9
"271890","USC00086634",79.1,56.7
"271891","USC00086634",78.9,56.5
"271892","USC00086634",78.7,56.3
"271893","USC00086634",78.6,56.1
"271894","USC00086634",78.4,55.9
"271895","USC00086634",78.3,55.7
"271896","USC00086634",78.2,55.6
"271897","USC00086634",78,55.4
"271898","USC00086634",77.9,55.3
"271899","USC00086634",77.8,55.2
"271900","USC00086634",77.7,55.1
"271901","USC00086634",77.6,55
"271902","USC00086634",77.5,54.9
"271903","USC00086634",77.4,54.8
"271904","USC00086634",77.2,54.7
"271905","USC00086634",77.1,54.6
"271906","USC00086634",77,54.6
"271907","USC00086634",76.9,54.5
"271908","USC00086634",76.8,54.5
"271909","USC00086634",76.7,54.4
"271910","USC00086634",76.6,54.3
"271911","USC00086634",76.5,54.3
"271912","USC00086634",76.4,54.2
"271913","USC00086634",76.3,54.2
"271914","USC00086634",76.2,54.1
"271915","USC00086634",76.1,54
"271916","USC00086634",75.9,54
"271917","USC00086634",75.8,53.9
"271918","USC00086634",75.7,53.8
"271919","USC00086634",75.5,53.7
"271920","USC00086634",75.4,53.7
"271921","USC00086634",75.3,53.6
"271922","USC00086634",75.1,53.5
"271923","USC00086634",74.9,53.3
"271924","USC00086634",74.8,53.2
"271925","USC00086634",74.6,53.1
"271926","USC00086634",74.5,53
"271927","USC00086634",74.3,52.8
"271928","USC00086634",74.1,52.7
"271929","USC00086634",73.9,52.5
"271930","USC00086634",73.7,52.4
"271931","USC00086634",73.6,52.2
"271932","USC00086634",73.4,52.1
"271933","USC00086634",73.2,51.9
"271934","USC00086634",73,51.7
"271935","USC00086634",72.8,51.5
"271936","USC00086634",72.6,51.3
"271937","USC00086634",72.5,51.2
"271938","USC00086634",72.3,51
"279259","USC00088782",73.1,52.6
"279260","USC00088782",72.9,52.4
"279261","USC00088782",72.7,52.2
"279262","USC00088782",72.6,52
"279263","USC00088782",72.4,51.8
"279264","USC00088782",72.3,51.6
"279265","USC00088782",72.1,51.4
"279266","USC00088782",72,51.2
"279267","USC00088782",71.8,51.1
"279268","USC00088782",71.7,50.9
"279269","USC00088782",71.6,50.8
"279270","USC00088782",71.5,50.7
"279271","USC00088782",71.4,50.6
"279272","USC00088782",71.4,50.5
"279273","USC00088782",71.3,50.4
"279274","USC00088782",71.3,50.4
"279275","USC00088782",71.2,50.3
"279276","USC00088782",71.2,50.3
"279277","USC00088782",71.2,50.3
"279278","USC00088782",71.2,50.3
"279279","USC00088782",71.3,50.4
"279280","USC00088782",71.3,50.4
"279281","USC00088782",71.4,50.5
"279282","USC00088782",71.4,50.6
"279283","USC00088782",71.5,50.7
"279284","USC00088782",71.6,50.8
"279285","USC00088782",71.7,50.9
"279286","USC00088782",71.9,51
"279287","USC00088782",72,51.2
"279288","USC00088782",72.1,51.3
"279289","USC00088782",72.3,51.5
"279290","USC00088782",72.5,51.7
"279291","USC00088782",72.6,51.9
"279292","USC00088782",72.8,52.1
"279293","USC00088782",73,52.3
"279294","USC00088782",73.2,52.4
"279295","USC00088782",73.4,52.6
"279296","USC00088782",73.5,52.8
"279297","USC00088782",73.7,53
"279298","USC00088782",73.9,53.2
"279299","USC00088782",74.1,53.4
"279300","USC00088782",74.3,53.6
"279301","USC00088782",74.5,53.8
"279302","USC00088782",74.7,54
"279303","USC00088782",74.9,54.1
"279304","USC00088782",75.1,54.3
"279305","USC00088782",75.3,54.4
"279306","USC00088782",75.5,54.6
"279307","USC00088782",75.6,54.7
"279308","USC00088782",75.8,54.9
"279309","USC00088782",76,55
"279310","USC00088782",76.1,55.1
"279311","USC00088782",76.3,55.2
"279312","USC00088782",76.4,55.3
"279313","USC00088782",76.5,55.4
"279314","USC00088782",76.7,55.4
"279315","USC00088782",76.8,55.5
"279316","USC00088782",76.9,55.6
"279317","USC00088782",77,55.6
"279318","USC00088782",77.1,55.7
"279319","USC00088782",77.1,55.7
"279320","USC00088782",77.2,55.7
"279321","USC00088782",77.3,55.8
"279322","USC00088782",77.4,55.8
"279323","USC00088782",77.5,55.9
"279324","USC00088782",77.6,55.9
"279325","USC00088782",77.7,56
"279326","USC00088782",77.8,56
"279327","USC00088782",77.9,56.1
"279328","USC00088782",78,56.1
"279329","USC00088782",78.1,56.2
"279330","USC00088782",78.2,56.3
"279331","USC00088782",78.2,56.3
"279332","USC00088782",78.3,56.4
"279333","USC00088782",78.4,56.5
"279334","USC00088782",78.5,56.6
"279335","USC00088782",78.7,56.7
"279336","USC00088782",78.8,56.8
"279337","USC00088782",78.9,56.9
"279338","USC00088782",79,57
"279339","USC00088782",79.1,57.2
"279340","USC00088782",79.3,57.3
"279341","USC00088782",79.4,57.5
"279342","USC00088782",79.6,57.7
"279343","USC00088782",79.7,57.9
"279344","USC00088782",79.9,58.1
"279345","USC00088782",80,58.3
"279346","USC00088782",80.2,58.5
"279347","USC00088782",80.4,58.7
"279348","USC00088782",80.6,58.9
"279349","USC00088782",80.8,59.1
"279350","USC00088782",81,59.4
"279351","USC00088782",81.2,59.6
"279352","USC00088782",81.4,59.9
"279353","USC00088782",81.6,60.1
"279354","USC00088782",81.8,60.4
"279355","USC00088782",82,60.7
"279356","USC00088782",82.2,60.9
"279357","USC00088782",82.4,61.2
"279358","USC00088782",82.6,61.4
"279359","USC00088782",82.9,61.7
"279360","USC00088782",83.1,61.9
"279361","USC00088782",83.3,62.2
"279362","USC00088782",83.5,62.4
"279363","USC00088782",83.7,62.7
"279364","USC00088782",83.9,62.9
"279365","USC00088782",84.1,63.1
"279366","USC00088782",84.3,63.4
"279367","USC00088782",84.5,63.6
"279368","USC00088782",84.7,63.8
"279369","USC00088782",84.9,64
"279370","USC00088782",85.1,64.2
"279371","USC00088782",85.3,64.3
"279372","USC00088782",85.4,64.5
"279373","USC00088782",85.6,64.7
"279374","USC00088782",85.7,64.8
"279375","USC00088782",85.9,65
"279376","USC00088782",86,65.1
"279377","USC00088782",86.2,65.3
"279378","USC00088782",86.3,65.4
"279379","USC00088782",86.4,65.5
"279380","USC00088782",86.6,65.6
"279381","USC00088782",86.7,65.8
"279382","USC00088782",86.8,65.9
"279383","USC00088782",86.9,66
"279384","USC00088782",87,66.1
"279385","USC00088782",87.1,66.2
"279386","USC00088782",87.2,66.3
"279387","USC00088782",87.3,66.4
"279388","USC00088782",87.4,66.5
"279389","USC00088782",87.4,66.6
"279390","USC00088782",87.5,66.7
"279391","USC00088782",87.6,66.8
"279392","USC00088782",87.7,66.9
"279393","USC00088782",87.8,67.1
"279394","USC00088782",87.8,67.2
"279395","USC00088782",87.9,67.3
"279396","USC00088782",88,67.4
"279397","USC00088782",88.1,67.6
"279398","USC00088782",88.1,67.7
"279399","USC00088782",88.2,67.9
"279400","USC00088782",88.3,68
"279401","USC00088782",88.4,68.2
"279402","USC00088782",88.5,68.4
"279403","USC00088782",88.5,68.6
"279404","USC00088782",88.6,68.7
"279405","USC00088782",88.7,68.9
"279406","USC00088782",88.8,69.1
"279407","USC00088782",88.9,69.3
"279408","USC00088782",89,69.5
"279409","USC00088782",89.1,69.7
"279410","USC00088782",89.2,69.9
"279411","USC00088782",89.3,70.1
"279412","USC00088782",89.4,70.3
"279413","USC00088782",89.5,70.6
"279414","USC00088782",89.6,70.8
"279415","USC00088782",89.7,71
"279416","USC00088782",89.8,71.2
"279417","USC00088782",89.9,71.4
"279418","USC00088782",89.9,71.6
"279419","USC00088782",90,71.8
"279420","USC00088782",90.1,72
"279421","USC00088782",90.2,72.2
"279422","USC00088782",90.3,72.3
"279423","USC00088782",90.4,72.5
"279424","USC00088782",90.4,72.7
"279425","USC00088782",90.5,72.8
"279426","USC00088782",90.6,73
"279427","USC00088782",90.6,73.1
"279428","USC00088782",90.7,73.2
"279429","USC00088782",90.8,73.4
"279430","USC00088782",90.8,73.5
"279431","USC00088782",90.8,73.6
"279432","USC00088782",90.9,73.7
"279433","USC00088782",90.9,73.7
"279434","USC00088782",90.9,73.8
"279435","USC00088782",91,73.9
"279436","USC00088782",91,73.9
"279437","USC00088782",91,74
"279438","USC00088782",91,74
"279439","USC00088782",91,74
"279440","USC00088782",91,74
"279441","USC00088782",91,74.1
"279442","USC00088782",91,74.1
"279443","USC00088782",91,74.1
"279444","USC00088782",91,74.1
"279445","USC00088782",91,74.1
"279446","USC00088782",91,74
"279447","USC00088782",91,74
"279448","USC00088782",91,74
"279449","USC00088782",90.9,74
"279450","USC00088782",90.9,74
"279451","USC00088782",90.9,74
"279452","USC00088782",90.9,73.9
"279453","USC00088782",90.9,73.9
"279454","USC00088782",90.9,73.9
"279455","USC00088782",90.8,73.9
"279456","USC00088782",90.8,73.9
"279457","USC00088782",90.8,73.9
"279458","USC00088782",90.8,73.9
"279459","USC00088782",90.8,73.9
"279460","USC00088782",90.8,73.9
"279461","USC00088782",90.8,73.9
"279462","USC00088782",90.8,73.9
"279463","USC00088782",90.8,73.9
"279464","USC00088782",90.8,74
"279465","USC00088782",90.8,74
"279466","USC00088782",90.9,74
"279467","USC00088782",90.9,74.1
"279468","USC00088782",90.9,74.1
"279469","USC00088782",90.9,74.1
"279470","USC00088782",90.9,74.2
"279471","USC00088782",91,74.2
"279472","USC00088782",91,74.3
"279473","USC00088782",91,74.3
"279474","USC00088782",91.1,74.4
"279475","USC00088782",91.1,74.4
"279476","USC00088782",91.1,74.5
"279477","USC00088782",91.2,74.5
"279478","USC00088782",91.2,74.6
"279479","USC00088782",91.2,74.6
"279480","USC00088782",91.2,74.7
"279481","USC00088782",91.3,74.7
"279482","USC00088782",91.3,74.8
"279483","USC00088782",91.3,74.8
"279484","USC00088782",91.3,74.8
"279485","USC00088782",91.4,74.9
"279486","USC00088782",91.4,74.9
"279487","USC00088782",91.4,74.9
"279488","USC00088782",91.4,74.9
"279489","USC00088782",91.4,74.9
"279490","USC00088782",91.4,74.9
"279491","USC00088782",91.4,74.9
"279492","USC00088782",91.4,74.9
"279493","USC00088782",91.4,74.9
"279494","USC00088782",91.4,74.8
"279495","USC00088782",91.4,74.8
"279496","USC00088782",91.4,74.8
"279497","USC00088782",91.4,74.7
"279498","USC00088782",91.4,74.7
"279499","USC00088782",91.3,74.6
"279500","USC00088782",91.3,74.6
"279501","USC00088782",91.3,74.5
"279502","USC00088782",91.3,74.5
"279503","USC00088782",91.2,74.4
"279504","USC00088782",91.2,74.3
"279505","USC00088782",91.1,74.3
"279506","USC00088782",91.1,74.2
"279507","USC00088782",91.1,74.1
"279508","USC00088782",91,74
"279509","USC00088782",91,73.9
"279510","USC00088782",90.9,73.9
"279511","USC00088782",90.9,73.8
"279512","USC00088782",90.8,73.7
"279513","USC00088782",90.8,73.6
"279514","USC00088782",90.7,73.5
"279515","USC00088782",90.6,73.4
"279516","USC00088782",90.6,73.3
"279517","USC00088782",90.5,73.2
"279518","USC00088782",90.5,73.1
"279519","USC00088782",90.4,73
"279520","USC00088782",90.3,72.9
"279521","USC00088782",90.3,72.8
"279522","USC00088782",90.2,72.7
"279523","USC00088782",90.1,72.6
"279524","USC00088782",90,72.5
"279525","USC00088782",89.9,72.4
"279526","USC00088782",89.9,72.3
"279527","USC00088782",89.8,72.2
"279528","USC00088782",89.7,72
"279529","USC00088782",89.6,71.9
"279530","USC00088782",89.5,71.7
"279531","USC00088782",89.3,71.6
"279532","USC00088782",89.2,71.4
"279533","USC00088782",89.1,71.3
"279534","USC00088782",89,71.1
"279535","USC00088782",88.8,70.9
"279536","USC00088782",88.7,70.7
"279537","USC00088782",88.5,70.5
"279538","USC00088782",88.4,70.3
"279539","USC00088782",88.2,70.1
"279540","USC00088782",88,69.8
"279541","USC00088782",87.9,69.6
"279542","USC00088782",87.7,69.3
"279543","USC00088782",87.5,69
"279544","USC00088782",87.3,68.8
"279545","USC00088782",87,68.5
"279546","USC00088782",86.8,68.2
"279547","USC00088782",86.6,67.9
"279548","USC00088782",86.4,67.5
"279549","USC00088782",86.1,67.2
"279550","USC00088782",85.9,66.9
"279551","USC00088782",85.6,66.5
"279552","USC00088782",85.3,66.2
"279553","USC00088782",85.1,65.8
"279554","USC00088782",84.8,65.4
"279555","USC00088782",84.5,65.1
"279556","USC00088782",84.2,64.7
"279557","USC00088782",84,64.3
"279558","USC00088782",83.7,63.9
"279559","USC00088782",83.4,63.5
"279560","USC00088782",83.1,63.2
"279561","USC00088782",82.8,62.8
"279562","USC00088782",82.5,62.4
"279563","USC00088782",82.3,62.1
"279564","USC00088782",82,61.7
"279565","USC00088782",81.7,61.4
"279566","USC00088782",81.4,61
"279567","USC00088782",81.2,60.7
"279568","USC00088782",80.9,60.4
"279569","USC00088782",80.7,60
"279570","USC00088782",80.4,59.8
"279571","USC00088782",80.2,59.5
"279572","USC00088782",79.9,59.2
"279573","USC00088782",79.7,58.9
"279574","USC00088782",79.5,58.7
"279575","USC00088782",79.3,58.5
"279576","USC00088782",79.1,58.3
"279577","USC00088782",78.9,58.1
"279578","USC00088782",78.8,57.9
"279579","USC00088782",78.6,57.7
"279580","USC00088782",78.4,57.5
"279581","USC00088782",78.3,57.4
"279582","USC00088782",78.2,57.3
"279583","USC00088782",78,57.2
"279584","USC00088782",77.9,57.1
"279585","USC00088782",77.8,57
"279586","USC00088782",77.7,56.9
"279587","USC00088782",77.6,56.9
"279588","USC00088782",77.5,56.8
"279589","USC00088782",77.4,56.7
"279590","USC00088782",77.3,56.7
"279591","USC00088782",77.2,56.7
"279592","USC00088782",77.2,56.6
"279593","USC00088782",77.1,56.6
"279594","USC00088782",77,56.6
"279595","USC00088782",77,56.6
"279596","USC00088782",76.9,56.5
"279597","USC00088782",76.8,56.5
"279598","USC00088782",76.8,56.5
"279599","USC00088782",76.7,56.4
"279600","USC00088782",76.6,56.4
"279601","USC00088782",76.5,56.4
"279602","USC00088782",76.5,56.3
"279603","USC00088782",76.4,56.2
"279604","USC00088782",76.3,56.2
"279605","USC00088782",76.2,56.1
"279606","USC00088782",76.1,56
"279607","USC00088782",76,55.9
"279608","USC00088782",75.8,55.8
"279609","USC00088782",75.7,55.7
"279610","USC00088782",75.6,55.5
"279611","USC00088782",75.5,55.4
"279612","USC00088782",75.3,55.2
"279613","USC00088782",75.2,55.1
"279614","USC00088782",75,54.9
"279615","USC00088782",74.9,54.7
"279616","USC00088782",74.7,54.5
"279617","USC00088782",74.5,54.3
"279618","USC00088782",74.3,54.1
"279619","USC00088782",74.2,53.9
"279620","USC00088782",74,53.7
"279621","USC00088782",73.8,53.5
"279622","USC00088782",73.6,53.3
"279623","USC00088782",73.5,53
"279624","USC00088782",73.3,52.8
"311833","USC00101017",35.4,21.2
"311834","USC00101017",35.4,21.3
"311835","USC00101017",35.5,21.4
"311836","USC00101017",35.6,21.5
"311837","USC00101017",35.6,21.6
"311838","USC00101017",35.7,21.8
"311839","USC00101017",35.8,21.9
"311840","USC00101017",35.9,22
"311841","USC00101017",35.9,22.2
"311842","USC00101017",36,22.3
"311843","USC00101017",36.1,22.4
"311844","USC00101017",36.2,22.6
"311845","USC00101017",36.3,22.7
"311846","USC00101017",36.3,22.9
"311847","USC00101017",36.4,23
"311848","USC00101017",36.5,23.1
"311849","USC00101017",36.6,23.3
"311850","USC00101017",36.7,23.4
"311851","USC00101017",36.8,23.5
"311852","USC00101017",36.9,23.7
"311853","USC00101017",37,23.8
"311854","USC00101017",37.1,23.9
"311855","USC00101017",37.2,24
"311856","USC00101017",37.3,24.2
"311857","USC00101017",37.4,24.3
"311858","USC00101017",37.5,24.4
"311859","USC00101017",37.7,24.5
"311860","USC00101017",37.8,24.6
"311861","USC00101017",37.9,24.7
"311862","USC00101017",38.1,24.8
"311863","USC00101017",38.3,24.9
"311864","USC00101017",38.5,25.1
"311865","USC00101017",38.7,25.2
"311866","USC00101017",38.9,25.3
"311867","USC00101017",39.1,25.4
"311868","USC00101017",39.3,25.5
"311869","USC00101017",39.6,25.7
"311870","USC00101017",39.8,25.8
"311871","USC00101017",40.1,25.9
"311872","USC00101017",40.3,26.1
"311873","USC00101017",40.6,26.2
"311874","USC00101017",40.9,26.4
"311875","USC00101017",41.2,26.5
"311876","USC00101017",41.6,26.7
"311877","USC00101017",41.9,26.8
"311878","USC00101017",42.2,27
"311879","USC00101017",42.6,27.2
"311880","USC00101017",42.9,27.4
"311881","USC00101017",43.3,27.6
"311882","USC00101017",43.6,27.8
"311883","USC00101017",44,28
"311884","USC00101017",44.4,28.2
"311885","USC00101017",44.7,28.4
"311886","USC00101017",45.1,28.6
"311887","USC00101017",45.5,28.8
"311888","USC00101017",45.9,29
"311889","USC00101017",46.2,29.3
"311890","USC00101017",46.6,29.5
"311891","USC00101017",46.9,29.7
"311892","USC00101017",47.1,29.8
"311893","USC00101017",47.3,29.9
"311894","USC00101017",47.6,30.1
"311895","USC00101017",47.9,30.4
"311896","USC00101017",48.3,30.6
"311897","USC00101017",48.6,30.8
"311898","USC00101017",48.9,31
"311899","USC00101017",49.2,31.2
"311900","USC00101017",49.5,31.4
"311901","USC00101017",49.7,31.6
"311902","USC00101017",50,31.8
"311903","USC00101017",50.2,31.9
"311904","USC00101017",50.5,32.1
"311905","USC00101017",50.7,32.3
"311906","USC00101017",50.9,32.4
"311907","USC00101017",51.1,32.6
"311908","USC00101017",51.3,32.7
"311909","USC00101017",51.5,32.8
"311910","USC00101017",51.7,33
"311911","USC00101017",51.9,33.1
"311912","USC00101017",52,33.2
"311913","USC00101017",52.2,33.3
"311914","USC00101017",52.3,33.3
"311915","USC00101017",52.5,33.4
"311916","USC00101017",52.6,33.5
"311917","USC00101017",52.8,33.6
"311918","USC00101017",52.9,33.6
"311919","USC00101017",53.1,33.7
"311920","USC00101017",53.2,33.7
"311921","USC00101017",53.4,33.8
"311922","USC00101017",53.5,33.8
"311923","USC00101017",53.7,33.9
"311924","USC00101017",53.8,33.9
"311925","USC00101017",54,34
"311926","USC00101017",54.2,34
"311927","USC00101017",54.4,34.1
"311928","USC00101017",54.6,34.2
"311929","USC00101017",54.8,34.2
"311930","USC00101017",55,34.3
"311931","USC00101017",55.3,34.4
"311932","USC00101017",55.5,34.5
"311933","USC00101017",55.8,34.6
"311934","USC00101017",56.1,34.7
"311935","USC00101017",56.3,34.8
"311936","USC00101017",56.6,34.9
"311937","USC00101017",57,35
"311938","USC00101017",57.3,35.2
"311939","USC00101017",57.6,35.3
"311940","USC00101017",57.9,35.5
"311941","USC00101017",58.3,35.6
"311942","USC00101017",58.7,35.8
"311943","USC00101017",59,36
"311944","USC00101017",59.4,36.2
"311945","USC00101017",59.8,36.4
"311946","USC00101017",60.2,36.7
"311947","USC00101017",60.6,36.9
"311948","USC00101017",61,37.2
"311949","USC00101017",61.4,37.4
"311950","USC00101017",61.8,37.7
"311951","USC00101017",62.2,37.9
"311952","USC00101017",62.6,38.2
"311953","USC00101017",62.9,38.5
"311954","USC00101017",63.3,38.8
"311955","USC00101017",63.7,39
"311956","USC00101017",64.1,39.3
"311957","USC00101017",64.5,39.6
"311958","USC00101017",64.8,39.9
"311959","USC00101017",65.2,40.2
"311960","USC00101017",65.5,40.5
"311961","USC00101017",65.9,40.7
"311962","USC00101017",66.2,41
"311963","USC00101017",66.5,41.3
"311964","USC00101017",66.8,41.6
"311965","USC00101017",67.1,41.8
"311966","USC00101017",67.4,42.1
"311967","USC00101017",67.7,42.3
"311968","USC00101017",67.9,42.6
"311969","USC00101017",68.2,42.8
"311970","USC00101017",68.4,43.1
"311971","USC00101017",68.7,43.3
"311972","USC00101017",68.9,43.5
"311973","USC00101017",69.1,43.7
"311974","USC00101017",69.4,43.9
"311975","USC00101017",69.6,44.1
"311976","USC00101017",69.8,44.3
"311977","USC00101017",70,44.5
"311978","USC00101017",70.2,44.7
"311979","USC00101017",70.5,44.9
"311980","USC00101017",70.7,45.1
"311981","USC00101017",70.9,45.2
"311982","USC00101017",71.1,45.4
"311983","USC00101017",71.4,45.6
"311984","USC00101017",71.6,45.8
"311985","USC00101017",71.8,45.9
"311986","USC00101017",72.1,46.1
"311987","USC00101017",72.4,46.3
"311988","USC00101017",72.6,46.5
"311989","USC00101017",72.9,46.7
"311990","USC00101017",73.2,46.9
"311991","USC00101017",73.6,47.1
"311992","USC00101017",73.9,47.3
"311993","USC00101017",74.2,47.5
"311994","USC00101017",74.6,47.8
"311995","USC00101017",75,48
"311996","USC00101017",75.3,48.3
"311997","USC00101017",75.7,48.5
"311998","USC00101017",76.2,48.8
"311999","USC00101017",76.6,49.1
"312000","USC00101017",77,49.4
"312001","USC00101017",77.5,49.7
"312002","USC00101017",77.9,50
"312003","USC00101017",78.4,50.3
"312004","USC00101017",78.9,50.7
"312005","USC00101017",79.4,51
"312006","USC00101017",79.9,51.4
"312007","USC00101017",80.4,51.7
"312008","USC00101017",80.9,52.1
"312009","USC00101017",81.4,52.5
"312010","USC00101017",81.9,52.9
"312011","USC00101017",82.4,53.3
"312012","USC00101017",82.9,53.7
"312013","USC00101017",83.3,54.1
"312014","USC00101017",83.8,54.5
"312015","USC00101017",84.3,54.9
"312016","USC00101017",84.8,55.3
"312017","USC00101017",85.2,55.7
"312018","USC00101017",85.7,56.1
"312019","USC00101017",86.1,56.5
"312020","USC00101017",86.5,56.9
"312021","USC00101017",86.9,57.3
"312022","USC00101017",87.2,57.6
"312023","USC00101017",87.6,58
"312024","USC00101017",87.9,58.3
"312025","USC00101017",88.2,58.6
"312026","USC00101017",88.5,59
"312027","USC00101017",88.8,59.2
"312028","USC00101017",89,59.5
"312029","USC00101017",89.2,59.8
"312030","USC00101017",89.4,60
"312031","USC00101017",89.6,60.3
"312032","USC00101017",89.7,60.5
"312033","USC00101017",89.8,60.6
"312034","USC00101017",89.9,60.8
"312035","USC00101017",90,60.9
"312036","USC00101017",90.1,61.1
"312037","USC00101017",90.1,61.2
"312038","USC00101017",90.1,61.2
"312039","USC00101017",90.1,61.3
"312040","USC00101017",90,61.3
"312041","USC00101017",90,61.3
"312042","USC00101017",89.9,61.3
"312043","USC00101017",89.8,61.3
"312044","USC00101017",89.7,61.3
"312045","USC00101017",89.5,61.2
"312046","USC00101017",89.4,61.1
"312047","USC00101017",89.3,61
"312048","USC00101017",89.1,60.9
"312049","USC00101017",88.9,60.8
"312050","USC00101017",88.7,60.6
"312051","USC00101017",88.5,60.5
"312052","USC00101017",88.3,60.3
"312053","USC00101017",88.1,60.2
"312054","USC00101017",87.9,60
"312055","USC00101017",87.7,59.8
"312056","USC00101017",87.4,59.6
"312057","USC00101017",87.2,59.4
"312058","USC00101017",87,59.2
"312059","USC00101017",86.7,59
"312060","USC00101017",86.5,58.8
"312061","USC00101017",86.3,58.5
"312062","USC00101017",86,58.3
"312063","USC00101017",85.8,58.1
"312064","USC00101017",85.5,57.9
"312065","USC00101017",85.2,57.6
"312066","USC00101017",85,57.4
"312067","USC00101017",84.7,57.2
"312068","USC00101017",84.5,56.9
"312069","USC00101017",84.2,56.7
"312070","USC00101017",83.9,56.5
"312071","USC00101017",83.6,56.3
"312072","USC00101017",83.3,56
"312073","USC00101017",83,55.8
"312074","USC00101017",82.7,55.6
"312075","USC00101017",82.4,55.3
"312076","USC00101017",82.1,55.1
"312077","USC00101017",81.8,54.8
"312078","USC00101017",81.5,54.6
"312079","USC00101017",81.1,54.4
"312080","USC00101017",80.8,54.1
"312081","USC00101017",80.4,53.9
"312082","USC00101017",80.1,53.6
"312083","USC00101017",79.7,53.3
"312084","USC00101017",79.3,53.1
"312085","USC00101017",78.9,52.8
"312086","USC00101017",78.5,52.5
"312087","USC00101017",78.1,52.2
"312088","USC00101017",77.6,51.9
"312089","USC00101017",77.2,51.6
"312090","USC00101017",76.7,51.3
"312091","USC00101017",76.3,51
"312092","USC00101017",75.8,50.7
"312093","USC00101017",75.3,50.4
"312094","USC00101017",74.8,50
"312095","USC00101017",74.3,49.7
"312096","USC00101017",73.8,49.3
"312097","USC00101017",73.3,49
"312098","USC00101017",72.8,48.6
"312099","USC00101017",72.3,48.2
"312100","USC00101017",71.7,47.9
"312101","USC00101017",71.2,47.5
"312102","USC00101017",70.7,47.1
"312103","USC00101017",70.1,46.7
"312104","USC00101017",69.6,46.3
"312105","USC00101017",69.1,45.9
"312106","USC00101017",68.5,45.5
"312107","USC00101017",68,45.1
"312108","USC00101017",67.5,44.7
"312109","USC00101017",66.9,44.3
"312110","USC00101017",66.4,43.9
"312111","USC00101017",65.9,43.5
"312112","USC00101017",65.4,43.1
"312113","USC00101017",64.8,42.7
"312114","USC00101017",64.3,42.3
"312115","USC00101017",63.8,41.9
"312116","USC00101017",63.3,41.5
"312117","USC00101017",62.9,41.1
"312118","USC00101017",62.4,40.8
"312119","USC00101017",61.9,40.4
"312120","USC00101017",61.4,40
"312121","USC00101017",61,39.7
"312122","USC00101017",60.5,39.3
"312123","USC00101017",60.1,39
"312124","USC00101017",59.6,38.7
"312125","USC00101017",59.2,38.4
"312126","USC00101017",58.7,38
"312127","USC00101017",58.3,37.7
"312128","USC00101017",57.9,37.4
"312129","USC00101017",57.4,37.1
"312130","USC00101017",57,36.8
"312131","USC00101017",56.6,36.6
"312132","USC00101017",56.2,36.3
"312133","USC00101017",55.7,36
"312134","USC00101017",55.3,35.7
"312135","USC00101017",54.9,35.5
"312136","USC00101017",54.4,35.2
"312137","USC00101017",54,34.9
"312138","USC00101017",53.6,34.7
"312139","USC00101017",53.1,34.4
"312140","USC00101017",52.7,34.1
"312141","USC00101017",52.2,33.9
"312142","USC00101017",51.8,33.6
"312143","USC00101017",51.3,33.3
"312144","USC00101017",50.8,33.1
"312145","USC00101017",50.4,32.8
"312146","USC00101017",49.9,32.5
"312147","USC00101017",49.4,32.2
"312148","USC00101017",48.9,31.9
"312149","USC00101017",48.4,31.6
"312150","USC00101017",48,31.3
"312151","USC00101017",47.5,31
"312152","USC00101017",47,30.7
"312153","USC00101017",46.5,30.4
"312154","USC00101017",46,30.1
"312155","USC00101017",45.5,29.8
"312156","USC00101017",45,29.4
"312157","USC00101017",44.5,29.1
"312158","USC00101017",44,28.8
"312159","USC00101017",43.5,28.4
"312160","USC00101017",43,28.1
"312161","USC00101017",42.5,27.7
"312162","USC00101017",42.1,27.4
"312163","USC00101017",41.6,27
"312164","USC00101017",41.1,26.7
"312165","USC00101017",40.7,26.3
"312166","USC00101017",40.3,26
"312167","USC00101017",39.9,25.6
"312168","USC00101017",39.5,25.3
"312169","USC00101017",39.1,25
"312170","USC00101017",38.7,24.6
"312171","USC00101017",38.3,24.3
"312172","USC00101017",38,24
"312173","USC00101017",37.7,23.7
"312174","USC00101017",37.4,23.4
"312175","USC00101017",37.1,23.1
"312176","USC00101017",36.8,22.9
"312177","USC00101017",36.6,22.6
"312178","USC00101017",36.4,22.4
"312179","USC00101017",36.2,22.2
"312180","USC00101017",36,22
"312181","USC00101017",35.8,21.8
"312182","USC00101017",35.7,21.6
"312183","USC00101017",35.5,21.5
"312184","USC00101017",35.4,21.3
"312185","USC00101017",35.3,21.2
"312186","USC00101017",35.2,21.1
"312187","USC00101017",35.2,21
"312188","USC00101017",35.1,20.9
"312189","USC00101017",35.1,20.9
"312190","USC00101017",35.1,20.9
"312191","USC00101017",35.1,20.8
"312192","USC00101017",35.1,20.8
"312193","USC00101017",35.1,20.8
"312194","USC00101017",35.1,20.9
"312195","USC00101017",35.1,20.9
"312196","USC00101017",35.2,21
"312197","USC00101017",35.2,21
"312198","USC00101017",35.3,21.1
"347701","USC00111497",34.3,19.5
"347702","USC00111497",34.1,19.3
"347703","USC00111497",34,19.1
"347704","USC00111497",33.9,18.9
"347705","USC00111497",33.7,18.8
"347706","USC00111497",33.6,18.6
"347707","USC00111497",33.5,18.4
"347708","USC00111497",33.3,18.2
"347709","USC00111497",33.2,18
"347710","USC00111497",33.1,17.8
"347711","USC00111497",33,17.6
"347712","USC00111497",32.9,17.4
"347713","USC00111497",32.8,17.2
"347714","USC00111497",32.6,17
"347715","USC00111497",32.5,16.8
"347716","USC00111497",32.4,16.7
"347717","USC00111497",32.3,16.5
"347718","USC00111497",32.2,16.3
"347719","USC00111497",32.1,16.1
"347720","USC00111497",32,15.9
"347721","USC00111497",32,15.8
"347722","USC00111497",31.9,15.6
"347723","USC00111497",31.8,15.5
"347724","USC00111497",31.8,15.3
"347725","USC00111497",31.7,15.2
"347726","USC00111497",31.7,15.1
"347727","USC00111497",31.6,15
"347728","USC00111497",31.6,14.9
"347729","USC00111497",31.6,14.8
"347730","USC00111497",31.6,14.8
"347731","USC00111497",31.6,14.7
"347732","USC00111497",31.7,14.7
"347733","USC00111497",31.7,14.7
"347734","USC00111497",31.8,14.8
"347735","USC00111497",31.9,14.8
"347736","USC00111497",32,14.9
"347737","USC00111497",32.1,15
"347738","USC00111497",32.2,15.1
"347739","USC00111497",32.4,15.2
"347740","USC00111497",32.6,15.4
"347741","USC00111497",32.8,15.6
"347742","USC00111497",33,15.8
"347743","USC00111497",33.2,16
"347744","USC00111497",33.4,16.3
"347745","USC00111497",33.7,16.5
"347746","USC00111497",34,16.8
"347747","USC00111497",34.3,17.1
"347748","USC00111497",34.6,17.5
"347749","USC00111497",34.9,17.8
"347750","USC00111497",35.3,18.2
"347751","USC00111497",35.7,18.6
"347752","USC00111497",36,19
"347753","USC00111497",36.4,19.4
"347754","USC00111497",36.8,19.8
"347755","USC00111497",37.3,20.2
"347756","USC00111497",37.7,20.7
"347757","USC00111497",38.1,21.1
"347758","USC00111497",38.6,21.6
"347759","USC00111497",39,22
"347760","USC00111497",39.2,22.2
"347761","USC00111497",39.5,22.5
"347762","USC00111497",39.9,22.9
"347763","USC00111497",40.4,23.4
"347764","USC00111497",40.8,23.9
"347765","USC00111497",41.3,24.3
"347766","USC00111497",41.8,24.8
"347767","USC00111497",42.2,25.2
"347768","USC00111497",42.7,25.7
"347769","USC00111497",43.2,26.1
"347770","USC00111497",43.6,26.5
"347771","USC00111497",44.1,26.9
"347772","USC00111497",44.5,27.4
"347773","USC00111497",45,27.8
"347774","USC00111497",45.4,28.1
"347775","USC00111497",45.8,28.5
"347776","USC00111497",46.3,28.9
"347777","USC00111497",46.7,29.2
"347778","USC00111497",47.1,29.6
"347779","USC00111497",47.5,29.9
"347780","USC00111497",47.9,30.3
"347781","USC00111497",48.3,30.6
"347782","USC00111497",48.6,30.9
"347783","USC00111497",49,31.2
"347784","USC00111497",49.4,31.5
"347785","USC00111497",49.7,31.7
"347786","USC00111497",50.1,32
"347787","USC00111497",50.4,32.3
"347788","USC00111497",50.7,32.5
"347789","USC00111497",51,32.8
"347790","USC00111497",51.4,33
"347791","USC00111497",51.7,33.3
"347792","USC00111497",52,33.5
"347793","USC00111497",52.3,33.8
"347794","USC00111497",52.6,34
"347795","USC00111497",52.9,34.2
"347796","USC00111497",53.2,34.5
"347797","USC00111497",53.5,34.7
"347798","USC00111497",53.9,35
"347799","USC00111497",54.2,35.2
"347800","USC00111497",54.5,35.5
"347801","USC00111497",54.8,35.8
"347802","USC00111497",55.1,36
"347803","USC00111497",55.4,36.3
"347804","USC00111497",55.8,36.6
"347805","USC00111497",56.1,36.9
"347806","USC00111497",56.4,37.2
"347807","USC00111497",56.8,37.5
"347808","USC00111497",57.1,37.8
"347809","USC00111497",57.5,38.1
"347810","USC00111497",57.9,38.5
"347811","USC00111497",58.2,38.8
"347812","USC00111497",58.6,39.1
"347813","USC00111497",59,39.5
"347814","USC00111497",59.4,39.9
"347815","USC00111497",59.8,40.2
"347816","USC00111497",60.1,40.6
"347817","USC00111497",60.6,41
"347818","USC00111497",61,41.3
"347819","USC00111497",61.4,41.7
"347820","USC00111497",61.8,42.1
"347821","USC00111497",62.2,42.5
"347822","USC00111497",62.6,42.9
"347823","USC00111497",63,43.3
"347824","USC00111497",63.5,43.7
"347825","USC00111497",63.9,44
"347826","USC00111497",64.3,44.4
"347827","USC00111497",64.7,44.8
"347828","USC00111497",65.2,45.2
"347829","USC00111497",65.6,45.6
"347830","USC00111497",66,46
"347831","USC00111497",66.4,46.3
"347832","USC00111497",66.9,46.7
"347833","USC00111497",67.3,47.1
"347834","USC00111497",67.7,47.4
"347835","USC00111497",68.1,47.8
"347836","USC00111497",68.5,48.1
"347837","USC00111497",68.9,48.5
"347838","USC00111497",69.3,48.8
"347839","USC00111497",69.7,49.2
"347840","USC00111497",70,49.5
"347841","USC00111497",70.4,49.8
"347842","USC00111497",70.8,50.1
"347843","USC00111497",71.1,50.4
"347844","USC00111497",71.5,50.8
"347845","USC00111497",71.9,51.1
"347846","USC00111497",72.2,51.4
"347847","USC00111497",72.5,51.7
"347848","USC00111497",72.9,52
"347849","USC00111497",73.2,52.3
"347850","USC00111497",73.5,52.6
"347851","USC00111497",73.9,52.8
"347852","USC00111497",74.2,53.1
"347853","USC00111497",74.5,53.4
"347854","USC00111497",74.8,53.7
"347855","USC00111497",75.1,54
"347856","USC00111497",75.4,54.3
"347857","USC00111497",75.7,54.6
"347858","USC00111497",76,54.9
"347859","USC00111497",76.3,55.2
"347860","USC00111497",76.6,55.5
"347861","USC00111497",76.9,55.8
"347862","USC00111497",77.2,56.1
"347863","USC00111497",77.4,56.4
"347864","USC00111497",77.7,56.7
"347865","USC00111497",78,57
"347866","USC00111497",78.3,57.3
"347867","USC00111497",78.6,57.6
"347868","USC00111497",78.8,57.9
"347869","USC00111497",79.1,58.2
"347870","USC00111497",79.4,58.5
"347871","USC00111497",79.6,58.8
"347872","USC00111497",79.9,59.1
"347873","USC00111497",80.2,59.4
"347874","USC00111497",80.4,59.7
"347875","USC00111497",80.7,60
"347876","USC00111497",80.9,60.3
"347877","USC00111497",81.2,60.5
"347878","USC00111497",81.4,60.8
"347879","USC00111497",81.6,61.1
"347880","USC00111497",81.9,61.4
"347881","USC00111497",82.1,61.6
"347882","USC00111497",82.3,61.9
"347883","USC00111497",82.5,62.1
"347884","USC00111497",82.7,62.3
"347885","USC00111497",82.9,62.6
"347886","USC00111497",83.1,62.8
"347887","USC00111497",83.3,63
"347888","USC00111497",83.4,63.2
"347889","USC00111497",83.6,63.4
"347890","USC00111497",83.7,63.5
"347891","USC00111497",83.9,63.7
"347892","USC00111497",84,63.8
"347893","USC00111497",84.1,63.9
"347894","USC00111497",84.2,64
"347895","USC00111497",84.3,64.1
"347896","USC00111497",84.4,64.2
"347897","USC00111497",84.5,64.3
"347898","USC00111497",84.5,64.4
"347899","USC00111497",84.6,64.4
"347900","USC00111497",84.6,64.5
"347901","USC00111497",84.6,64.5
"347902","USC00111497",84.6,64.5
"347903","USC00111497",84.7,64.5
"347904","USC00111497",84.7,64.5
"347905","USC00111497",84.6,64.5
"347906","USC00111497",84.6,64.4
"347907","USC00111497",84.6,64.4
"347908","USC00111497",84.6,64.4
"347909","USC00111497",84.5,64.3
"347910","USC00111497",84.5,64.3
"347911","USC00111497",84.4,64.2
"347912","USC00111497",84.3,64.1
"347913","USC00111497",84.3,64.1
"347914","USC00111497",84.2,64
"347915","USC00111497",84.1,63.9
"347916","USC00111497",84,63.8
"347917","USC00111497",83.9,63.8
"347918","USC00111497",83.8,63.7
"347919","USC00111497",83.7,63.6
"347920","USC00111497",83.6,63.5
"347921","USC00111497",83.5,63.4
"347922","USC00111497",83.4,63.3
"347923","USC00111497",83.3,63.2
"347924","USC00111497",83.2,63.2
"347925","USC00111497",83.1,63.1
"347926","USC00111497",83,63
"347927","USC00111497",82.9,62.9
"347928","USC00111497",82.7,62.8
"347929","USC00111497",82.6,62.7
"347930","USC00111497",82.5,62.6
"347931","USC00111497",82.4,62.5
"347932","USC00111497",82.2,62.4
"347933","USC00111497",82.1,62.3
"347934","USC00111497",82,62.2
"347935","USC00111497",81.8,62.1
"347936","USC00111497",81.7,62
"347937","USC00111497",81.5,61.8
"347938","USC00111497",81.4,61.7
"347939","USC00111497",81.2,61.6
"347940","USC00111497",81.1,61.4
"347941","USC00111497",80.9,61.3
"347942","USC00111497",80.7,61.1
"347943","USC00111497",80.5,60.9
"347944","USC00111497",80.3,60.7
"347945","USC00111497",80.1,60.5
"347946","USC00111497",79.9,60.3
"347947","USC00111497",79.7,60.1
"347948","USC00111497",79.4,59.9
"347949","USC00111497",79.2,59.6
"347950","USC00111497",78.9,59.4
"347951","USC00111497",78.6,59.1
"347952","USC00111497",78.4,58.8
"347953","USC00111497",78.1,58.5
"347954","USC00111497",77.8,58.2
"347955","USC00111497",77.4,57.8
"347956","USC00111497",77.1,57.5
"347957","USC00111497",76.8,57.1
"347958","USC00111497",76.4,56.8
"347959","USC00111497",76.1,56.4
"347960","USC00111497",75.7,56
"347961","USC00111497",75.3,55.6
"347962","USC00111497",74.9,55.2
"347963","USC00111497",74.5,54.8
"347964","USC00111497",74.1,54.3
"347965","USC00111497",73.7,53.9
"347966","USC00111497",73.3,53.4
"347967","USC00111497",72.8,53
"347968","USC00111497",72.4,52.5
"347969","USC00111497",71.9,52.1
"347970","USC00111497",71.5,51.6
"347971","USC00111497",71,51.1
"347972","USC00111497",70.5,50.6
"347973","USC00111497",70.1,50.2
"347974","USC00111497",69.6,49.7
"347975","USC00111497",69.1,49.2
"347976","USC00111497",68.7,48.8
"347977","USC00111497",68.2,48.3
"347978","USC00111497",67.7,47.8
"347979","USC00111497",67.2,47.4
"347980","USC00111497",66.7,46.9
"347981","USC00111497",66.3,46.5
"347982","USC00111497",65.8,46.1
"347983","USC00111497",65.3,45.6
"347984","USC00111497",64.9,45.2
"347985","USC00111497",64.4,44.8
"347986","USC00111497",64,44.4
"347987","USC00111497",63.5,44
"347988","USC00111497",63,43.6
"347989","USC00111497",62.6,43.2
"347990","USC00111497",62.2,42.8
"347991","USC00111497",61.7,42.5
"347992","USC00111497",61.3,42.1
"347993","USC00111497",60.9,41.8
"347994","USC00111497",60.4,41.4
"347995","USC00111497",60,41.1
"347996","USC00111497",59.6,40.7
"347997","USC00111497",59.2,40.4
"347998","USC00111497",58.8,40.1
"347999","USC00111497",58.4,39.7
"348000","USC00111497",57.9,39.4
"348001","USC00111497",57.5,39.1
"348002","USC00111497",57.1,38.8
"348003","USC00111497",56.7,38.5
"348004","USC00111497",56.3,38.1
"348005","USC00111497",55.9,37.8
"348006","USC00111497",55.5,37.5
"348007","USC00111497",55.1,37.2
"348008","USC00111497",54.7,36.9
"348009","USC00111497",54.3,36.5
"348010","USC00111497",53.9,36.2
"348011","USC00111497",53.4,35.9
"348012","USC00111497",53,35.5
"348013","USC00111497",52.6,35.2
"348014","USC00111497",52.2,34.8
"348015","USC00111497",51.8,34.5
"348016","USC00111497",51.3,34.1
"348017","USC00111497",50.9,33.8
"348018","USC00111497",50.5,33.4
"348019","USC00111497",50,33
"348020","USC00111497",49.6,32.7
"348021","USC00111497",49.1,32.3
"348022","USC00111497",48.7,31.9
"348023","USC00111497",48.2,31.5
"348024","USC00111497",47.8,31.2
"348025","USC00111497",47.3,30.8
"348026","USC00111497",46.9,30.4
"348027","USC00111497",46.5,30
"348028","USC00111497",46,29.6
"348029","USC00111497",45.6,29.3
"348030","USC00111497",45.1,28.9
"348031","USC00111497",44.7,28.5
"348032","USC00111497",44.2,28.1
"348033","USC00111497",43.8,27.8
"348034","USC00111497",43.4,27.4
"348035","USC00111497",43,27
"348036","USC00111497",42.5,26.7
"348037","USC00111497",42.1,26.3
"348038","USC00111497",41.7,26
"348039","USC00111497",41.3,25.7
"348040","USC00111497",41,25.4
"348041","USC00111497",40.6,25
"348042","USC00111497",40.2,24.7
"348043","USC00111497",39.9,24.5
"348044","USC00111497",39.5,24.2
"348045","USC00111497",39.2,23.9
"348046","USC00111497",38.9,23.6
"348047","USC00111497",38.5,23.4
"348048","USC00111497",38.2,23.1
"348049","USC00111497",38,22.9
"348050","USC00111497",37.7,22.6
"348051","USC00111497",37.4,22.4
"348052","USC00111497",37.1,22.2
"348053","USC00111497",36.9,22
"348054","USC00111497",36.7,21.8
"348055","USC00111497",36.4,21.6
"348056","USC00111497",36.2,21.4
"348057","USC00111497",36,21.2
"348058","USC00111497",35.8,21
"348059","USC00111497",35.6,20.9
"348060","USC00111497",35.4,20.7
"348061","USC00111497",35.2,20.5
"348062","USC00111497",35.1,20.3
"348063","USC00111497",34.9,20.2
"348064","USC00111497",34.7,20
"348065","USC00111497",34.6,19.8
"348066","USC00111497",34.4,19.6
"396013","USC00124260",37.2,22.2
"396014","USC00124260",37.1,22
"396015","USC00124260",37,21.8
"396016","USC00124260",36.9,21.6
"396017","USC00124260",36.8,21.4
"396018","USC00124260",36.7,21.2
"396019","USC00124260",36.7,21
"396020","USC00124260",36.6,20.8
"396021","USC00124260",36.5,20.6
"396022","USC00124260",36.4,20.4
"396023","USC00124260",36.4,20.2
"396024","USC00124260",36.3,20.1
"396025","USC00124260",36.3,19.9
"396026","USC00124260",36.2,19.8
"396027","USC00124260",36.2,19.6
"396028","USC00124260",36.1,19.5
"396029","USC00124260",36.1,19.3
"396030","USC00124260",36,19.2
"396031","USC00124260",36,19.1
"396032","USC00124260",36,19
"396033","USC00124260",36,18.9
"396034","USC00124260",35.9,18.8
"396035","USC00124260",35.9,18.7
"396036","USC00124260",35.9,18.7
"396037","USC00124260",35.9,18.6
"396038","USC00124260",35.9,18.6
"396039","USC00124260",36,18.6
"396040","USC00124260",36,18.6
"396041","USC00124260",36,18.6
"396042","USC00124260",36.1,18.6
"396043","USC00124260",36.1,18.7
"396044","USC00124260",36.2,18.7
"396045","USC00124260",36.3,18.8
"396046","USC00124260",36.4,18.9
"396047","USC00124260",36.5,19
"396048","USC00124260",36.6,19.1
"396049","USC00124260",36.7,19.3
"396050","USC00124260",36.9,19.5
"396051","USC00124260",37.1,19.6
"396052","USC00124260",37.3,19.8
"396053","USC00124260",37.5,20
"396054","USC00124260",37.7,20.3
"396055","USC00124260",37.9,20.5
"396056","USC00124260",38.2,20.8
"396057","USC00124260",38.4,21.1
"396058","USC00124260",38.7,21.4
"396059","USC00124260",39,21.7
"396060","USC00124260",39.3,22
"396061","USC00124260",39.7,22.4
"396062","USC00124260",40,22.7
"396063","USC00124260",40.4,23.1
"396064","USC00124260",40.8,23.4
"396065","USC00124260",41.2,23.8
"396066","USC00124260",41.6,24.2
"396067","USC00124260",42,24.6
"396068","USC00124260",42.5,25
"396069","USC00124260",42.9,25.5
"396070","USC00124260",43.4,25.9
"396071","USC00124260",43.9,26.3
"396072","USC00124260",44.1,26.5
"396073","USC00124260",44.4,26.8
"396074","USC00124260",44.9,27.2
"396075","USC00124260",45.4,27.6
"396076","USC00124260",45.9,28.1
"396077","USC00124260",46.4,28.5
"396078","USC00124260",46.9,29
"396079","USC00124260",47.5,29.4
"396080","USC00124260",48,29.8
"396081","USC00124260",48.5,30.3
"396082","USC00124260",49.1,30.7
"396083","USC00124260",49.6,31.1
"396084","USC00124260",50.2,31.5
"396085","USC00124260",50.7,31.9
"396086","USC00124260",51.2,32.4
"396087","USC00124260",51.8,32.8
"396088","USC00124260",52.3,33.2
"396089","USC00124260",52.8,33.5
"396090","USC00124260",53.3,33.9
"396091","USC00124260",53.8,34.3
"396092","USC00124260",54.3,34.7
"396093","USC00124260",54.8,35
"396094","USC00124260",55.3,35.4
"396095","USC00124260",55.8,35.7
"396096","USC00124260",56.3,36
"396097","USC00124260",56.7,36.4
"396098","USC00124260",57.2,36.7
"396099","USC00124260",57.6,37
"396100","USC00124260",58,37.3
"396101","USC00124260",58.4,37.6
"396102","USC00124260",58.8,37.9
"396103","USC00124260",59.2,38.2
"396104","USC00124260",59.6,38.5
"396105","USC00124260",60,38.8
"396106","USC00124260",60.4,39.1
"396107","USC00124260",60.7,39.4
"396108","USC00124260",61.1,39.7
"396109","USC00124260",61.4,40
"396110","USC00124260",61.7,40.2
"396111","USC00124260",62.1,40.5
"396112","USC00124260",62.4,40.8
"396113","USC00124260",62.7,41.1
"396114","USC00124260",63,41.4
"396115","USC00124260",63.3,41.7
"396116","USC00124260",63.6,42
"396117","USC00124260",63.9,42.3
"396118","USC00124260",64.2,42.6
"396119","USC00124260",64.5,42.9
"396120","USC00124260",64.8,43.2
"396121","USC00124260",65.1,43.5
"396122","USC00124260",65.4,43.8
"396123","USC00124260",65.7,44.2
"396124","USC00124260",66,44.5
"396125","USC00124260",66.3,44.9
"396126","USC00124260",66.6,45.2
"396127","USC00124260",66.9,45.6
"396128","USC00124260",67.2,45.9
"396129","USC00124260",67.5,46.3
"396130","USC00124260",67.8,46.7
"396131","USC00124260",68.1,47.1
"396132","USC00124260",68.4,47.4
"396133","USC00124260",68.7,47.8
"396134","USC00124260",69,48.2
"396135","USC00124260",69.4,48.6
"396136","USC00124260",69.7,49
"396137","USC00124260",70,49.4
"396138","USC00124260",70.4,49.8
"396139","USC00124260",70.7,50.2
"396140","USC00124260",71.1,50.7
"396141","USC00124260",71.4,51.1
"396142","USC00124260",71.8,51.5
"396143","USC00124260",72.1,51.9
"396144","USC00124260",72.5,52.3
"396145","USC00124260",72.8,52.7
"396146","USC00124260",73.2,53.1
"396147","USC00124260",73.6,53.5
"396148","USC00124260",73.9,53.9
"396149","USC00124260",74.3,54.3
"396150","USC00124260",74.7,54.7
"396151","USC00124260",75,55.1
"396152","USC00124260",75.4,55.5
"396153","USC00124260",75.8,55.9
"396154","USC00124260",76.1,56.3
"396155","USC00124260",76.5,56.7
"396156","USC00124260",76.8,57
"396157","USC00124260",77.2,57.4
"396158","USC00124260",77.6,57.7
"396159","USC00124260",77.9,58.1
"396160","USC00124260",78.2,58.4
"396161","USC00124260",78.6,58.8
"396162","USC00124260",78.9,59.1
"396163","USC00124260",79.2,59.4
"396164","USC00124260",79.6,59.7
"396165","USC00124260",79.9,60
"396166","USC00124260",80.2,60.3
"396167","USC00124260",80.5,60.6
"396168","USC00124260",80.8,60.9
"396169","USC00124260",81,61.2
"396170","USC00124260",81.3,61.4
"396171","USC00124260",81.6,61.7
"396172","USC00124260",81.8,61.9
"396173","USC00124260",82.1,62.2
"396174","USC00124260",82.3,62.4
"396175","USC00124260",82.5,62.7
"396176","USC00124260",82.8,62.9
"396177","USC00124260",83,63.1
"396178","USC00124260",83.2,63.3
"396179","USC00124260",83.4,63.5
"396180","USC00124260",83.5,63.7
"396181","USC00124260",83.7,63.9
"396182","USC00124260",83.9,64.1
"396183","USC00124260",84,64.3
"396184","USC00124260",84.2,64.5
"396185","USC00124260",84.3,64.6
"396186","USC00124260",84.4,64.8
"396187","USC00124260",84.5,65
"396188","USC00124260",84.6,65.1
"396189","USC00124260",84.7,65.3
"396190","USC00124260",84.8,65.4
"396191","USC00124260",84.9,65.6
"396192","USC00124260",85,65.7
"396193","USC00124260",85.1,65.8
"396194","USC00124260",85.1,66
"396195","USC00124260",85.2,66.1
"396196","USC00124260",85.2,66.2
"396197","USC00124260",85.3,66.3
"396198","USC00124260",85.3,66.4
"396199","USC00124260",85.3,66.5
"396200","USC00124260",85.4,66.6
"396201","USC00124260",85.4,66.7
"396202","USC00124260",85.4,66.7
"396203","USC00124260",85.4,66.8
"396204","USC00124260",85.4,66.9
"396205","USC00124260",85.5,66.9
"396206","USC00124260",85.5,67
"396207","USC00124260",85.5,67
"396208","USC00124260",85.5,67.1
"396209","USC00124260",85.5,67.1
"396210","USC00124260",85.5,67.1
"396211","USC00124260",85.5,67.2
"396212","USC00124260",85.5,67.2
"396213","USC00124260",85.4,67.2
"396214","USC00124260",85.4,67.2
"396215","USC00124260",85.4,67.2
"396216","USC00124260",85.4,67.2
"396217","USC00124260",85.4,67.2
"396218","USC00124260",85.4,67.2
"396219","USC00124260",85.4,67.1
"396220","USC00124260",85.4,67.1
"396221","USC00124260",85.4,67.1
"396222","USC00124260",85.4,67
"396223","USC00124260",85.4,67
"396224","USC00124260",85.4,66.9
"396225","USC00124260",85.4,66.9
"396226","USC00124260",85.3,66.8
"396227","USC00124260",85.3,66.8
"396228","USC00124260",85.3,66.7
"396229","USC00124260",85.3,66.7
"396230","USC00124260",85.3,66.6
"396231","USC00124260",85.3,66.5
"396232","USC00124260",85.3,66.4
"396233","USC00124260",85.3,66.4
"396234","USC00124260",85.3,66.3
"396235","USC00124260",85.2,66.2
"396236","USC00124260",85.2,66.1
"396237","USC00124260",85.2,66
"396238","USC00124260",85.2,65.9
"396239","USC00124260",85.1,65.8
"396240","USC00124260",85.1,65.7
"396241","USC00124260",85,65.6
"396242","USC00124260",85,65.5
"396243","USC00124260",84.9,65.3
"396244","USC00124260",84.9,65.2
"396245","USC00124260",84.8,65.1
"396246","USC00124260",84.7,65
"396247","USC00124260",84.6,64.8
"396248","USC00124260",84.5,64.7
"396249","USC00124260",84.4,64.5
"396250","USC00124260",84.3,64.4
"396251","USC00124260",84.2,64.2
"396252","USC00124260",84.1,64
"396253","USC00124260",83.9,63.9
"396254","USC00124260",83.7,63.7
"396255","USC00124260",83.6,63.5
"396256","USC00124260",83.4,63.3
"396257","USC00124260",83.2,63.1
"396258","USC00124260",83,62.9
"396259","USC00124260",82.8,62.6
"396260","USC00124260",82.6,62.4
"396261","USC00124260",82.3,62.2
"396262","USC00124260",82.1,61.9
"396263","USC00124260",81.8,61.6
"396264","USC00124260",81.5,61.4
"396265","USC00124260",81.2,61.1
"396266","USC00124260",80.9,60.8
"396267","USC00124260",80.6,60.5
"396268","USC00124260",80.3,60.2
"396269","USC00124260",79.9,59.8
"396270","USC00124260",79.6,59.5
"396271","USC00124260",79.2,59.2
"396272","USC00124260",78.9,58.8
"396273","USC00124260",78.5,58.4
"396274","USC00124260",78.1,58
"396275","USC00124260",77.7,57.7
"396276","USC00124260",77.3,57.3
"396277","USC00124260",76.9,56.8
"396278","USC00124260",76.5,56.4
"396279","USC00124260",76,56
"396280","USC00124260",75.6,55.6
"396281","USC00124260",75.2,55.1
"396282","USC00124260",74.7,54.7
"396283","USC00124260",74.3,54.2
"396284","USC00124260",73.9,53.7
"396285","USC00124260",73.4,53.3
"396286","USC00124260",72.9,52.8
"396287","USC00124260",72.5,52.3
"396288","USC00124260",72,51.8
"396289","USC00124260",71.6,51.4
"396290","USC00124260",71.1,50.9
"396291","USC00124260",70.7,50.4
"396292","USC00124260",70.2,49.9
"396293","USC00124260",69.8,49.4
"396294","USC00124260",69.3,48.9
"396295","USC00124260",68.8,48.4
"396296","USC00124260",68.4,47.9
"396297","USC00124260",67.9,47.4
"396298","USC00124260",67.5,46.9
"396299","USC00124260",67.1,46.5
"396300","USC00124260",66.6,46
"396301","USC00124260",66.2,45.5
"396302","USC00124260",65.7,45
"396303","USC00124260",65.3,44.6
"396304","USC00124260",64.9,44.1
"396305","USC00124260",64.4,43.6
"396306","USC00124260",64,43.2
"396307","USC00124260",63.6,42.7
"396308","USC00124260",63.1,42.3
"396309","USC00124260",62.7,41.9
"396310","USC00124260",62.3,41.4
"396311","USC00124260",61.9,41
"396312","USC00124260",61.4,40.6
"396313","USC00124260",61,40.2
"396314","USC00124260",60.6,39.8
"396315","USC00124260",60.1,39.4
"396316","USC00124260",59.7,39
"396317","USC00124260",59.3,38.6
"396318","USC00124260",58.9,38.3
"396319","USC00124260",58.4,37.9
"396320","USC00124260",58,37.5
"396321","USC00124260",57.5,37.2
"396322","USC00124260",57.1,36.8
"396323","USC00124260",56.7,36.5
"396324","USC00124260",56.2,36.1
"396325","USC00124260",55.8,35.8
"396326","USC00124260",55.3,35.5
"396327","USC00124260",54.9,35.1
"396328","USC00124260",54.4,34.8
"396329","USC00124260",53.9,34.5
"396330","USC00124260",53.5,34.2
"396331","USC00124260",53,33.9
"396332","USC00124260",52.6,33.6
"396333","USC00124260",52.1,33.3
"396334","USC00124260",51.6,33
"396335","USC00124260",51.2,32.7
"396336","USC00124260",50.7,32.4
"396337","USC00124260",50.2,32.2
"396338","USC00124260",49.8,31.9
"396339","USC00124260",49.3,31.6
"396340","USC00124260",48.8,31.3
"396341","USC00124260",48.4,31.1
"396342","USC00124260",47.9,30.8
"396343","USC00124260",47.5,30.5
"396344","USC00124260",47,30.3
"396345","USC00124260",46.6,30
"396346","USC00124260",46.1,29.7
"396347","USC00124260",45.7,29.5
"396348","USC00124260",45.3,29.2
"396349","USC00124260",44.9,29
"396350","USC00124260",44.4,28.7
"396351","USC00124260",44,28.5
"396352","USC00124260",43.6,28.2
"396353","USC00124260",43.3,28
"396354","USC00124260",42.9,27.8
"396355","USC00124260",42.5,27.5
"396356","USC00124260",42.2,27.3
"396357","USC00124260",41.8,27
"396358","USC00124260",41.5,26.8
"396359","USC00124260",41.2,26.6
"396360","USC00124260",40.9,26.3
"396361","USC00124260",40.6,26.1
"396362","USC00124260",40.3,25.9
"396363","USC00124260",40,25.6
"396364","USC00124260",39.8,25.4
"396365","USC00124260",39.5,25.2
"396366","USC00124260",39.3,25
"396367","USC00124260",39.1,24.7
"396368","USC00124260",38.9,24.5
"396369","USC00124260",38.7,24.3
"396370","USC00124260",38.5,24.1
"396371","USC00124260",38.3,23.9
"396372","USC00124260",38.1,23.6
"396373","USC00124260",38,23.4
"396374","USC00124260",37.8,23.2
"396375","USC00124260",37.7,23
"396376","USC00124260",37.6,22.8
"396377","USC00124260",37.4,22.6
"396378","USC00124260",37.3,22.4
"428221","USC00132209",31.6,15.5
"428222","USC00132209",31.5,15.4
"428223","USC00132209",31.4,15.3
"428224","USC00132209",31.3,15.2
"428225","USC00132209",31.3,15
"428226","USC00132209",31.2,14.9
"428227","USC00132209",31.1,14.8
"428228","USC00132209",31.1,14.7
"428229","USC00132209",31,14.6
"428230","USC00132209",31,14.4
"428231","USC00132209",31,14.3
"428232","USC00132209",30.9,14.2
"428233","USC00132209",30.9,14
"428234","USC00132209",30.8,13.9
"428235","USC00132209",30.8,13.8
"428236","USC00132209",30.7,13.7
"428237","USC00132209",30.7,13.5
"428238","USC00132209",30.7,13.4
"428239","USC00132209",30.6,13.3
"428240","USC00132209",30.6,13.1
"428241","USC00132209",30.5,13
"428242","USC00132209",30.5,12.9
"428243","USC00132209",30.5,12.8
"428244","USC00132209",30.4,12.7
"428245","USC00132209",30.4,12.6
"428246","USC00132209",30.4,12.5
"428247","USC00132209",30.4,12.4
"428248","USC00132209",30.4,12.3
"428249","USC00132209",30.4,12.2
"428250","USC00132209",30.4,12.2
"428251","USC00132209",30.4,12.2
"428252","USC00132209",30.4,12.2
"428253","USC00132209",30.5,12.2
"428254","USC00132209",30.5,12.2
"428255","USC00132209",30.6,12.2
"428256","USC00132209",30.7,12.3
"428257","USC00132209",30.8,12.4
"428258","USC00132209",30.9,12.5
"428259","USC00132209",31.1,12.6
"428260","USC00132209",31.2,12.8
"428261","USC00132209",31.4,13
"428262","USC00132209",31.7,13.2
"428263","USC00132209",31.9,13.4
"428264","USC00132209",32.2,13.7
"428265","USC00132209",32.5,14
"428266","USC00132209",32.8,14.3
"428267","USC00132209",33.1,14.7
"428268","USC00132209",33.5,15.1
"428269","USC00132209",33.9,15.5
"428270","USC00132209",34.3,15.9
"428271","USC00132209",34.7,16.3
"428272","USC00132209",35.2,16.8
"428273","USC00132209",35.7,17.3
"428274","USC00132209",36.2,17.8
"428275","USC00132209",36.7,18.4
"428276","USC00132209",37.3,18.9
"428277","USC00132209",37.9,19.5
"428278","USC00132209",38.5,20.1
"428279","USC00132209",39.1,20.7
"428280","USC00132209",39.4,21
"428281","USC00132209",39.7,21.3
"428282","USC00132209",40.3,21.9
"428283","USC00132209",41,22.6
"428284","USC00132209",41.7,23.2
"428285","USC00132209",42.3,23.8
"428286","USC00132209",43,24.5
"428287","USC00132209",43.7,25.1
"428288","USC00132209",44.4,25.8
"428289","USC00132209",45,26.4
"428290","USC00132209",45.7,27
"428291","USC00132209",46.4,27.6
"428292","USC00132209",47.1,28.2
"428293","USC00132209",47.7,28.8
"428294","USC00132209",48.4,29.4
"428295","USC00132209",49,30
"428296","USC00132209",49.7,30.5
"428297","USC00132209",50.3,31
"428298","USC00132209",50.9,31.6
"428299","USC00132209",51.5,32
"428300","USC00132209",52.1,32.5
"428301","USC00132209",52.6,33
"428302","USC00132209",53.2,33.4
"428303","USC00132209",53.7,33.8
"428304","USC00132209",54.2,34.2
"428305","USC00132209",54.7,34.6
"428306","USC00132209",55.1,35
"428307","USC00132209",55.6,35.3
"428308","USC00132209",56,35.6
"428309","USC00132209",56.4,35.9
"428310","USC00132209",56.8,36.2
"428311","USC00132209",57.2,36.5
"428312","USC00132209",57.5,36.8
"428313","USC00132209",57.9,37
"428314","USC00132209",58.2,37.2
"428315","USC00132209",58.5,37.5
"428316","USC00132209",58.8,37.7
"428317","USC00132209",59.1,37.9
"428318","USC00132209",59.4,38.1
"428319","USC00132209",59.7,38.3
"428320","USC00132209",59.9,38.5
"428321","USC00132209",60.2,38.7
"428322","USC00132209",60.4,38.9
"428323","USC00132209",60.7,39.1
"428324","USC00132209",60.9,39.3
"428325","USC00132209",61.2,39.6
"428326","USC00132209",61.4,39.8
"428327","USC00132209",61.7,40
"428328","USC00132209",61.9,40.3
"428329","USC00132209",62.2,40.5
"428330","USC00132209",62.4,40.8
"428331","USC00132209",62.7,41.1
"428332","USC00132209",63,41.3
"428333","USC00132209",63.2,41.7
"428334","USC00132209",63.5,42
"428335","USC00132209",63.8,42.3
"428336","USC00132209",64.1,42.7
"428337","USC00132209",64.5,43
"428338","USC00132209",64.8,43.4
"428339","USC00132209",65.1,43.8
"428340","USC00132209",65.5,44.2
"428341","USC00132209",65.8,44.6
"428342","USC00132209",66.2,45
"428343","USC00132209",66.5,45.5
"428344","USC00132209",66.9,45.9
"428345","USC00132209",67.3,46.4
"428346","USC00132209",67.7,46.9
"428347","USC00132209",68.1,47.4
"428348","USC00132209",68.5,47.8
"428349","USC00132209",68.9,48.3
"428350","USC00132209",69.3,48.8
"428351","USC00132209",69.8,49.3
"428352","USC00132209",70.2,49.9
"428353","USC00132209",70.6,50.4
"428354","USC00132209",71,50.9
"428355","USC00132209",71.5,51.4
"428356","USC00132209",71.9,51.9
"428357","USC00132209",72.3,52.4
"428358","USC00132209",72.7,52.9
"428359","USC00132209",73.1,53.4
"428360","USC00132209",73.5,53.8
"428361","USC00132209",73.9,54.3
"428362","USC00132209",74.3,54.8
"428363","USC00132209",74.7,55.2
"428364","USC00132209",75.1,55.7
"428365","USC00132209",75.5,56.1
"428366","USC00132209",75.9,56.5
"428367","USC00132209",76.2,56.9
"428368","USC00132209",76.6,57.3
"428369","USC00132209",76.9,57.7
"428370","USC00132209",77.3,58.1
"428371","USC00132209",77.6,58.4
"428372","USC00132209",77.9,58.8
"428373","USC00132209",78.2,59.1
"428374","USC00132209",78.5,59.4
"428375","USC00132209",78.8,59.8
"428376","USC00132209",79.1,60
"428377","USC00132209",79.4,60.3
"428378","USC00132209",79.6,60.6
"428379","USC00132209",79.9,60.9
"428380","USC00132209",80.1,61.1
"428381","USC00132209",80.4,61.4
"428382","USC00132209",80.6,61.6
"428383","USC00132209",80.8,61.8
"428384","USC00132209",81.1,62
"428385","USC00132209",81.3,62.2
"428386","USC00132209",81.5,62.4
"428387","USC00132209",81.7,62.6
"428388","USC00132209",81.9,62.8
"428389","USC00132209",82.1,63
"428390","USC00132209",82.3,63.2
"428391","USC00132209",82.5,63.4
"428392","USC00132209",82.7,63.5
"428393","USC00132209",82.8,63.7
"428394","USC00132209",83,63.8
"428395","USC00132209",83.2,64
"428396","USC00132209",83.4,64.2
"428397","USC00132209",83.5,64.3
"428398","USC00132209",83.7,64.5
"428399","USC00132209",83.8,64.6
"428400","USC00132209",84,64.7
"428401","USC00132209",84.1,64.9
"428402","USC00132209",84.3,65
"428403","USC00132209",84.4,65.1
"428404","USC00132209",84.6,65.3
"428405","USC00132209",84.7,65.4
"428406","USC00132209",84.8,65.5
"428407","USC00132209",84.9,65.6
"428408","USC00132209",85,65.7
"428409","USC00132209",85.1,65.8
"428410","USC00132209",85.2,65.9
"428411","USC00132209",85.3,66
"428412","USC00132209",85.4,66.1
"428413","USC00132209",85.4,66.2
"428414","USC00132209",85.5,66.2
"428415","USC00132209",85.6,66.3
"428416","USC00132209",85.6,66.4
"428417","USC00132209",85.6,66.4
"428418","USC00132209",85.7,66.4
"428419","USC00132209",85.7,66.5
"428420","USC00132209",85.7,66.5
"428421","USC00132209",85.7,66.5
"428422","USC00132209",85.7,66.5
"428423","USC00132209",85.6,66.5
"428424","USC00132209",85.6,66.5
"428425","USC00132209",85.6,66.4
"428426","USC00132209",85.5,66.4
"428427","USC00132209",85.5,66.4
"428428","USC00132209",85.4,66.3
"428429","USC00132209",85.3,66.2
"428430","USC00132209",85.2,66.2
"428431","USC00132209",85.1,66.1
"428432","USC00132209",85,66
"428433","USC00132209",85,65.9
"428434","USC00132209",84.8,65.8
"428435","USC00132209",84.7,65.7
"428436","USC00132209",84.6,65.6
"428437","USC00132209",84.5,65.5
"428438","USC00132209",84.4,65.4
"428439","USC00132209",84.3,65.2
"428440","USC00132209",84.2,65.1
"428441","USC00132209",84,65
"428442","USC00132209",83.9,64.8
"428443","USC00132209",83.8,64.7
"428444","USC00132209",83.7,64.5
"428445","USC00132209",83.5,64.4
"428446","USC00132209",83.4,64.2
"428447","USC00132209",83.3,64.1
"428448","USC00132209",83.1,63.9
"428449","USC00132209",83,63.7
"428450","USC00132209",82.9,63.6
"428451","USC00132209",82.8,63.4
"428452","USC00132209",82.6,63.2
"428453","USC00132209",82.5,63
"428454","USC00132209",82.4,62.9
"428455","USC00132209",82.3,62.7
"428456","USC00132209",82.1,62.5
"428457","USC00132209",82,62.3
"428458","USC00132209",81.9,62.1
"428459","USC00132209",81.7,61.9
"428460","USC00132209",81.6,61.7
"428461","USC00132209",81.5,61.5
"428462","USC00132209",81.3,61.3
"428463","USC00132209",81.1,61.1
"428464","USC00132209",81,60.9
"428465","USC00132209",80.8,60.6
"428466","USC00132209",80.6,60.4
"428467","USC00132209",80.4,60.1
"428468","USC00132209",80.2,59.9
"428469","USC00132209",80,59.6
"428470","USC00132209",79.8,59.3
"428471","USC00132209",79.6,59.1
"428472","USC00132209",79.3,58.8
"428473","USC00132209",79.1,58.4
"428474","USC00132209",78.8,58.1
"428475","USC00132209",78.5,57.8
"428476","USC00132209",78.2,57.5
"428477","USC00132209",77.9,57.1
"428478","USC00132209",77.5,56.7
"428479","USC00132209",77.2,56.4
"428480","USC00132209",76.8,56
"428481","USC00132209",76.5,55.6
"428482","USC00132209",76.1,55.2
"428483","USC00132209",75.7,54.8
"428484","USC00132209",75.2,54.3
"428485","USC00132209",74.8,53.9
"428486","USC00132209",74.4,53.5
"428487","USC00132209",73.9,53
"428488","USC00132209",73.4,52.6
"428489","USC00132209",73,52.1
"428490","USC00132209",72.5,51.6
"428491","USC00132209",72,51.1
"428492","USC00132209",71.5,50.7
"428493","USC00132209",71,50.2
"428494","USC00132209",70.5,49.7
"428495","USC00132209",69.9,49.2
"428496","USC00132209",69.4,48.7
"428497","USC00132209",68.9,48.2
"428498","USC00132209",68.3,47.7
"428499","USC00132209",67.8,47.2
"428500","USC00132209",67.3,46.8
"428501","USC00132209",66.8,46.3
"428502","USC00132209",66.2,45.8
"428503","USC00132209",65.7,45.3
"428504","USC00132209",65.2,44.8
"428505","USC00132209",64.7,44.4
"428506","USC00132209",64.2,43.9
"428507","USC00132209",63.7,43.5
"428508","USC00132209",63.2,43
"428509","USC00132209",62.7,42.6
"428510","USC00132209",62.2,42.2
"428511","USC00132209",61.8,41.7
"428512","USC00132209",61.3,41.3
"428513","USC00132209",60.8,40.9
"428514","USC00132209",60.4,40.5
"428515","USC00132209",60,40.1
"428516","USC00132209",59.5,39.7
"428517","USC00132209",59.1,39.3
"428518","USC00132209",58.7,38.9
"428519","USC00132209",58.3,38.6
"428520","USC00132209",57.9,38.2
"428521","USC00132209",57.5,37.8
"428522","USC00132209",57.1,37.5
"428523","USC00132209",56.7,37.1
"428524","USC00132209",56.3,36.7
"428525","USC00132209",55.9,36.4
"428526","USC00132209",55.5,36
"428527","USC00132209",55.1,35.7
"428528","USC00132209",54.7,35.3
"428529","USC00132209",54.3,34.9
"428530","USC00132209",53.9,34.6
"428531","USC00132209",53.5,34.2
"428532","USC00132209",53.1,33.9
"428533","USC00132209",52.7,33.5
"428534","USC00132209",52.3,33.1
"428535","USC00132209",51.9,32.7
"428536","USC00132209",51.5,32.3
"428537","USC00132209",51,32
"428538","USC00132209",50.6,31.6
"428539","USC00132209",50.1,31.2
"428540","USC00132209",49.7,30.8
"428541","USC00132209",49.2,30.3
"428542","USC00132209",48.8,29.9
"428543","USC00132209",48.3,29.5
"428544","USC00132209",47.8,29.1
"428545","USC00132209",47.3,28.7
"428546","USC00132209",46.8,28.2
"428547","USC00132209",46.3,27.8
"428548","USC00132209",45.8,27.4
"428549","USC00132209",45.2,26.9
"428550","USC00132209",44.7,26.5
"428551","USC00132209",44.2,26
"428552","USC00132209",43.7,25.6
"428553","USC00132209",43.1,25.2
"428554","USC00132209",42.6,24.7
"428555","USC00132209",42.1,24.3
"428556","USC00132209",41.6,23.9
"428557","USC00132209",41,23.5
"428558","USC00132209",40.5,23.1
"428559","USC00132209",40,22.6
"428560","USC00132209",39.5,22.2
"428561","USC00132209",39,21.9
"428562","USC00132209",38.6,21.5
"428563","USC00132209",38.1,21.1
"428564","USC00132209",37.6,20.7
"428565","USC00132209",37.2,20.4
"428566","USC00132209",36.8,20
"428567","USC00132209",36.3,19.7
"428568","USC00132209",35.9,19.4
"428569","USC00132209",35.6,19.1
"428570","USC00132209",35.2,18.8
"428571","USC00132209",34.8,18.5
"428572","USC00132209",34.5,18.3
"428573","USC00132209",34.2,18
"428574","USC00132209",33.9,17.8
"428575","USC00132209",33.6,17.6
"428576","USC00132209",33.4,17.3
"428577","USC00132209",33.1,17.1
"428578","USC00132209",32.9,16.9
"428579","USC00132209",32.7,16.8
"428580","USC00132209",32.5,16.6
"428581","USC00132209",32.3,16.4
"428582","USC00132209",32.2,16.2
"428583","USC00132209",32,16.1
"428584","USC00132209",31.9,16
"428585","USC00132209",31.8,15.8
"428586","USC00132209",31.7,15.7
"502885","USC00148847",43.1,22.4
"502886","USC00148847",43.2,22.3
"502887","USC00148847",43.3,22.3
"502888","USC00148847",43.4,22.3
"502889","USC00148847",43.5,22.3
"502890","USC00148847",43.6,22.3
"502891","USC00148847",43.7,22.3
"502892","USC00148847",43.8,22.2
"502893","USC00148847",44,22.2
"502894","USC00148847",44.1,22.2
"502895","USC00148847",44.2,22.2
"502896","USC00148847",44.3,22.2
"502897","USC00148847",44.4,22.2
"502898","USC00148847",44.5,22.2
"502899","USC00148847",44.6,22.2
"502900","USC00148847",44.7,22.2
"502901","USC00148847",44.8,22.2
"502902","USC00148847",44.9,22.2
"502903","USC00148847",45,22.2
"502904","USC00148847",45,22.2
"502905","USC00148847",45.1,22.2
"502906","USC00148847",45.1,22.1
"502907","USC00148847",45.2,22.1
"502908","USC00148847",45.2,22.1
"502909","USC00148847",45.2,22.1
"502910","USC00148847",45.2,22.1
"502911","USC00148847",45.2,22.1
"502912","USC00148847",45.2,22.1
"502913","USC00148847",45.3,22.1
"502914","USC00148847",45.3,22.1
"502915","USC00148847",45.3,22.1
"502916","USC00148847",45.3,22.2
"502917","USC00148847",45.3,22.2
"502918","USC00148847",45.3,22.2
"502919","USC00148847",45.3,22.3
"502920","USC00148847",45.3,22.4
"502921","USC00148847",45.4,22.4
"502922","USC00148847",45.4,22.5
"502923","USC00148847",45.5,22.7
"502924","USC00148847",45.6,22.8
"502925","USC00148847",45.7,22.9
"502926","USC00148847",45.8,23.1
"502927","USC00148847",45.9,23.3
"502928","USC00148847",46,23.5
"502929","USC00148847",46.2,23.7
"502930","USC00148847",46.4,23.9
"502931","USC00148847",46.6,24.2
"502932","USC00148847",46.9,24.4
"502933","USC00148847",47.1,24.7
"502934","USC00148847",47.4,25.1
"502935","USC00148847",47.7,25.4
"502936","USC00148847",48.1,25.7
"502937","USC00148847",48.4,26.1
"502938","USC00148847",48.8,26.5
"502939","USC00148847",49.2,26.9
"502940","USC00148847",49.7,27.3
"502941","USC00148847",50.1,27.8
"502942","USC00148847",50.6,28.2
"502943","USC00148847",51.1,28.7
"502944","USC00148847",51.4,28.9
"502945","USC00148847",51.6,29.2
"502946","USC00148847",52.1,29.7
"502947","USC00148847",52.7,30.2
"502948","USC00148847",53.2,30.7
"502949","USC00148847",53.8,31.2
"502950","USC00148847",54.4,31.7
"502951","USC00148847",55,32.2
"502952","USC00148847",55.6,32.7
"502953","USC00148847",56.2,33.2
"502954","USC00148847",56.8,33.7
"502955","USC00148847",57.4,34.2
"502956","USC00148847",58,34.7
"502957","USC00148847",58.6,35.2
"502958","USC00148847",59.1,35.7
"502959","USC00148847",59.7,36.2
"502960","USC00148847",60.3,36.7
"502961","USC00148847",60.8,37.1
"502962","USC00148847",61.4,37.5
"502963","USC00148847",61.9,38
"502964","USC00148847",62.4,38.4
"502965","USC00148847",62.9,38.8
"502966","USC00148847",63.3,39.1
"502967","USC00148847",63.7,39.5
"502968","USC00148847",64.2,39.8
"502969","USC00148847",64.6,40.2
"502970","USC00148847",64.9,40.5
"502971","USC00148847",65.3,40.7
"502972","USC00148847",65.6,41
"502973","USC00148847",65.9,41.3
"502974","USC00148847",66.2,41.5
"502975","USC00148847",66.4,41.7
"502976","USC00148847",66.7,41.9
"502977","USC00148847",66.9,42.1
"502978","USC00148847",67.1,42.3
"502979","USC00148847",67.3,42.5
"502980","USC00148847",67.4,42.7
"502981","USC00148847",67.5,42.8
"502982","USC00148847",67.7,43
"502983","USC00148847",67.8,43.1
"502984","USC00148847",67.9,43.3
"502985","USC00148847",68,43.4
"502986","USC00148847",68.1,43.6
"502987","USC00148847",68.1,43.7
"502988","USC00148847",68.2,43.8
"502989","USC00148847",68.3,44
"502990","USC00148847",68.4,44.1
"502991","USC00148847",68.4,44.3
"502992","USC00148847",68.5,44.5
"502993","USC00148847",68.6,44.7
"502994","USC00148847",68.7,44.9
"502995","USC00148847",68.8,45.1
"502996","USC00148847",68.9,45.3
"502997","USC00148847",69,45.5
"502998","USC00148847",69.2,45.8
"502999","USC00148847",69.3,46
"503000","USC00148847",69.5,46.3
"503001","USC00148847",69.7,46.6
"503002","USC00148847",69.9,46.9
"503003","USC00148847",70.1,47.2
"503004","USC00148847",70.3,47.6
"503005","USC00148847",70.6,47.9
"503006","USC00148847",70.9,48.3
"503007","USC00148847",71.2,48.7
"503008","USC00148847",71.5,49.1
"503009","USC00148847",71.8,49.5
"503010","USC00148847",72.2,50
"503011","USC00148847",72.5,50.4
"503012","USC00148847",72.9,50.9
"503013","USC00148847",73.3,51.3
"503014","USC00148847",73.7,51.8
"503015","USC00148847",74.2,52.3
"503016","USC00148847",74.6,52.8
"503017","USC00148847",75.1,53.3
"503018","USC00148847",75.5,53.8
"503019","USC00148847",76,54.3
"503020","USC00148847",76.5,54.8
"503021","USC00148847",77,55.3
"503022","USC00148847",77.5,55.8
"503023","USC00148847",78,56.4
"503024","USC00148847",78.5,56.9
"503025","USC00148847",79,57.3
"503026","USC00148847",79.5,57.8
"503027","USC00148847",80,58.3
"503028","USC00148847",80.5,58.8
"503029","USC00148847",81,59.3
"503030","USC00148847",81.5,59.7
"503031","USC00148847",82,60.2
"503032","USC00148847",82.5,60.6
"503033","USC00148847",82.9,61
"503034","USC00148847",83.4,61.4
"503035","USC00148847",83.8,61.8
"503036","USC00148847",84.3,62.2
"503037","USC00148847",84.7,62.5
"503038","USC00148847",85.1,62.9
"503039","USC00148847",85.5,63.2
"503040","USC00148847",85.9,63.5
"503041","USC00148847",86.3,63.8
"503042","USC00148847",86.6,64.1
"503043","USC00148847",87,64.4
"503044","USC00148847",87.3,64.7
"503045","USC00148847",87.6,64.9
"503046","USC00148847",87.9,65.2
"503047","USC00148847",88.2,65.4
"503048","USC00148847",88.5,65.6
"503049","USC00148847",88.7,65.8
"503050","USC00148847",89,66
"503051","USC00148847",89.2,66.2
"503052","USC00148847",89.4,66.4
"503053","USC00148847",89.7,66.6
"503054","USC00148847",89.9,66.7
"503055","USC00148847",90.1,66.9
"503056","USC00148847",90.2,67
"503057","USC00148847",90.4,67.2
"503058","USC00148847",90.6,67.3
"503059","USC00148847",90.7,67.5
"503060","USC00148847",90.9,67.6
"503061","USC00148847",91,67.7
"503062","USC00148847",91.1,67.9
"503063","USC00148847",91.2,68
"503064","USC00148847",91.4,68.1
"503065","USC00148847",91.5,68.2
"503066","USC00148847",91.6,68.4
"503067","USC00148847",91.7,68.5
"503068","USC00148847",91.7,68.6
"503069","USC00148847",91.8,68.7
"503070","USC00148847",91.9,68.8
"503071","USC00148847",92,68.9
"503072","USC00148847",92,69
"503073","USC00148847",92.1,69.2
"503074","USC00148847",92.2,69.3
"503075","USC00148847",92.2,69.4
"503076","USC00148847",92.3,69.5
"503077","USC00148847",92.3,69.6
"503078","USC00148847",92.3,69.6
"503079","USC00148847",92.4,69.7
"503080","USC00148847",92.4,69.8
"503081","USC00148847",92.4,69.9
"503082","USC00148847",92.4,69.9
"503083","USC00148847",92.4,70
"503084","USC00148847",92.4,70.1
"503085","USC00148847",92.4,70.1
"503086","USC00148847",92.4,70.2
"503087","USC00148847",92.4,70.2
"503088","USC00148847",92.4,70.2
"503089","USC00148847",92.4,70.2
"503090","USC00148847",92.3,70.2
"503091","USC00148847",92.3,70.2
"503092","USC00148847",92.2,70.2
"503093","USC00148847",92.2,70.2
"503094","USC00148847",92.1,70.2
"503095","USC00148847",92.1,70.1
"503096","USC00148847",92,70.1
"503097","USC00148847",92,70
"503098","USC00148847",91.9,70
"503099","USC00148847",91.8,69.9
"503100","USC00148847",91.7,69.8
"503101","USC00148847",91.6,69.7
"503102","USC00148847",91.6,69.6
"503103","USC00148847",91.5,69.5
"503104","USC00148847",91.4,69.4
"503105","USC00148847",91.3,69.3
"503106","USC00148847",91.2,69.1
"503107","USC00148847",91.1,69
"503108","USC00148847",91,68.8
"503109","USC00148847",90.8,68.7
"503110","USC00148847",90.7,68.5
"503111","USC00148847",90.6,68.4
"503112","USC00148847",90.5,68.2
"503113","USC00148847",90.4,68
"503114","USC00148847",90.2,67.8
"503115","USC00148847",90.1,67.6
"503116","USC00148847",90,67.5
"503117","USC00148847",89.8,67.3
"503118","USC00148847",89.7,67.1
"503119","USC00148847",89.5,66.9
"503120","USC00148847",89.4,66.7
"503121","USC00148847",89.2,66.4
"503122","USC00148847",89,66.2
"503123","USC00148847",88.9,66
"503124","USC00148847",88.7,65.8
"503125","USC00148847",88.5,65.5
"503126","USC00148847",88.3,65.3
"503127","USC00148847",88.1,65.1
"503128","USC00148847",87.9,64.8
"503129","USC00148847",87.7,64.6
"503130","USC00148847",87.5,64.3
"503131","USC00148847",87.2,64
"503132","USC00148847",87,63.8
"503133","USC00148847",86.7,63.5
"503134","USC00148847",86.4,63.2
"503135","USC00148847",86.2,62.9
"503136","USC00148847",85.9,62.6
"503137","USC00148847",85.6,62.3
"503138","USC00148847",85.3,62
"503139","USC00148847",85,61.6
"503140","USC00148847",84.6,61.3
"503141","USC00148847",84.3,61
"503142","USC00148847",83.9,60.6
"503143","USC00148847",83.6,60.2
"503144","USC00148847",83.2,59.9
"503145","USC00148847",82.8,59.5
"503146","USC00148847",82.4,59.1
"503147","USC00148847",82,58.7
"503148","USC00148847",81.6,58.3
"503149","USC00148847",81.2,57.8
"503150","USC00148847",80.7,57.4
"503151","USC00148847",80.3,57
"503152","USC00148847",79.8,56.5
"503153","USC00148847",79.4,56.1
"503154","USC00148847",78.9,55.6
"503155","USC00148847",78.5,55.1
"503156","USC00148847",78,54.6
"503157","USC00148847",77.5,54.2
"503158","USC00148847",77.1,53.7
"503159","USC00148847",76.6,53.2
"503160","USC00148847",76.1,52.7
"503161","USC00148847",75.7,52.2
"503162","USC00148847",75.2,51.7
"503163","USC00148847",74.7,51.2
"503164","USC00148847",74.3,50.7
"503165","USC00148847",73.8,50.2
"503166","USC00148847",73.4,49.7
"503167","USC00148847",72.9,49.2
"503168","USC00148847",72.5,48.7
"503169","USC00148847",72.1,48.2
"503170","USC00148847",71.7,47.7
"503171","USC00148847",71.2,47.2
"503172","USC00148847",70.8,46.7
"503173","USC00148847",70.4,46.2
"503174","USC00148847",70,45.8
"503175","USC00148847",69.7,45.3
"503176","USC00148847",69.3,44.9
"503177","USC00148847",68.9,44.4
"503178","USC00148847",68.5,44
"503179","USC00148847",68.2,43.5
"503180","USC00148847",67.8,43.1
"503181","USC00148847",67.5,42.7
"503182","USC00148847",67.1,42.3
"503183","USC00148847",66.8,41.9
"503184","USC00148847",66.5,41.5
"503185","USC00148847",66.1,41.1
"503186","USC00148847",65.8,40.7
"503187","USC00148847",65.5,40.3
"503188","USC00148847",65.1,39.9
"503189","USC00148847",64.8,39.5
"503190","USC00148847",64.4,39.2
"503191","USC00148847",64.1,38.8
"503192","USC00148847",63.7,38.5
"503193","USC00148847",63.4,38.1
"503194","USC00148847",63,37.8
"503195","USC00148847",62.7,37.4
"503196","USC00148847",62.3,37.1
"503197","USC00148847",61.9,36.7
"503198","USC00148847",61.5,36.4
"503199","USC00148847",61.1,36
"503200","USC00148847",60.7,35.7
"503201","USC00148847",60.2,35.3
"503202","USC00148847",59.8,35
"503203","USC00148847",59.3,34.7
"503204","USC00148847",58.9,34.3
"503205","USC00148847",58.4,34
"503206","USC00148847",57.9,33.6
"503207","USC00148847",57.4,33.3
"503208","USC00148847",56.9,32.9
"503209","USC00148847",56.4,32.5
"503210","USC00148847",55.9,32.2
"503211","USC00148847",55.4,31.8
"503212","USC00148847",54.8,31.5
"503213","USC00148847",54.3,31.1
"503214","USC00148847",53.8,30.8
"503215","USC00148847",53.2,30.4
"503216","USC00148847",52.7,30
"503217","USC00148847",52.1,29.7
"503218","USC00148847",51.6,29.3
"503219","USC00148847",51.1,29
"503220","USC00148847",50.5,28.6
"503221","USC00148847",50,28.3
"503222","USC00148847",49.5,27.9
"503223","USC00148847",49,27.6
"503224","USC00148847",48.5,27.3
"503225","USC00148847",48,26.9
"503226","USC00148847",47.6,26.6
"503227","USC00148847",47.1,26.3
"503228","USC00148847",46.7,26
"503229","USC00148847",46.3,25.7
"503230","USC00148847",45.9,25.4
"503231","USC00148847",45.5,25.2
"503232","USC00148847",45.2,24.9
"503233","USC00148847",44.8,24.7
"503234","USC00148847",44.5,24.4
"503235","USC00148847",44.3,24.2
"503236","USC00148847",44,24
"503237","USC00148847",43.8,23.8
"503238","USC00148847",43.6,23.6
"503239","USC00148847",43.4,23.5
"503240","USC00148847",43.3,23.3
"503241","USC00148847",43.2,23.2
"503242","USC00148847",43.1,23
"503243","USC00148847",43,22.9
"503244","USC00148847",42.9,22.8
"503245","USC00148847",42.9,22.7
"503246","USC00148847",42.9,22.6
"503247","USC00148847",42.9,22.6
"503248","USC00148847",42.9,22.5
"503249","USC00148847",43,22.5
"503250","USC00148847",43,22.4
"516061","USC00154955",44.1,28.3
"516062","USC00154955",43.9,28
"516063","USC00154955",43.8,27.8
"516064","USC00154955",43.6,27.6
"516065","USC00154955",43.4,27.3
"516066","USC00154955",43.3,27.1
"516067","USC00154955",43.1,26.9
"516068","USC00154955",43,26.7
"516069","USC00154955",42.9,26.5
"516070","USC00154955",42.8,26.3
"516071","USC00154955",42.7,26.1
"516072","USC00154955",42.6,25.9
"516073","USC00154955",42.5,25.8
"516074","USC00154955",42.5,25.6
"516075","USC00154955",42.5,25.5
"516076","USC00154955",42.4,25.3
"516077","USC00154955",42.4,25.2
"516078","USC00154955",42.5,25.1
"516079","USC00154955",42.5,25.1
"516080","USC00154955",42.5,25
"516081","USC00154955",42.6,25
"516082","USC00154955",42.6,24.9
"516083","USC00154955",42.7,24.9
"516084","USC00154955",42.8,24.9
"516085","USC00154955",42.9,25
"516086","USC00154955",43,25
"516087","USC00154955",43.2,25
"516088","USC00154955",43.3,25.1
"516089","USC00154955",43.5,25.2
"516090","USC00154955",43.6,25.3
"516091","USC00154955",43.8,25.4
"516092","USC00154955",44,25.6
"516093","USC00154955",44.2,25.7
"516094","USC00154955",44.4,25.9
"516095","USC00154955",44.6,26.1
"516096","USC00154955",44.8,26.3
"516097","USC00154955",45,26.5
"516098","USC00154955",45.3,26.7
"516099","USC00154955",45.5,26.9
"516100","USC00154955",45.7,27.1
"516101","USC00154955",46,27.4
"516102","USC00154955",46.3,27.6
"516103","USC00154955",46.5,27.9
"516104","USC00154955",46.8,28.2
"516105","USC00154955",47.1,28.5
"516106","USC00154955",47.3,28.7
"516107","USC00154955",47.6,29
"516108","USC00154955",47.9,29.3
"516109","USC00154955",48.2,29.6
"516110","USC00154955",48.5,29.9
"516111","USC00154955",48.8,30.2
"516112","USC00154955",49.2,30.6
"516113","USC00154955",49.5,30.9
"516114","USC00154955",49.8,31.2
"516115","USC00154955",50.1,31.5
"516116","USC00154955",50.5,31.8
"516117","USC00154955",50.8,32.1
"516118","USC00154955",51.2,32.5
"516119","USC00154955",51.5,32.8
"516120","USC00154955",51.7,32.9
"516121","USC00154955",51.9,33.1
"516122","USC00154955",52.3,33.4
"516123","USC00154955",52.6,33.7
"516124","USC00154955",53,34
"516125","USC00154955",53.4,34.4
"516126","USC00154955",53.8,34.7
"516127","USC00154955",54.2,35
"516128","USC00154955",54.6,35.3
"516129","USC00154955",55,35.6
"516130","USC00154955",55.4,35.9
"516131","USC00154955",55.8,36.3
"516132","USC00154955",56.3,36.6
"516133","USC00154955",56.7,36.9
"516134","USC00154955",57.1,37.2
"516135","USC00154955",57.6,37.5
"516136","USC00154955",58,37.8
"516137","USC00154955",58.4,38.1
"516138","USC00154955",58.9,38.4
"516139","USC00154955",59.3,38.7
"516140","USC00154955",59.8,39.1
"516141","USC00154955",60.2,39.4
"516142","USC00154955",60.7,39.7
"516143","USC00154955",61.1,40
"516144","USC00154955",61.6,40.3
"516145","USC00154955",62,40.6
"516146","USC00154955",62.5,40.9
"516147","USC00154955",62.9,41.2
"516148","USC00154955",63.3,41.5
"516149","USC00154955",63.8,41.9
"516150","USC00154955",64.2,42.2
"516151","USC00154955",64.6,42.5
"516152","USC00154955",65,42.8
"516153","USC00154955",65.4,43.1
"516154","USC00154955",65.9,43.4
"516155","USC00154955",66.2,43.7
"516156","USC00154955",66.6,44.1
"516157","USC00154955",67,44.4
"516158","USC00154955",67.4,44.7
"516159","USC00154955",67.7,45
"516160","USC00154955",68.1,45.3
"516161","USC00154955",68.4,45.6
"516162","USC00154955",68.8,46
"516163","USC00154955",69.1,46.3
"516164","USC00154955",69.4,46.6
"516165","USC00154955",69.7,46.9
"516166","USC00154955",70,47.2
"516167","USC00154955",70.3,47.5
"516168","USC00154955",70.6,47.9
"516169","USC00154955",70.9,48.2
"516170","USC00154955",71.2,48.5
"516171","USC00154955",71.4,48.8
"516172","USC00154955",71.7,49.1
"516173","USC00154955",71.9,49.5
"516174","USC00154955",72.2,49.8
"516175","USC00154955",72.4,50.1
"516176","USC00154955",72.7,50.4
"516177","USC00154955",72.9,50.8
"516178","USC00154955",73.1,51.1
"516179","USC00154955",73.3,51.4
"516180","USC00154955",73.6,51.7
"516181","USC00154955",73.8,52.1
"516182","USC00154955",74,52.4
"516183","USC00154955",74.2,52.7
"516184","USC00154955",74.5,53.1
"516185","USC00154955",74.7,53.4
"516186","USC00154955",74.9,53.8
"516187","USC00154955",75.2,54.1
"516188","USC00154955",75.4,54.4
"516189","USC00154955",75.6,54.8
"516190","USC00154955",75.9,55.1
"516191","USC00154955",76.1,55.5
"516192","USC00154955",76.4,55.8
"516193","USC00154955",76.6,56.2
"516194","USC00154955",76.9,56.5
"516195","USC00154955",77.2,56.9
"516196","USC00154955",77.4,57.2
"516197","USC00154955",77.7,57.6
"516198","USC00154955",78,57.9
"516199","USC00154955",78.3,58.3
"516200","USC00154955",78.6,58.7
"516201","USC00154955",78.9,59
"516202","USC00154955",79.2,59.4
"516203","USC00154955",79.5,59.7
"516204","USC00154955",79.8,60.1
"516205","USC00154955",80.1,60.4
"516206","USC00154955",80.4,60.8
"516207","USC00154955",80.7,61.1
"516208","USC00154955",81.1,61.5
"516209","USC00154955",81.4,61.8
"516210","USC00154955",81.7,62.1
"516211","USC00154955",82,62.5
"516212","USC00154955",82.3,62.8
"516213","USC00154955",82.7,63.1
"516214","USC00154955",83,63.4
"516215","USC00154955",83.3,63.7
"516216","USC00154955",83.6,64
"516217","USC00154955",83.9,64.3
"516218","USC00154955",84.2,64.6
"516219","USC00154955",84.5,64.9
"516220","USC00154955",84.8,65.2
"516221","USC00154955",85,65.4
"516222","USC00154955",85.3,65.7
"516223","USC00154955",85.6,65.9
"516224","USC00154955",85.8,66.2
"516225","USC00154955",86.1,66.4
"516226","USC00154955",86.3,66.6
"516227","USC00154955",86.5,66.8
"516228","USC00154955",86.8,67
"516229","USC00154955",87,67.2
"516230","USC00154955",87.2,67.4
"516231","USC00154955",87.3,67.6
"516232","USC00154955",87.5,67.7
"516233","USC00154955",87.7,67.9
"516234","USC00154955",87.8,68.1
"516235","USC00154955",88,68.2
"516236","USC00154955",88.1,68.3
"516237","USC00154955",88.3,68.5
"516238","USC00154955",88.4,68.6
"516239","USC00154955",88.5,68.7
"516240","USC00154955",88.6,68.8
"516241","USC00154955",88.7,68.9
"516242","USC00154955",88.8,69
"516243","USC00154955",88.8,69.1
"516244","USC00154955",88.9,69.2
"516245","USC00154955",89,69.2
"516246","USC00154955",89,69.3
"516247","USC00154955",89.1,69.4
"516248","USC00154955",89.1,69.4
"516249","USC00154955",89.2,69.5
"516250","USC00154955",89.2,69.6
"516251","USC00154955",89.2,69.6
"516252","USC00154955",89.2,69.7
"516253","USC00154955",89.3,69.7
"516254","USC00154955",89.3,69.7
"516255","USC00154955",89.3,69.8
"516256","USC00154955",89.3,69.8
"516257","USC00154955",89.3,69.9
"516258","USC00154955",89.3,69.9
"516259","USC00154955",89.3,69.9
"516260","USC00154955",89.3,70
"516261","USC00154955",89.3,70
"516262","USC00154955",89.3,70
"516263","USC00154955",89.3,70
"516264","USC00154955",89.3,70.1
"516265","USC00154955",89.3,70.1
"516266","USC00154955",89.3,70.1
"516267","USC00154955",89.2,70.1
"516268","USC00154955",89.2,70.1
"516269","USC00154955",89.2,70.1
"516270","USC00154955",89.2,70.1
"516271","USC00154955",89.2,70.1
"516272","USC00154955",89.1,70.1
"516273","USC00154955",89.1,70.1
"516274","USC00154955",89.1,70.1
"516275","USC00154955",89.1,70.1
"516276","USC00154955",89,70.1
"516277","USC00154955",89,70
"516278","USC00154955",88.9,70
"516279","USC00154955",88.9,69.9
"516280","USC00154955",88.8,69.9
"516281","USC00154955",88.8,69.8
"516282","USC00154955",88.7,69.8
"516283","USC00154955",88.7,69.7
"516284","USC00154955",88.6,69.6
"516285","USC00154955",88.5,69.5
"516286","USC00154955",88.5,69.4
"516287","USC00154955",88.4,69.3
"516288","USC00154955",88.3,69.2
"516289","USC00154955",88.2,69.1
"516290","USC00154955",88.1,69
"516291","USC00154955",88,68.8
"516292","USC00154955",87.9,68.7
"516293","USC00154955",87.8,68.6
"516294","USC00154955",87.7,68.4
"516295","USC00154955",87.5,68.2
"516296","USC00154955",87.4,68.1
"516297","USC00154955",87.3,67.9
"516298","USC00154955",87.2,67.7
"516299","USC00154955",87,67.5
"516300","USC00154955",86.9,67.3
"516301","USC00154955",86.7,67.1
"516302","USC00154955",86.5,66.9
"516303","USC00154955",86.4,66.7
"516304","USC00154955",86.2,66.4
"516305","USC00154955",86,66.2
"516306","USC00154955",85.8,66
"516307","USC00154955",85.7,65.7
"516308","USC00154955",85.5,65.5
"516309","USC00154955",85.3,65.2
"516310","USC00154955",85.1,65
"516311","USC00154955",84.8,64.7
"516312","USC00154955",84.6,64.4
"516313","USC00154955",84.4,64.2
"516314","USC00154955",84.2,63.9
"516315","USC00154955",83.9,63.6
"516316","USC00154955",83.7,63.3
"516317","USC00154955",83.4,63
"516318","USC00154955",83.2,62.7
"516319","USC00154955",82.9,62.4
"516320","USC00154955",82.6,62.1
"516321","USC00154955",82.4,61.8
"516322","USC00154955",82.1,61.5
"516323","USC00154955",81.8,61.2
"516324","USC00154955",81.5,60.9
"516325","USC00154955",81.2,60.5
"516326","USC00154955",80.8,60.2
"516327","USC00154955",80.5,59.9
"516328","USC00154955",80.2,59.5
"516329","USC00154955",79.8,59.1
"516330","USC00154955",79.5,58.8
"516331","USC00154955",79.1,58.4
"516332","USC00154955",78.7,58
"516333","USC00154955",78.4,57.7
"516334","USC00154955",78,57.3
"516335","USC00154955",77.6,56.9
"516336","USC00154955",77.2,56.5
"516337","USC00154955",76.8,56
"516338","USC00154955",76.3,55.6
"516339","USC00154955",75.9,55.2
"516340","USC00154955",75.5,54.7
"516341","USC00154955",75,54.3
"516342","USC00154955",74.6,53.9
"516343","USC00154955",74.1,53.4
"516344","USC00154955",73.6,52.9
"516345","USC00154955",73.1,52.5
"516346","USC00154955",72.7,52
"516347","USC00154955",72.2,51.5
"516348","USC00154955",71.7,51
"516349","USC00154955",71.2,50.5
"516350","USC00154955",70.7,50
"516351","USC00154955",70.2,49.5
"516352","USC00154955",69.7,49
"516353","USC00154955",69.2,48.5
"516354","USC00154955",68.7,48
"516355","USC00154955",68.2,47.5
"516356","USC00154955",67.7,47
"516357","USC00154955",67.2,46.5
"516358","USC00154955",66.7,46
"516359","USC00154955",66.2,45.5
"516360","USC00154955",65.7,45
"516361","USC00154955",65.2,44.5
"516362","USC00154955",64.7,44
"516363","USC00154955",64.2,43.5
"516364","USC00154955",63.7,43
"516365","USC00154955",63.3,42.6
"516366","USC00154955",62.8,42.1
"516367","USC00154955",62.4,41.7
"516368","USC00154955",61.9,41.2
"516369","USC00154955",61.5,40.8
"516370","USC00154955",61,40.4
"516371","USC00154955",60.6,40
"516372","USC00154955",60.2,39.6
"516373","USC00154955",59.8,39.2
"516374","USC00154955",59.4,38.9
"516375","USC00154955",59,38.5
"516376","USC00154955",58.6,38.2
"516377","USC00154955",58.3,37.8
"516378","USC00154955",57.9,37.5
"516379","USC00154955",57.5,37.2
"516380","USC00154955",57.2,37
"516381","USC00154955",56.9,36.7
"516382","USC00154955",56.5,36.4
"516383","USC00154955",56.2,36.2
"516384","USC00154955",55.9,36
"516385","USC00154955",55.6,35.7
"516386","USC00154955",55.3,35.5
"516387","USC00154955",55,35.3
"516388","USC00154955",54.7,35.2
"516389","USC00154955",54.4,35
"516390","USC00154955",54.1,34.8
"516391","USC00154955",53.8,34.7
"516392","USC00154955",53.5,34.5
"516393","USC00154955",53.3,34.4
"516394","USC00154955",53,34.2
"516395","USC00154955",52.7,34.1
"516396","USC00154955",52.4,34
"516397","USC00154955",52.2,33.8
"516398","USC00154955",51.9,33.7
"516399","USC00154955",51.6,33.6
"516400","USC00154955",51.3,33.5
"516401","USC00154955",51.1,33.3
"516402","USC00154955",50.8,33.2
"516403","USC00154955",50.5,33.1
"516404","USC00154955",50.2,32.9
"516405","USC00154955",50,32.8
"516406","USC00154955",49.7,32.6
"516407","USC00154955",49.4,32.5
"516408","USC00154955",49.1,32.3
"516409","USC00154955",48.8,32.2
"516410","USC00154955",48.5,32
"516411","USC00154955",48.3,31.8
"516412","USC00154955",48,31.6
"516413","USC00154955",47.7,31.5
"516414","USC00154955",47.4,31.3
"516415","USC00154955",47.1,31.1
"516416","USC00154955",46.9,30.9
"516417","USC00154955",46.6,30.6
"516418","USC00154955",46.3,30.4
"516419","USC00154955",46.1,30.2
"516420","USC00154955",45.8,30
"516421","USC00154955",45.5,29.7
"516422","USC00154955",45.3,29.5
"516423","USC00154955",45,29.3
"516424","USC00154955",44.8,29
"516425","USC00154955",44.6,28.8
"516426","USC00154955",44.4,28.5
"584503","USC00198368",38.5,21.6
"584504","USC00198368",38.3,21.4
"584505","USC00198368",38.1,21.2
"584506","USC00198368",37.9,21
"584507","USC00198368",37.7,20.8
"584508","USC00198368",37.6,20.6
"584509","USC00198368",37.4,20.4
"584510","USC00198368",37.2,20.2
"584511","USC00198368",37.1,20
"584512","USC00198368",36.9,19.8
"584513","USC00198368",36.8,19.7
"584514","USC00198368",36.7,19.5
"584515","USC00198368",36.6,19.3
"584516","USC00198368",36.5,19.2
"584517","USC00198368",36.4,19
"584518","USC00198368",36.3,18.9
"584519","USC00198368",36.2,18.8
"584520","USC00198368",36.2,18.7
"584521","USC00198368",36.1,18.6
"584522","USC00198368",36.1,18.5
"584523","USC00198368",36,18.4
"584524","USC00198368",36,18.4
"584525","USC00198368",36,18.3
"584526","USC00198368",36,18.3
"584527","USC00198368",36,18.2
"584528","USC00198368",36.1,18.2
"584529","USC00198368",36.1,18.2
"584530","USC00198368",36.2,18.2
"584531","USC00198368",36.2,18.2
"584532","USC00198368",36.3,18.3
"584533","USC00198368",36.4,18.3
"584534","USC00198368",36.5,18.4
"584535","USC00198368",36.6,18.5
"584536","USC00198368",36.7,18.5
"584537","USC00198368",36.9,18.6
"584538","USC00198368",37,18.8
"584539","USC00198368",37.2,18.9
"584540","USC00198368",37.4,19
"584541","USC00198368",37.5,19.1
"584542","USC00198368",37.7,19.3
"584543","USC00198368",37.9,19.5
"584544","USC00198368",38.1,19.6
"584545","USC00198368",38.3,19.8
"584546","USC00198368",38.5,20
"584547","USC00198368",38.7,20.2
"584548","USC00198368",39,20.4
"584549","USC00198368",39.2,20.6
"584550","USC00198368",39.4,20.8
"584551","USC00198368",39.7,21
"584552","USC00198368",39.9,21.3
"584553","USC00198368",40.1,21.5
"584554","USC00198368",40.4,21.7
"584555","USC00198368",40.6,21.9
"584556","USC00198368",40.8,22.2
"584557","USC00198368",41.1,22.4
"584558","USC00198368",41.3,22.6
"584559","USC00198368",41.6,22.9
"584560","USC00198368",41.8,23.1
"584561","USC00198368",42,23.3
"584562","USC00198368",42.2,23.5
"584563","USC00198368",42.3,23.6
"584564","USC00198368",42.5,23.8
"584565","USC00198368",42.7,24.1
"584566","USC00198368",43,24.3
"584567","USC00198368",43.2,24.5
"584568","USC00198368",43.5,24.8
"584569","USC00198368",43.7,25
"584570","USC00198368",43.9,25.2
"584571","USC00198368",44.2,25.5
"584572","USC00198368",44.4,25.7
"584573","USC00198368",44.6,25.9
"584574","USC00198368",44.9,26.2
"584575","USC00198368",45.1,26.4
"584576","USC00198368",45.4,26.6
"584577","USC00198368",45.6,26.9
"584578","USC00198368",45.9,27.1
"584579","USC00198368",46.2,27.3
"584580","USC00198368",46.4,27.6
"584581","USC00198368",46.7,27.8
"584582","USC00198368",47,28.1
"584583","USC00198368",47.3,28.3
"584584","USC00198368",47.6,28.6
"584585","USC00198368",47.9,28.9
"584586","USC00198368",48.2,29.1
"584587","USC00198368",48.5,29.4
"584588","USC00198368",48.9,29.7
"584589","USC00198368",49.2,30
"584590","USC00198368",49.6,30.3
"584591","USC00198368",49.9,30.6
"584592","USC00198368",50.3,30.9
"584593","USC00198368",50.7,31.2
"584594","USC00198368",51.1,31.5
"584595","USC00198368",51.5,31.8
"584596","USC00198368",51.9,32.2
"584597","USC00198368",52.3,32.5
"584598","USC00198368",52.8,32.9
"584599","USC00198368",53.2,33.2
"584600","USC00198368",53.7,33.6
"584601","USC00198368",54.1,34
"584602","USC00198368",54.6,34.4
"584603","USC00198368",55.1,34.8
"584604","USC00198368",55.5,35.2
"584605","USC00198368",56,35.6
"584606","USC00198368",56.5,36
"584607","USC00198368",57,36.4
"584608","USC00198368",57.5,36.8
"584609","USC00198368",58,37.2
"584610","USC00198368",58.4,37.6
"584611","USC00198368",58.9,38.1
"584612","USC00198368",59.4,38.5
"584613","USC00198368",59.9,38.9
"584614","USC00198368",60.4,39.3
"584615","USC00198368",60.8,39.7
"584616","USC00198368",61.3,40.2
"584617","USC00198368",61.7,40.6
"584618","USC00198368",62.2,41
"584619","USC00198368",62.6,41.4
"584620","USC00198368",63.1,41.8
"584621","USC00198368",63.5,42.2
"584622","USC00198368",63.9,42.6
"584623","USC00198368",64.3,43
"584624","USC00198368",64.7,43.4
"584625","USC00198368",65,43.8
"584626","USC00198368",65.4,44.2
"584627","USC00198368",65.7,44.5
"584628","USC00198368",66.1,44.9
"584629","USC00198368",66.4,45.3
"584630","USC00198368",66.7,45.6
"584631","USC00198368",67,45.9
"584632","USC00198368",67.3,46.3
"584633","USC00198368",67.6,46.6
"584634","USC00198368",67.8,46.9
"584635","USC00198368",68.1,47.2
"584636","USC00198368",68.3,47.5
"584637","USC00198368",68.6,47.8
"584638","USC00198368",68.8,48.1
"584639","USC00198368",69,48.4
"584640","USC00198368",69.2,48.7
"584641","USC00198368",69.5,48.9
"584642","USC00198368",69.7,49.2
"584643","USC00198368",69.9,49.5
"584644","USC00198368",70.1,49.7
"584645","USC00198368",70.3,50
"584646","USC00198368",70.5,50.3
"584647","USC00198368",70.7,50.5
"584648","USC00198368",70.9,50.8
"584649","USC00198368",71.1,51
"584650","USC00198368",71.3,51.3
"584651","USC00198368",71.5,51.6
"584652","USC00198368",71.7,51.8
"584653","USC00198368",71.9,52.1
"584654","USC00198368",72.1,52.4
"584655","USC00198368",72.4,52.7
"584656","USC00198368",72.6,52.9
"584657","USC00198368",72.9,53.2
"584658","USC00198368",73.1,53.5
"584659","USC00198368",73.4,53.8
"584660","USC00198368",73.6,54.1
"584661","USC00198368",73.9,54.4
"584662","USC00198368",74.2,54.7
"584663","USC00198368",74.5,55.1
"584664","USC00198368",74.8,55.4
"584665","USC00198368",75.1,55.7
"584666","USC00198368",75.4,56
"584667","USC00198368",75.7,56.4
"584668","USC00198368",76,56.7
"584669","USC00198368",76.3,57.1
"584670","USC00198368",76.7,57.4
"584671","USC00198368",77,57.8
"584672","USC00198368",77.3,58.1
"584673","USC00198368",77.7,58.5
"584674","USC00198368",78,58.8
"584675","USC00198368",78.3,59.2
"584676","USC00198368",78.7,59.5
"584677","USC00198368",79,59.9
"584678","USC00198368",79.3,60.2
"584679","USC00198368",79.6,60.5
"584680","USC00198368",79.9,60.9
"584681","USC00198368",80.2,61.2
"584682","USC00198368",80.6,61.5
"584683","USC00198368",80.8,61.8
"584684","USC00198368",81.1,62.1
"584685","USC00198368",81.4,62.4
"584686","USC00198368",81.7,62.7
"584687","USC00198368",81.9,62.9
"584688","USC00198368",82.2,63.2
"584689","USC00198368",82.4,63.4
"584690","USC00198368",82.6,63.6
"584691","USC00198368",82.8,63.9
"584692","USC00198368",83,64.1
"584693","USC00198368",83.2,64.2
"584694","USC00198368",83.3,64.4
"584695","USC00198368",83.5,64.5
"584696","USC00198368",83.6,64.7
"584697","USC00198368",83.7,64.8
"584698","USC00198368",83.8,64.9
"584699","USC00198368",83.9,65
"584700","USC00198368",84,65
"584701","USC00198368",84.1,65.1
"584702","USC00198368",84.1,65.1
"584703","USC00198368",84.2,65.1
"584704","USC00198368",84.2,65.1
"584705","USC00198368",84.2,65.1
"584706","USC00198368",84.2,65.1
"584707","USC00198368",84.2,65
"584708","USC00198368",84.2,65
"584709","USC00198368",84.2,64.9
"584710","USC00198368",84.1,64.8
"584711","USC00198368",84.1,64.7
"584712","USC00198368",84,64.6
"584713","USC00198368",84,64.5
"584714","USC00198368",83.9,64.4
"584715","USC00198368",83.8,64.2
"584716","USC00198368",83.8,64.1
"584717","USC00198368",83.7,63.9
"584718","USC00198368",83.6,63.8
"584719","USC00198368",83.5,63.6
"584720","USC00198368",83.4,63.5
"584721","USC00198368",83.3,63.3
"584722","USC00198368",83.2,63.1
"584723","USC00198368",83.1,62.9
"584724","USC00198368",83,62.7
"584725","USC00198368",82.9,62.6
"584726","USC00198368",82.8,62.4
"584727","USC00198368",82.7,62.2
"584728","USC00198368",82.6,62
"584729","USC00198368",82.4,61.8
"584730","USC00198368",82.3,61.6
"584731","USC00198368",82.2,61.4
"584732","USC00198368",82,61.2
"584733","USC00198368",81.9,61.1
"584734","USC00198368",81.8,60.9
"584735","USC00198368",81.6,60.7
"584736","USC00198368",81.5,60.5
"584737","USC00198368",81.3,60.3
"584738","USC00198368",81.1,60.1
"584739","USC00198368",81,59.9
"584740","USC00198368",80.8,59.7
"584741","USC00198368",80.6,59.5
"584742","USC00198368",80.4,59.3
"584743","USC00198368",80.2,59.1
"584744","USC00198368",80,58.9
"584745","USC00198368",79.8,58.7
"584746","USC00198368",79.5,58.5
"584747","USC00198368",79.3,58.3
"584748","USC00198368",79.1,58.1
"584749","USC00198368",78.8,57.9
"584750","USC00198368",78.5,57.7
"584751","USC00198368",78.3,57.4
"584752","USC00198368",78,57.2
"584753","USC00198368",77.7,57
"584754","USC00198368",77.4,56.7
"584755","USC00198368",77.1,56.5
"584756","USC00198368",76.7,56.2
"584757","USC00198368",76.4,56
"584758","USC00198368",76.1,55.7
"584759","USC00198368",75.7,55.4
"584760","USC00198368",75.4,55.1
"584761","USC00198368",75,54.8
"584762","USC00198368",74.7,54.5
"584763","USC00198368",74.3,54.2
"584764","USC00198368",73.9,53.9
"584765","USC00198368",73.5,53.6
"584766","USC00198368",73.1,53.2
"584767","USC00198368",72.7,52.9
"584768","USC00198368",72.3,52.6
"584769","USC00198368",71.9,52.2
"584770","USC00198368",71.5,51.8
"584771","USC00198368",71.1,51.5
"584772","USC00198368",70.7,51.1
"584773","USC00198368",70.3,50.7
"584774","USC00198368",69.9,50.3
"584775","USC00198368",69.5,49.9
"584776","USC00198368",69.1,49.5
"584777","USC00198368",68.7,49.2
"584778","USC00198368",68.3,48.7
"584779","USC00198368",67.9,48.3
"584780","USC00198368",67.5,47.9
"584781","USC00198368",67.1,47.5
"584782","USC00198368",66.7,47.1
"584783","USC00198368",66.3,46.7
"584784","USC00198368",65.9,46.3
"584785","USC00198368",65.5,45.9
"584786","USC00198368",65.1,45.5
"584787","USC00198368",64.7,45
"584788","USC00198368",64.4,44.6
"584789","USC00198368",64,44.2
"584790","USC00198368",63.6,43.8
"584791","USC00198368",63.3,43.4
"584792","USC00198368",62.9,43
"584793","USC00198368",62.5,42.6
"584794","USC00198368",62.2,42.2
"584795","USC00198368",61.8,41.8
"584796","USC00198368",61.5,41.4
"584797","USC00198368",61.1,41
"584798","USC00198368",60.8,40.6
"584799","USC00198368",60.4,40.3
"584800","USC00198368",60.1,39.9
"584801","USC00198368",59.7,39.5
"584802","USC00198368",59.4,39.1
"584803","USC00198368",59,38.8
"584804","USC00198368",58.7,38.4
"584805","USC00198368",58.4,38.1
"584806","USC00198368",58,37.7
"584807","USC00198368",57.7,37.4
"584808","USC00198368",57.3,37
"584809","USC00198368",57,36.7
"584810","USC00198368",56.6,36.4
"584811","USC00198368",56.3,36.1
"584812","USC00198368",55.9,35.7
"584813","USC00198368",55.5,35.4
"584814","USC00198368",55.2,35.1
"584815","USC00198368",54.8,34.8
"584816","USC00198368",54.5,34.5
"584817","USC00198368",54.1,34.2
"584818","USC00198368",53.7,33.9
"584819","USC00198368",53.4,33.6
"584820","USC00198368",53,33.4
"584821","USC00198368",52.6,33.1
"584822","USC00198368",52.3,32.8
"584823","USC00198368",51.9,32.5
"584824","USC00198368",51.5,32.3
"584825","USC00198368",51.2,32
"584826","USC00198368",50.8,31.7
"584827","USC00198368",50.4,31.5
"584828","USC00198368",50.1,31.2
"584829","USC00198368",49.7,31
"584830","USC00198368",49.4,30.7
"584831","USC00198368",49,30.5
"584832","USC00198368",48.7,30.2
"584833","USC00198368",48.3,30
"584834","USC00198368",48,29.7
"584835","USC00198368",47.6,29.5
"584836","USC00198368",47.3,29.2
"584837","USC00198368",46.9,29
"584838","USC00198368",46.6,28.8
"584839","USC00198368",46.3,28.5
"584840","USC00198368",45.9,28.3
"584841","USC00198368",45.6,28.1
"584842","USC00198368",45.3,27.8
"584843","USC00198368",45,27.6
"584844","USC00198368",44.7,27.4
"584845","USC00198368",44.4,27.1
"584846","USC00198368",44.1,26.9
"584847","USC00198368",43.8,26.7
"584848","USC00198368",43.5,26.5
"584849","USC00198368",43.2,26.2
"584850","USC00198368",42.9,26
"584851","USC00198368",42.7,25.8
"584852","USC00198368",42.4,25.5
"584853","USC00198368",42.1,25.3
"584854","USC00198368",41.9,25.1
"584855","USC00198368",41.6,24.8
"584856","USC00198368",41.4,24.6
"584857","USC00198368",41.1,24.4
"584858","USC00198368",40.9,24.1
"584859","USC00198368",40.6,23.9
"584860","USC00198368",40.4,23.7
"584861","USC00198368",40.2,23.4
"584862","USC00198368",39.9,23.2
"584863","USC00198368",39.7,23
"584864","USC00198368",39.5,22.8
"584865","USC00198368",39.3,22.5
"584866","USC00198368",39.1,22.3
"584867","USC00198368",38.9,22.1
"584868","USC00198368",38.7,21.9
"874009","USC00264439",56.4,36.6
"874010","USC00264439",56.5,36.6
"874011","USC00264439",56.7,36.7
"874012","USC00264439",56.9,36.8
"874013","USC00264439",57.1,36.9
"874014","USC00264439",57.3,37
"874015","USC00264439",57.5,37
"874016","USC00264439",57.6,37.1
"874017","USC00264439",57.8,37.2
"874018","USC00264439",58,37.2
"874019","USC00264439",58.2,37.3
"874020","USC00264439",58.4,37.4
"874021","USC00264439",58.6,37.5
"874022","USC00264439",58.8,37.5
"874023","USC00264439",58.9,37.6
"874024","USC00264439",59.1,37.6
"874025","USC00264439",59.3,37.7
"874026","USC00264439",59.5,37.7
"874027","USC00264439",59.6,37.8
"874028","USC00264439",59.8,37.9
"874029","USC00264439",59.9,37.9
"874030","USC00264439",60.1,38
"874031","USC00264439",60.2,38
"874032","USC00264439",60.4,38.1
"874033","USC00264439",60.5,38.1
"874034","USC00264439",60.6,38.2
"874035","USC00264439",60.8,38.3
"874036","USC00264439",60.9,38.3
"874037","USC00264439",61,38.4
"874038","USC00264439",61.2,38.5
"874039","USC00264439",61.3,38.6
"874040","USC00264439",61.4,38.7
"874041","USC00264439",61.6,38.8
"874042","USC00264439",61.7,38.9
"874043","USC00264439",61.9,39
"874044","USC00264439",62,39.1
"874045","USC00264439",62.2,39.3
"874046","USC00264439",62.3,39.4
"874047","USC00264439",62.5,39.6
"874048","USC00264439",62.6,39.7
"874049","USC00264439",62.8,39.9
"874050","USC00264439",63,40.1
"874051","USC00264439",63.2,40.3
"874052","USC00264439",63.4,40.5
"874053","USC00264439",63.6,40.7
"874054","USC00264439",63.8,40.9
"874055","USC00264439",64,41.2
"874056","USC00264439",64.2,41.4
"874057","USC00264439",64.4,41.7
"874058","USC00264439",64.7,41.9
"874059","USC00264439",64.9,42.2
"874060","USC00264439",65.2,42.4
"874061","USC00264439",65.4,42.7
"874062","USC00264439",65.7,43
"874063","USC00264439",66,43.3
"874064","USC00264439",66.3,43.6
"874065","USC00264439",66.6,43.9
"874066","USC00264439",66.9,44.2
"874067","USC00264439",67.2,44.4
"874068","USC00264439",67.3,44.6
"874069","USC00264439",67.5,44.7
"874070","USC00264439",67.8,45
"874071","USC00264439",68.1,45.3
"874072","USC00264439",68.4,45.6
"874073","USC00264439",68.8,45.9
"874074","USC00264439",69.1,46.2
"874075","USC00264439",69.4,46.5
"874076","USC00264439",69.7,46.8
"874077","USC00264439",70.1,47
"874078","USC00264439",70.4,47.3
"874079","USC00264439",70.7,47.6
"874080","USC00264439",71.1,47.8
"874081","USC00264439",71.4,48.1
"874082","USC00264439",71.7,48.3
"874083","USC00264439",72.1,48.6
"874084","USC00264439",72.4,48.8
"874085","USC00264439",72.7,49.1
"874086","USC00264439",73,49.3
"874087","USC00264439",73.3,49.5
"874088","USC00264439",73.7,49.7
"874089","USC00264439",74,49.9
"874090","USC00264439",74.3,50.1
"874091","USC00264439",74.6,50.3
"874092","USC00264439",74.9,50.5
"874093","USC00264439",75.2,50.7
"874094","USC00264439",75.5,50.9
"874095","USC00264439",75.8,51
"874096","USC00264439",76,51.2
"874097","USC00264439",76.3,51.4
"874098","USC00264439",76.6,51.6
"874099","USC00264439",76.9,51.7
"874100","USC00264439",77.1,51.9
"874101","USC00264439",77.4,52.1
"874102","USC00264439",77.6,52.2
"874103","USC00264439",77.9,52.4
"874104","USC00264439",78.2,52.6
"874105","USC00264439",78.4,52.8
"874106","USC00264439",78.6,52.9
"874107","USC00264439",78.9,53.1
"874108","USC00264439",79.1,53.3
"874109","USC00264439",79.4,53.5
"874110","USC00264439",79.6,53.7
"874111","USC00264439",79.8,53.9
"874112","USC00264439",80.1,54.1
"874113","USC00264439",80.3,54.3
"874114","USC00264439",80.5,54.5
"874115","USC00264439",80.7,54.7
"874116","USC00264439",81,54.9
"874117","USC00264439",81.2,55.2
"874118","USC00264439",81.4,55.4
"874119","USC00264439",81.6,55.6
"874120","USC00264439",81.9,55.9
"874121","USC00264439",82.1,56.1
"874122","USC00264439",82.3,56.4
"874123","USC00264439",82.6,56.7
"874124","USC00264439",82.8,56.9
"874125","USC00264439",83,57.2
"874126","USC00264439",83.3,57.5
"874127","USC00264439",83.5,57.8
"874128","USC00264439",83.8,58.1
"874129","USC00264439",84,58.3
"874130","USC00264439",84.3,58.6
"874131","USC00264439",84.5,58.9
"874132","USC00264439",84.8,59.3
"874133","USC00264439",85.1,59.6
"874134","USC00264439",85.3,59.9
"874135","USC00264439",85.6,60.2
"874136","USC00264439",85.9,60.5
"874137","USC00264439",86.2,60.8
"874138","USC00264439",86.5,61.2
"874139","USC00264439",86.9,61.5
"874140","USC00264439",87.2,61.8
"874141","USC00264439",87.5,62.2
"874142","USC00264439",87.9,62.5
"874143","USC00264439",88.2,62.9
"874144","USC00264439",88.6,63.2
"874145","USC00264439",88.9,63.6
"874146","USC00264439",89.3,63.9
"874147","USC00264439",89.7,64.3
"874148","USC00264439",90.1,64.6
"874149","USC00264439",90.5,65
"874150","USC00264439",90.9,65.4
"874151","USC00264439",91.4,65.7
"874152","USC00264439",91.8,66.1
"874153","USC00264439",92.3,66.5
"874154","USC00264439",92.7,66.9
"874155","USC00264439",93.2,67.3
"874156","USC00264439",93.6,67.7
"874157","USC00264439",94.1,68
"874158","USC00264439",94.6,68.4
"874159","USC00264439",95.1,68.8
"874160","USC00264439",95.6,69.2
"874161","USC00264439",96.1,69.6
"874162","USC00264439",96.6,70
"874163","USC00264439",97,70.4
"874164","USC00264439",97.5,70.9
"874165","USC00264439",98,71.3
"874166","USC00264439",98.5,71.7
"874167","USC00264439",99,72.1
"874168","USC00264439",99.5,72.5
"874169","USC00264439",100,72.9
"874170","USC00264439",100.5,73.3
"874171","USC00264439",100.9,73.7
"874172","USC00264439",101.4,74.1
"874173","USC00264439",101.8,74.5
"874174","USC00264439",102.3,74.9
"874175","USC00264439",102.7,75.3
"874176","USC00264439",103.1,75.7
"874177","USC00264439",103.5,76.1
"874178","USC00264439",103.9,76.5
"874179","USC00264439",104.2,76.8
"874180","USC00264439",104.6,77.2
"874181","USC00264439",104.9,77.5
"874182","USC00264439",105.2,77.9
"874183","USC00264439",105.5,78.2
"874184","USC00264439",105.8,78.5
"874185","USC00264439",106,78.8
"874186","USC00264439",106.3,79.1
"874187","USC00264439",106.5,79.4
"874188","USC00264439",106.7,79.7
"874189","USC00264439",106.8,80
"874190","USC00264439",107,80.2
"874191","USC00264439",107.1,80.4
"874192","USC00264439",107.2,80.6
"874193","USC00264439",107.3,80.8
"874194","USC00264439",107.4,81
"874195","USC00264439",107.4,81.2
"874196","USC00264439",107.4,81.3
"874197","USC00264439",107.4,81.5
"874198","USC00264439",107.4,81.6
"874199","USC00264439",107.4,81.7
"874200","USC00264439",107.4,81.8
"874201","USC00264439",107.3,81.9
"874202","USC00264439",107.3,81.9
"874203","USC00264439",107.2,82
"874204","USC00264439",107.1,82
"874205","USC00264439",107,82
"874206","USC00264439",106.9,82.1
"874207","USC00264439",106.8,82.1
"874208","USC00264439",106.7,82
"874209","USC00264439",106.6,82
"874210","USC00264439",106.5,82
"874211","USC00264439",106.4,81.9
"874212","USC00264439",106.3,81.9
"874213","USC00264439",106.2,81.8
"874214","USC00264439",106.1,81.8
"874215","USC00264439",106,81.7
"874216","USC00264439",105.9,81.6
"874217","USC00264439",105.8,81.5
"874218","USC00264439",105.7,81.5
"874219","USC00264439",105.6,81.4
"874220","USC00264439",105.5,81.3
"874221","USC00264439",105.5,81.2
"874222","USC00264439",105.4,81.1
"874223","USC00264439",105.3,81
"874224","USC00264439",105.3,80.9
"874225","USC00264439",105.3,80.8
"874226","USC00264439",105.2,80.7
"874227","USC00264439",105.2,80.6
"874228","USC00264439",105.2,80.5
"874229","USC00264439",105.1,80.3
"874230","USC00264439",105.1,80.2
"874231","USC00264439",105.1,80.1
"874232","USC00264439",105.1,80
"874233","USC00264439",105.1,79.9
"874234","USC00264439",105.1,79.8
"874235","USC00264439",105.1,79.7
"874236","USC00264439",105.1,79.5
"874237","USC00264439",105,79.4
"874238","USC00264439",105,79.3
"874239","USC00264439",105,79.1
"874240","USC00264439",104.9,79
"874241","USC00264439",104.9,78.8
"874242","USC00264439",104.8,78.7
"874243","USC00264439",104.7,78.5
"874244","USC00264439",104.7,78.3
"874245","USC00264439",104.6,78.1
"874246","USC00264439",104.4,78
"874247","USC00264439",104.3,77.7
"874248","USC00264439",104.1,77.5
"874249","USC00264439",104,77.3
"874250","USC00264439",103.8,77.1
"874251","USC00264439",103.6,76.8
"874252","USC00264439",103.3,76.5
"874253","USC00264439",103.1,76.3
"874254","USC00264439",102.8,76
"874255","USC00264439",102.5,75.7
"874256","USC00264439",102.2,75.3
"874257","USC00264439",101.8,75
"874258","USC00264439",101.5,74.7
"874259","USC00264439",101.1,74.3
"874260","USC00264439",100.7,73.9
"874261","USC00264439",100.3,73.5
"874262","USC00264439",99.8,73.1
"874263","USC00264439",99.4,72.7
"874264","USC00264439",98.9,72.3
"874265","USC00264439",98.4,71.8
"874266","USC00264439",97.9,71.4
"874267","USC00264439",97.4,70.9
"874268","USC00264439",96.8,70.5
"874269","USC00264439",96.3,70
"874270","USC00264439",95.7,69.5
"874271","USC00264439",95.2,69
"874272","USC00264439",94.6,68.5
"874273","USC00264439",94,68
"874274","USC00264439",93.5,67.5
"874275","USC00264439",92.9,67
"874276","USC00264439",92.3,66.5
"874277","USC00264439",91.8,66
"874278","USC00264439",91.2,65.5
"874279","USC00264439",90.6,65
"874280","USC00264439",90.1,64.5
"874281","USC00264439",89.5,64
"874282","USC00264439",89,63.5
"874283","USC00264439",88.5,63
"874284","USC00264439",87.9,62.5
"874285","USC00264439",87.4,62.1
"874286","USC00264439",86.9,61.6
"874287","USC00264439",86.4,61.1
"874288","USC00264439",86,60.7
"874289","USC00264439",85.5,60.2
"874290","USC00264439",85.1,59.8
"874291","USC00264439",84.6,59.4
"874292","USC00264439",84.2,58.9
"874293","USC00264439",83.8,58.5
"874294","USC00264439",83.4,58.1
"874295","USC00264439",83,57.7
"874296","USC00264439",82.6,57.3
"874297","USC00264439",82.2,57
"874298","USC00264439",81.8,56.6
"874299","USC00264439",81.5,56.2
"874300","USC00264439",81.1,55.8
"874301","USC00264439",80.8,55.5
"874302","USC00264439",80.4,55.1
"874303","USC00264439",80.1,54.8
"874304","USC00264439",79.8,54.4
"874305","USC00264439",79.4,54.1
"874306","USC00264439",79.1,53.7
"874307","USC00264439",78.7,53.4
"874308","USC00264439",78.4,53
"874309","USC00264439",78,52.7
"874310","USC00264439",77.7,52.4
"874311","USC00264439",77.3,52
"874312","USC00264439",76.9,51.7
"874313","USC00264439",76.5,51.3
"874314","USC00264439",76.2,51
"874315","USC00264439",75.7,50.6
"874316","USC00264439",75.3,50.2
"874317","USC00264439",74.9,49.9
"874318","USC00264439",74.5,49.5
"874319","USC00264439",74,49.1
"874320","USC00264439",73.5,48.7
"874321","USC00264439",73.1,48.3
"874322","USC00264439",72.6,48
"874323","USC00264439",72.1,47.6
"874324","USC00264439",71.6,47.2
"874325","USC00264439",71,46.8
"874326","USC00264439",70.5,46.3
"874327","USC00264439",69.9,45.9
"874328","USC00264439",69.4,45.5
"874329","USC00264439",68.8,45.1
"874330","USC00264439",68.3,44.7
"874331","USC00264439",67.7,44.3
"874332","USC00264439",67.1,43.9
"874333","USC00264439",66.5,43.5
"874334","USC00264439",66,43
"874335","USC00264439",65.4,42.6
"874336","USC00264439",64.8,42.2
"874337","USC00264439",64.2,41.8
"874338","USC00264439",63.7,41.5
"874339","USC00264439",63.1,41.1
"874340","USC00264439",62.6,40.7
"874341","USC00264439",62,40.3
"874342","USC00264439",61.5,40
"874343","USC00264439",61,39.7
"874344","USC00264439",60.5,39.3
"874345","USC00264439",60,39
"874346","USC00264439",59.6,38.7
"874347","USC00264439",59.1,38.4
"874348","USC00264439",58.7,38.2
"874349","USC00264439",58.3,37.9
"874350","USC00264439",57.9,37.7
"874351","USC00264439",57.6,37.5
"874352","USC00264439",57.3,37.3
"874353","USC00264439",57,37.1
"874354","USC00264439",56.7,36.9
"874355","USC00264439",56.5,36.8
"874356","USC00264439",56.2,36.6
"874357","USC00264439",56,36.5
"874358","USC00264439",55.9,36.4
"874359","USC00264439",55.7,36.3
"874360","USC00264439",55.6,36.2
"874361","USC00264439",55.5,36.2
"874362","USC00264439",55.5,36.1
"874363","USC00264439",55.4,36.1
"874364","USC00264439",55.4,36.1
"874365","USC00264439",55.4,36.1
"874366","USC00264439",55.4,36.1
"874367","USC00264439",55.5,36.1
"874368","USC00264439",55.5,36.2
"874369","USC00264439",55.6,36.2
"874370","USC00264439",55.7,36.3
"874371","USC00264439",55.8,36.3
"874372","USC00264439",55.9,36.4
"874373","USC00264439",56.1,36.4
"874374","USC00264439",56.2,36.5
"880597","USC00266791",44.6,26.2
"880598","USC00266791",44.7,26.3
"880599","USC00266791",44.9,26.4
"880600","USC00266791",45,26.5
"880601","USC00266791",45.1,26.6
"880602","USC00266791",45.3,26.7
"880603","USC00266791",45.4,26.8
"880604","USC00266791",45.5,26.9
"880605","USC00266791",45.7,27
"880606","USC00266791",45.8,27
"880607","USC00266791",45.9,27.1
"880608","USC00266791",46,27.2
"880609","USC00266791",46.2,27.3
"880610","USC00266791",46.3,27.3
"880611","USC00266791",46.4,27.4
"880612","USC00266791",46.5,27.4
"880613","USC00266791",46.6,27.5
"880614","USC00266791",46.7,27.5
"880615","USC00266791",46.8,27.6
"880616","USC00266791",46.9,27.6
"880617","USC00266791",47,27.7
"880618","USC00266791",47.1,27.7
"880619","USC00266791",47.2,27.7
"880620","USC00266791",47.3,27.7
"880621","USC00266791",47.4,27.8
"880622","USC00266791",47.5,27.8
"880623","USC00266791",47.5,27.8
"880624","USC00266791",47.6,27.8
"880625","USC00266791",47.7,27.9
"880626","USC00266791",47.8,27.9
"880627","USC00266791",48,27.9
"880628","USC00266791",48.1,28
"880629","USC00266791",48.2,28
"880630","USC00266791",48.3,28
"880631","USC00266791",48.4,28.1
"880632","USC00266791",48.6,28.1
"880633","USC00266791",48.7,28.2
"880634","USC00266791",48.9,28.2
"880635","USC00266791",49,28.3
"880636","USC00266791",49.2,28.4
"880637","USC00266791",49.3,28.5
"880638","USC00266791",49.5,28.6
"880639","USC00266791",49.7,28.6
"880640","USC00266791",49.9,28.7
"880641","USC00266791",50.1,28.8
"880642","USC00266791",50.3,29
"880643","USC00266791",50.4,29.1
"880644","USC00266791",50.7,29.2
"880645","USC00266791",50.9,29.3
"880646","USC00266791",51.1,29.5
"880647","USC00266791",51.3,29.6
"880648","USC00266791",51.5,29.8
"880649","USC00266791",51.7,29.9
"880650","USC00266791",51.9,30.1
"880651","USC00266791",52.1,30.2
"880652","USC00266791",52.4,30.4
"880653","USC00266791",52.6,30.6
"880654","USC00266791",52.8,30.7
"880655","USC00266791",53,30.9
"880656","USC00266791",53.1,31
"880657","USC00266791",53.2,31.1
"880658","USC00266791",53.4,31.2
"880659","USC00266791",53.6,31.4
"880660","USC00266791",53.8,31.6
"880661","USC00266791",54,31.7
"880662","USC00266791",54.2,31.9
"880663","USC00266791",54.4,32.1
"880664","USC00266791",54.6,32.2
"880665","USC00266791",54.8,32.4
"880666","USC00266791",55,32.5
"880667","USC00266791",55.2,32.7
"880668","USC00266791",55.3,32.8
"880669","USC00266791",55.5,33
"880670","USC00266791",55.7,33.1
"880671","USC00266791",55.9,33.3
"880672","USC00266791",56,33.4
"880673","USC00266791",56.2,33.5
"880674","USC00266791",56.4,33.7
"880675","USC00266791",56.5,33.8
"880676","USC00266791",56.7,33.9
"880677","USC00266791",56.9,34
"880678","USC00266791",57,34.2
"880679","USC00266791",57.2,34.3
"880680","USC00266791",57.4,34.4
"880681","USC00266791",57.5,34.5
"880682","USC00266791",57.7,34.6
"880683","USC00266791",57.9,34.8
"880684","USC00266791",58.1,34.9
"880685","USC00266791",58.3,35
"880686","USC00266791",58.5,35.1
"880687","USC00266791",58.7,35.3
"880688","USC00266791",58.9,35.4
"880689","USC00266791",59.2,35.6
"880690","USC00266791",59.4,35.7
"880691","USC00266791",59.6,35.8
"880692","USC00266791",59.9,36
"880693","USC00266791",60.1,36.2
"880694","USC00266791",60.4,36.3
"880695","USC00266791",60.7,36.5
"880696","USC00266791",61,36.7
"880697","USC00266791",61.2,36.9
"880698","USC00266791",61.5,37.1
"880699","USC00266791",61.8,37.3
"880700","USC00266791",62.1,37.5
"880701","USC00266791",62.4,37.7
"880702","USC00266791",62.7,37.9
"880703","USC00266791",63,38.1
"880704","USC00266791",63.4,38.3
"880705","USC00266791",63.7,38.6
"880706","USC00266791",64,38.8
"880707","USC00266791",64.3,39.1
"880708","USC00266791",64.6,39.3
"880709","USC00266791",65,39.6
"880710","USC00266791",65.3,39.8
"880711","USC00266791",65.6,40.1
"880712","USC00266791",65.9,40.3
"880713","USC00266791",66.2,40.6
"880714","USC00266791",66.5,40.9
"880715","USC00266791",66.8,41.1
"880716","USC00266791",67.1,41.4
"880717","USC00266791",67.4,41.7
"880718","USC00266791",67.7,41.9
"880719","USC00266791",68,42.2
"880720","USC00266791",68.3,42.5
"880721","USC00266791",68.6,42.7
"880722","USC00266791",68.8,43
"880723","USC00266791",69.1,43.2
"880724","USC00266791",69.3,43.5
"880725","USC00266791",69.6,43.8
"880726","USC00266791",69.9,44
"880727","USC00266791",70.1,44.3
"880728","USC00266791",70.4,44.5
"880729","USC00266791",70.6,44.8
"880730","USC00266791",70.8,45
"880731","USC00266791",71.1,45.2
"880732","USC00266791",71.3,45.5
"880733","USC00266791",71.6,45.7
"880734","USC00266791",71.8,46
"880735","USC00266791",72.1,46.2
"880736","USC00266791",72.3,46.4
"880737","USC00266791",72.6,46.7
"880738","USC00266791",72.9,46.9
"880739","USC00266791",73.2,47.1
"880740","USC00266791",73.4,47.4
"880741","USC00266791",73.7,47.6
"880742","USC00266791",74.1,47.9
"880743","USC00266791",74.4,48.1
"880744","USC00266791",74.7,48.4
"880745","USC00266791",75,48.6
"880746","USC00266791",75.4,48.9
"880747","USC00266791",75.8,49.2
"880748","USC00266791",76.1,49.5
"880749","USC00266791",76.5,49.7
"880750","USC00266791",77,50
"880751","USC00266791",77.4,50.3
"880752","USC00266791",77.8,50.6
"880753","USC00266791",78.3,50.9
"880754","USC00266791",78.7,51.2
"880755","USC00266791",79.2,51.6
"880756","USC00266791",79.7,51.9
"880757","USC00266791",80.2,52.2
"880758","USC00266791",80.7,52.6
"880759","USC00266791",81.2,52.9
"880760","USC00266791",81.7,53.3
"880761","USC00266791",82.2,53.6
"880762","USC00266791",82.8,54
"880763","USC00266791",83.3,54.3
"880764","USC00266791",83.9,54.7
"880765","USC00266791",84.4,55.1
"880766","USC00266791",84.9,55.5
"880767","USC00266791",85.5,55.8
"880768","USC00266791",86,56.2
"880769","USC00266791",86.5,56.6
"880770","USC00266791",87,56.9
"880771","USC00266791",87.5,57.3
"880772","USC00266791",88,57.7
"880773","USC00266791",88.5,58
"880774","USC00266791",89,58.4
"880775","USC00266791",89.4,58.7
"880776","USC00266791",89.8,59
"880777","USC00266791",90.3,59.3
"880778","USC00266791",90.7,59.7
"880779","USC00266791",91,60
"880780","USC00266791",91.4,60.2
"880781","USC00266791",91.7,60.5
"880782","USC00266791",92,60.8
"880783","USC00266791",92.3,61
"880784","USC00266791",92.6,61.2
"880785","USC00266791",92.8,61.5
"880786","USC00266791",93,61.7
"880787","USC00266791",93.2,61.8
"880788","USC00266791",93.4,62
"880789","USC00266791",93.5,62.2
"880790","USC00266791",93.6,62.3
"880791","USC00266791",93.7,62.4
"880792","USC00266791",93.8,62.5
"880793","USC00266791",93.9,62.6
"880794","USC00266791",93.9,62.7
"880795","USC00266791",93.9,62.7
"880796","USC00266791",93.9,62.8
"880797","USC00266791",93.9,62.8
"880798","USC00266791",93.9,62.8
"880799","USC00266791",93.8,62.8
"880800","USC00266791",93.8,62.8
"880801","USC00266791",93.7,62.8
"880802","USC00266791",93.6,62.7
"880803","USC00266791",93.5,62.7
"880804","USC00266791",93.4,62.6
"880805","USC00266791",93.3,62.6
"880806","USC00266791",93.2,62.5
"880807","USC00266791",93.1,62.4
"880808","USC00266791",93,62.3
"880809","USC00266791",92.9,62.3
"880810","USC00266791",92.8,62.2
"880811","USC00266791",92.7,62.1
"880812","USC00266791",92.5,62
"880813","USC00266791",92.4,61.9
"880814","USC00266791",92.3,61.8
"880815","USC00266791",92.2,61.7
"880816","USC00266791",92.1,61.6
"880817","USC00266791",92,61.5
"880818","USC00266791",91.9,61.3
"880819","USC00266791",91.8,61.2
"880820","USC00266791",91.7,61.1
"880821","USC00266791",91.5,61
"880822","USC00266791",91.4,60.9
"880823","USC00266791",91.3,60.8
"880824","USC00266791",91.2,60.7
"880825","USC00266791",91.1,60.6
"880826","USC00266791",91,60.5
"880827","USC00266791",90.9,60.4
"880828","USC00266791",90.8,60.2
"880829","USC00266791",90.7,60.1
"880830","USC00266791",90.5,60
"880831","USC00266791",90.4,59.9
"880832","USC00266791",90.3,59.7
"880833","USC00266791",90.1,59.6
"880834","USC00266791",89.9,59.5
"880835","USC00266791",89.8,59.3
"880836","USC00266791",89.6,59.2
"880837","USC00266791",89.4,59
"880838","USC00266791",89.2,58.8
"880839","USC00266791",88.9,58.6
"880840","USC00266791",88.7,58.4
"880841","USC00266791",88.4,58.2
"880842","USC00266791",88.1,58
"880843","USC00266791",87.8,57.8
"880844","USC00266791",87.5,57.6
"880845","USC00266791",87.2,57.3
"880846","USC00266791",86.8,57
"880847","USC00266791",86.4,56.8
"880848","USC00266791",86.1,56.5
"880849","USC00266791",85.7,56.2
"880850","USC00266791",85.2,55.9
"880851","USC00266791",84.8,55.5
"880852","USC00266791",84.3,55.2
"880853","USC00266791",83.9,54.9
"880854","USC00266791",83.4,54.5
"880855","USC00266791",82.9,54.1
"880856","USC00266791",82.4,53.7
"880857","USC00266791",81.9,53.4
"880858","USC00266791",81.4,53
"880859","USC00266791",80.9,52.5
"880860","USC00266791",80.3,52.1
"880861","USC00266791",79.8,51.7
"880862","USC00266791",79.2,51.3
"880863","USC00266791",78.7,50.9
"880864","USC00266791",78.2,50.4
"880865","USC00266791",77.6,50
"880866","USC00266791",77.1,49.6
"880867","USC00266791",76.5,49.1
"880868","USC00266791",76,48.7
"880869","USC00266791",75.5,48.3
"880870","USC00266791",75,47.8
"880871","USC00266791",74.4,47.4
"880872","USC00266791",73.9,47
"880873","USC00266791",73.4,46.6
"880874","USC00266791",73,46.2
"880875","USC00266791",72.5,45.8
"880876","USC00266791",72,45.4
"880877","USC00266791",71.6,45
"880878","USC00266791",71.1,44.6
"880879","USC00266791",70.7,44.2
"880880","USC00266791",70.3,43.9
"880881","USC00266791",69.9,43.5
"880882","USC00266791",69.5,43.2
"880883","USC00266791",69.1,42.9
"880884","USC00266791",68.7,42.5
"880885","USC00266791",68.3,42.2
"880886","USC00266791",68,41.9
"880887","USC00266791",67.6,41.6
"880888","USC00266791",67.3,41.3
"880889","USC00266791",66.9,41
"880890","USC00266791",66.6,40.8
"880891","USC00266791",66.2,40.5
"880892","USC00266791",65.9,40.2
"880893","USC00266791",65.5,40
"880894","USC00266791",65.2,39.7
"880895","USC00266791",64.9,39.4
"880896","USC00266791",64.5,39.2
"880897","USC00266791",64.2,38.9
"880898","USC00266791",63.8,38.7
"880899","USC00266791",63.4,38.4
"880900","USC00266791",63.1,38.2
"880901","USC00266791",62.7,37.9
"880902","USC00266791",62.3,37.7
"880903","USC00266791",61.9,37.4
"880904","USC00266791",61.5,37.1
"880905","USC00266791",61,36.9
"880906","USC00266791",60.6,36.6
"880907","USC00266791",60.2,36.3
"880908","USC00266791",59.7,36
"880909","USC00266791",59.2,35.7
"880910","USC00266791",58.7,35.4
"880911","USC00266791",58.3,35.1
"880912","USC00266791",57.8,34.8
"880913","USC00266791",57.3,34.5
"880914","USC00266791",56.7,34.2
"880915","USC00266791",56.2,33.9
"880916","USC00266791",55.7,33.6
"880917","USC00266791",55.2,33.2
"880918","USC00266791",54.6,32.9
"880919","USC00266791",54.1,32.6
"880920","USC00266791",53.5,32.2
"880921","USC00266791",53,31.9
"880922","USC00266791",52.5,31.6
"880923","USC00266791",51.9,31.2
"880924","USC00266791",51.4,30.9
"880925","USC00266791",50.9,30.6
"880926","USC00266791",50.4,30.2
"880927","USC00266791",49.9,29.9
"880928","USC00266791",49.4,29.6
"880929","USC00266791",48.9,29.3
"880930","USC00266791",48.4,29
"880931","USC00266791",48,28.7
"880932","USC00266791",47.6,28.4
"880933","USC00266791",47.2,28.1
"880934","USC00266791",46.8,27.8
"880935","USC00266791",46.4,27.6
"880936","USC00266791",46.1,27.4
"880937","USC00266791",45.7,27.1
"880938","USC00266791",45.4,26.9
"880939","USC00266791",45.1,26.7
"880940","USC00266791",44.9,26.5
"880941","USC00266791",44.7,26.4
"880942","USC00266791",44.5,26.2
"880943","USC00266791",44.3,26.1
"880944","USC00266791",44.1,26
"880945","USC00266791",44,25.9
"880946","USC00266791",43.9,25.8
"880947","USC00266791",43.8,25.7
"880948","USC00266791",43.7,25.7
"880949","USC00266791",43.7,25.6
"880950","USC00266791",43.6,25.6
"880951","USC00266791",43.6,25.6
"880952","USC00266791",43.6,25.6
"880953","USC00266791",43.7,25.6
"880954","USC00266791",43.7,25.6
"880955","USC00266791",43.8,25.7
"880956","USC00266791",43.8,25.7
"880957","USC00266791",43.9,25.8
"880958","USC00266791",44,25.8
"880959","USC00266791",44.1,25.9
"880960","USC00266791",44.2,26
"880961","USC00266791",44.3,26.1
"880962","USC00266791",44.5,26.2
"909511","USC00286964",41.3,25.5
"909512","USC00286964",41.1,25.3
"909513","USC00286964",40.9,25.1
"909514","USC00286964",40.7,24.8
"909515","USC00286964",40.6,24.6
"909516","USC00286964",40.4,24.4
"909517","USC00286964",40.3,24.2
"909518","USC00286964",40.1,24
"909519","USC00286964",40,23.8
"909520","USC00286964",39.8,23.6
"909521","USC00286964",39.7,23.4
"909522","USC00286964",39.6,23.2
"909523","USC00286964",39.5,23
"909524","USC00286964",39.4,22.9
"909525","USC00286964",39.3,22.7
"909526","USC00286964",39.2,22.6
"909527","USC00286964",39.2,22.5
"909528","USC00286964",39.1,22.3
"909529","USC00286964",39.1,22.2
"909530","USC00286964",39,22.1
"909531","USC00286964",39,22.1
"909532","USC00286964",39,22
"909533","USC00286964",38.9,21.9
"909534","USC00286964",38.9,21.9
"909535","USC00286964",39,21.8
"909536","USC00286964",39,21.8
"909537","USC00286964",39,21.8
"909538","USC00286964",39,21.8
"909539","USC00286964",39.1,21.8
"909540","USC00286964",39.1,21.9
"909541","USC00286964",39.2,21.9
"909542","USC00286964",39.3,22
"909543","USC00286964",39.4,22
"909544","USC00286964",39.5,22.1
"909545","USC00286964",39.6,22.2
"909546","USC00286964",39.7,22.3
"909547","USC00286964",39.8,22.4
"909548","USC00286964",40,22.5
"909549","USC00286964",40.1,22.6
"909550","USC00286964",40.3,22.8
"909551","USC00286964",40.5,22.9
"909552","USC00286964",40.6,23.1
"909553","USC00286964",40.8,23.2
"909554","USC00286964",41,23.4
"909555","USC00286964",41.2,23.6
"909556","USC00286964",41.4,23.8
"909557","USC00286964",41.6,24
"909558","USC00286964",41.9,24.2
"909559","USC00286964",42.1,24.4
"909560","USC00286964",42.4,24.6
"909561","USC00286964",42.6,24.8
"909562","USC00286964",42.9,25
"909563","USC00286964",43.1,25.2
"909564","USC00286964",43.4,25.4
"909565","USC00286964",43.7,25.7
"909566","USC00286964",44,25.9
"909567","USC00286964",44.3,26.1
"909568","USC00286964",44.6,26.4
"909569","USC00286964",44.9,26.6
"909570","USC00286964",45.1,26.7
"909571","USC00286964",45.2,26.9
"909572","USC00286964",45.5,27.1
"909573","USC00286964",45.9,27.4
"909574","USC00286964",46.2,27.6
"909575","USC00286964",46.6,27.9
"909576","USC00286964",46.9,28.1
"909577","USC00286964",47.3,28.4
"909578","USC00286964",47.6,28.7
"909579","USC00286964",48,28.9
"909580","USC00286964",48.4,29.2
"909581","USC00286964",48.7,29.5
"909582","USC00286964",49.1,29.7
"909583","USC00286964",49.5,30
"909584","USC00286964",49.9,30.3
"909585","USC00286964",50.3,30.6
"909586","USC00286964",50.7,30.9
"909587","USC00286964",51.1,31.2
"909588","USC00286964",51.6,31.5
"909589","USC00286964",52,31.8
"909590","USC00286964",52.4,32.1
"909591","USC00286964",52.8,32.4
"909592","USC00286964",53.2,32.7
"909593","USC00286964",53.7,33
"909594","USC00286964",54.1,33.3
"909595","USC00286964",54.5,33.6
"909596","USC00286964",55,33.9
"909597","USC00286964",55.4,34.2
"909598","USC00286964",55.9,34.6
"909599","USC00286964",56.3,34.9
"909600","USC00286964",56.7,35.2
"909601","USC00286964",57.2,35.6
"909602","USC00286964",57.6,35.9
"909603","USC00286964",58.1,36.3
"909604","USC00286964",58.5,36.6
"909605","USC00286964",58.9,37
"909606","USC00286964",59.4,37.3
"909607","USC00286964",59.8,37.7
"909608","USC00286964",60.2,38
"909609","USC00286964",60.6,38.4
"909610","USC00286964",61.1,38.8
"909611","USC00286964",61.5,39.1
"909612","USC00286964",61.9,39.5
"909613","USC00286964",62.3,39.9
"909614","USC00286964",62.7,40.2
"909615","USC00286964",63.1,40.6
"909616","USC00286964",63.5,41
"909617","USC00286964",63.8,41.4
"909618","USC00286964",64.2,41.7
"909619","USC00286964",64.6,42.1
"909620","USC00286964",64.9,42.5
"909621","USC00286964",65.3,42.9
"909622","USC00286964",65.6,43.2
"909623","USC00286964",65.9,43.6
"909624","USC00286964",66.3,44
"909625","USC00286964",66.6,44.4
"909626","USC00286964",66.9,44.7
"909627","USC00286964",67.2,45.1
"909628","USC00286964",67.5,45.5
"909629","USC00286964",67.8,45.9
"909630","USC00286964",68.1,46.2
"909631","USC00286964",68.4,46.6
"909632","USC00286964",68.6,47
"909633","USC00286964",68.9,47.3
"909634","USC00286964",69.2,47.7
"909635","USC00286964",69.4,48.1
"909636","USC00286964",69.7,48.4
"909637","USC00286964",69.9,48.8
"909638","USC00286964",70.2,49.1
"909639","USC00286964",70.4,49.5
"909640","USC00286964",70.7,49.8
"909641","USC00286964",70.9,50.2
"909642","USC00286964",71.2,50.5
"909643","USC00286964",71.4,50.9
"909644","USC00286964",71.7,51.2
"909645","USC00286964",71.9,51.5
"909646","USC00286964",72.2,51.9
"909647","USC00286964",72.4,52.2
"909648","USC00286964",72.7,52.5
"909649","USC00286964",72.9,52.9
"909650","USC00286964",73.2,53.2
"909651","USC00286964",73.5,53.5
"909652","USC00286964",73.7,53.8
"909653","USC00286964",74,54.1
"909654","USC00286964",74.3,54.4
"909655","USC00286964",74.5,54.8
"909656","USC00286964",74.8,55.1
"909657","USC00286964",75.1,55.4
"909658","USC00286964",75.4,55.7
"909659","USC00286964",75.7,56
"909660","USC00286964",76,56.3
"909661","USC00286964",76.3,56.6
"909662","USC00286964",76.6,56.9
"909663","USC00286964",76.9,57.2
"909664","USC00286964",77.2,57.5
"909665","USC00286964",77.6,57.8
"909666","USC00286964",77.9,58.1
"909667","USC00286964",78.2,58.4
"909668","USC00286964",78.5,58.7
"909669","USC00286964",78.9,58.9
"909670","USC00286964",79.2,59.2
"909671","USC00286964",79.5,59.5
"909672","USC00286964",79.8,59.8
"909673","USC00286964",80.2,60.1
"909674","USC00286964",80.5,60.4
"909675","USC00286964",80.8,60.6
"909676","USC00286964",81.1,60.9
"909677","USC00286964",81.4,61.2
"909678","USC00286964",81.7,61.4
"909679","USC00286964",82.1,61.7
"909680","USC00286964",82.3,62
"909681","USC00286964",82.6,62.2
"909682","USC00286964",82.9,62.5
"909683","USC00286964",83.2,62.7
"909684","USC00286964",83.4,63
"909685","USC00286964",83.7,63.2
"909686","USC00286964",83.9,63.5
"909687","USC00286964",84.2,63.7
"909688","USC00286964",84.4,63.9
"909689","USC00286964",84.6,64.2
"909690","USC00286964",84.8,64.4
"909691","USC00286964",85,64.6
"909692","USC00286964",85.2,64.8
"909693","USC00286964",85.3,65
"909694","USC00286964",85.5,65.2
"909695","USC00286964",85.6,65.4
"909696","USC00286964",85.7,65.6
"909697","USC00286964",85.9,65.7
"909698","USC00286964",86,65.9
"909699","USC00286964",86,66
"909700","USC00286964",86.1,66.2
"909701","USC00286964",86.2,66.3
"909702","USC00286964",86.2,66.5
"909703","USC00286964",86.3,66.6
"909704","USC00286964",86.3,66.7
"909705","USC00286964",86.3,66.8
"909706","USC00286964",86.3,66.9
"909707","USC00286964",86.3,66.9
"909708","USC00286964",86.3,67
"909709","USC00286964",86.3,67.1
"909710","USC00286964",86.3,67.1
"909711","USC00286964",86.3,67.2
"909712","USC00286964",86.2,67.2
"909713","USC00286964",86.2,67.2
"909714","USC00286964",86.1,67.2
"909715","USC00286964",86.1,67.2
"909716","USC00286964",86,67.2
"909717","USC00286964",85.9,67.1
"909718","USC00286964",85.9,67.1
"909719","USC00286964",85.8,67
"909720","USC00286964",85.7,67
"909721","USC00286964",85.6,66.9
"909722","USC00286964",85.6,66.8
"909723","USC00286964",85.5,66.7
"909724","USC00286964",85.4,66.6
"909725","USC00286964",85.3,66.5
"909726","USC00286964",85.2,66.4
"909727","USC00286964",85.1,66.3
"909728","USC00286964",85,66.2
"909729","USC00286964",84.9,66
"909730","USC00286964",84.8,65.9
"909731","USC00286964",84.7,65.7
"909732","USC00286964",84.6,65.6
"909733","USC00286964",84.5,65.4
"909734","USC00286964",84.4,65.2
"909735","USC00286964",84.3,65.1
"909736","USC00286964",84.2,64.9
"909737","USC00286964",84.1,64.7
"909738","USC00286964",84,64.5
"909739","USC00286964",83.9,64.3
"909740","USC00286964",83.7,64.1
"909741","USC00286964",83.6,63.9
"909742","USC00286964",83.5,63.7
"909743","USC00286964",83.3,63.5
"909744","USC00286964",83.2,63.3
"909745","USC00286964",83.1,63.1
"909746","USC00286964",82.9,62.9
"909747","USC00286964",82.7,62.7
"909748","USC00286964",82.6,62.5
"909749","USC00286964",82.4,62.3
"909750","USC00286964",82.2,62.1
"909751","USC00286964",82.1,61.9
"909752","USC00286964",81.9,61.7
"909753","USC00286964",81.7,61.5
"909754","USC00286964",81.4,61.3
"909755","USC00286964",81.2,61.1
"909756","USC00286964",81,60.9
"909757","USC00286964",80.8,60.7
"909758","USC00286964",80.5,60.4
"909759","USC00286964",80.3,60.2
"909760","USC00286964",80,60
"909761","USC00286964",79.7,59.8
"909762","USC00286964",79.4,59.6
"909763","USC00286964",79.2,59.4
"909764","USC00286964",78.9,59.1
"909765","USC00286964",78.6,58.9
"909766","USC00286964",78.2,58.7
"909767","USC00286964",77.9,58.4
"909768","USC00286964",77.6,58.2
"909769","USC00286964",77.2,57.9
"909770","USC00286964",76.9,57.7
"909771","USC00286964",76.5,57.4
"909772","USC00286964",76.2,57.2
"909773","USC00286964",75.8,56.9
"909774","USC00286964",75.4,56.6
"909775","USC00286964",75.1,56.3
"909776","USC00286964",74.7,56
"909777","USC00286964",74.3,55.7
"909778","USC00286964",73.9,55.4
"909779","USC00286964",73.5,55.1
"909780","USC00286964",73.1,54.8
"909781","USC00286964",72.7,54.4
"909782","USC00286964",72.3,54.1
"909783","USC00286964",71.9,53.7
"909784","USC00286964",71.4,53.3
"909785","USC00286964",71,53
"909786","USC00286964",70.6,52.6
"909787","USC00286964",70.2,52.2
"909788","USC00286964",69.8,51.8
"909789","USC00286964",69.4,51.3
"909790","USC00286964",69,50.9
"909791","USC00286964",68.6,50.5
"909792","USC00286964",68.1,50
"909793","USC00286964",67.7,49.6
"909794","USC00286964",67.3,49.1
"909795","USC00286964",66.9,48.7
"909796","USC00286964",66.5,48.2
"909797","USC00286964",66.1,47.7
"909798","USC00286964",65.7,47.2
"909799","USC00286964",65.3,46.8
"909800","USC00286964",64.9,46.3
"909801","USC00286964",64.5,45.8
"909802","USC00286964",64.1,45.3
"909803","USC00286964",63.7,44.8
"909804","USC00286964",63.3,44.3
"909805","USC00286964",63,43.8
"909806","USC00286964",62.6,43.3
"909807","USC00286964",62.2,42.9
"909808","USC00286964",61.8,42.4
"909809","USC00286964",61.5,41.9
"909810","USC00286964",61.1,41.4
"909811","USC00286964",60.7,41
"909812","USC00286964",60.4,40.5
"909813","USC00286964",60,40.1
"909814","USC00286964",59.6,39.6
"909815","USC00286964",59.3,39.2
"909816","USC00286964",58.9,38.8
"909817","USC00286964",58.6,38.4
"909818","USC00286964",58.2,38
"909819","USC00286964",57.8,37.6
"909820","USC00286964",57.5,37.2
"909821","USC00286964",57.2,36.8
"909822","USC00286964",56.8,36.5
"909823","USC00286964",56.5,36.1
"909824","USC00286964",56.1,35.8
"909825","USC00286964",55.8,35.5
"909826","USC00286964",55.4,35.2
"909827","USC00286964",55.1,34.9
"909828","USC00286964",54.8,34.6
"909829","USC00286964",54.4,34.4
"909830","USC00286964",54.1,34.1
"909831","USC00286964",53.8,33.9
"909832","USC00286964",53.4,33.6
"909833","USC00286964",53.1,33.4
"909834","USC00286964",52.8,33.2
"909835","USC00286964",52.5,33
"909836","USC00286964",52.1,32.8
"909837","USC00286964",51.8,32.6
"909838","USC00286964",51.5,32.5
"909839","USC00286964",51.2,32.3
"909840","USC00286964",50.9,32.1
"909841","USC00286964",50.6,32
"909842","USC00286964",50.3,31.8
"909843","USC00286964",49.9,31.7
"909844","USC00286964",49.6,31.5
"909845","USC00286964",49.3,31.4
"909846","USC00286964",49,31.3
"909847","USC00286964",48.7,31.1
"909848","USC00286964",48.4,31
"909849","USC00286964",48.2,30.9
"909850","USC00286964",47.9,30.7
"909851","USC00286964",47.6,30.6
"909852","USC00286964",47.3,30.4
"909853","USC00286964",47,30.3
"909854","USC00286964",46.7,30.1
"909855","USC00286964",46.5,30
"909856","USC00286964",46.2,29.8
"909857","USC00286964",45.9,29.7
"909858","USC00286964",45.6,29.5
"909859","USC00286964",45.4,29.3
"909860","USC00286964",45.1,29.2
"909861","USC00286964",44.9,29
"909862","USC00286964",44.6,28.8
"909863","USC00286964",44.4,28.6
"909864","USC00286964",44.1,28.4
"909865","USC00286964",43.9,28.2
"909866","USC00286964",43.6,28
"909867","USC00286964",43.4,27.8
"909868","USC00286964",43.2,27.6
"909869","USC00286964",42.9,27.4
"909870","USC00286964",42.7,27.1
"909871","USC00286964",42.5,26.9
"909872","USC00286964",42.3,26.7
"909873","USC00286964",42.1,26.4
"909874","USC00286964",41.9,26.2
"909875","USC00286964",41.7,26
"909876","USC00286964",41.5,25.8
"911707","USC00290225",43.1,25
"911708","USC00290225",43.2,25
"911709","USC00290225",43.2,25
"911710","USC00290225",43.3,25
"911711","USC00290225",43.4,25
"911712","USC00290225",43.5,25
"911713","USC00290225",43.6,25
"911714","USC00290225",43.8,25.1
"911715","USC00290225",43.9,25.1
"911716","USC00290225",44.1,25.2
"911717","USC00290225",44.3,25.2
"911718","USC00290225",44.4,25.3
"911719","USC00290225",44.6,25.4
"911720","USC00290225",44.8,25.5
"911721","USC00290225",45,25.5
"911722","USC00290225",45.2,25.6
"911723","USC00290225",45.5,25.7
"911724","USC00290225",45.7,25.8
"911725","USC00290225",45.9,25.9
"911726","USC00290225",46.2,26
"911727","USC00290225",46.4,26.1
"911728","USC00290225",46.6,26.2
"911729","USC00290225",46.9,26.3
"911730","USC00290225",47.1,26.4
"911731","USC00290225",47.4,26.6
"911732","USC00290225",47.6,26.7
"911733","USC00290225",47.8,26.8
"911734","USC00290225",48.1,26.9
"911735","USC00290225",48.3,27
"911736","USC00290225",48.6,27.1
"911737","USC00290225",48.8,27.3
"911738","USC00290225",49,27.4
"911739","USC00290225",49.3,27.5
"911740","USC00290225",49.5,27.7
"911741","USC00290225",49.7,27.8
"911742","USC00290225",50,27.9
"911743","USC00290225",50.2,28.1
"911744","USC00290225",50.4,28.2
"911745","USC00290225",50.7,28.3
"911746","USC00290225",50.9,28.5
"911747","USC00290225",51.1,28.6
"911748","USC00290225",51.4,28.8
"911749","USC00290225",51.6,29
"911750","USC00290225",51.8,29.1
"911751","USC00290225",52.1,29.3
"911752","USC00290225",52.3,29.5
"911753","USC00290225",52.6,29.6
"911754","USC00290225",52.8,29.8
"911755","USC00290225",53.1,30
"911756","USC00290225",53.3,30.2
"911757","USC00290225",53.6,30.4
"911758","USC00290225",53.9,30.6
"911759","USC00290225",54.1,30.8
"911760","USC00290225",54.4,31
"911761","USC00290225",54.7,31.2
"911762","USC00290225",55,31.4
"911763","USC00290225",55.3,31.6
"911764","USC00290225",55.6,31.8
"911765","USC00290225",55.9,32.1
"911766","USC00290225",56.1,32.2
"911767","USC00290225",56.2,32.3
"911768","USC00290225",56.6,32.5
"911769","USC00290225",56.9,32.7
"911770","USC00290225",57.3,33
"911771","USC00290225",57.6,33.2
"911772","USC00290225",58,33.5
"911773","USC00290225",58.3,33.7
"911774","USC00290225",58.7,33.9
"911775","USC00290225",59.1,34.2
"911776","USC00290225",59.4,34.4
"911777","USC00290225",59.8,34.7
"911778","USC00290225",60.2,34.9
"911779","USC00290225",60.6,35.1
"911780","USC00290225",61,35.4
"911781","USC00290225",61.4,35.6
"911782","USC00290225",61.8,35.8
"911783","USC00290225",62.2,36
"911784","USC00290225",62.5,36.3
"911785","USC00290225",62.9,36.5
"911786","USC00290225",63.3,36.7
"911787","USC00290225",63.7,36.9
"911788","USC00290225",64,37.1
"911789","USC00290225",64.4,37.3
"911790","USC00290225",64.7,37.5
"911791","USC00290225",65.1,37.7
"911792","USC00290225",65.4,37.9
"911793","USC00290225",65.7,38
"911794","USC00290225",66,38.2
"911795","USC00290225",66.3,38.4
"911796","USC00290225",66.6,38.5
"911797","USC00290225",66.9,38.7
"911798","USC00290225",67.2,38.9
"911799","USC00290225",67.4,39
"911800","USC00290225",67.7,39.1
"911801","USC00290225",67.9,39.3
"911802","USC00290225",68.1,39.4
"911803","USC00290225",68.3,39.6
"911804","USC00290225",68.5,39.7
"911805","USC00290225",68.7,39.8
"911806","USC00290225",68.9,40
"911807","USC00290225",69,40.1
"911808","USC00290225",69.2,40.2
"911809","USC00290225",69.3,40.4
"911810","USC00290225",69.4,40.5
"911811","USC00290225",69.6,40.6
"911812","USC00290225",69.7,40.8
"911813","USC00290225",69.8,40.9
"911814","USC00290225",69.9,41.1
"911815","USC00290225",70,41.2
"911816","USC00290225",70.1,41.4
"911817","USC00290225",70.2,41.5
"911818","USC00290225",70.3,41.7
"911819","USC00290225",70.4,41.9
"911820","USC00290225",70.6,42.1
"911821","USC00290225",70.7,42.3
"911822","USC00290225",70.8,42.5
"911823","USC00290225",71,42.7
"911824","USC00290225",71.1,43
"911825","USC00290225",71.3,43.2
"911826","USC00290225",71.4,43.4
"911827","USC00290225",71.6,43.7
"911828","USC00290225",71.8,44
"911829","USC00290225",72,44.2
"911830","USC00290225",72.3,44.5
"911831","USC00290225",72.5,44.8
"911832","USC00290225",72.8,45.2
"911833","USC00290225",73,45.5
"911834","USC00290225",73.3,45.8
"911835","USC00290225",73.6,46.2
"911836","USC00290225",74,46.5
"911837","USC00290225",74.3,46.9
"911838","USC00290225",74.7,47.2
"911839","USC00290225",75,47.6
"911840","USC00290225",75.4,48
"911841","USC00290225",75.9,48.4
"911842","USC00290225",76.3,48.8
"911843","USC00290225",76.7,49.2
"911844","USC00290225",77.2,49.6
"911845","USC00290225",77.6,50
"911846","USC00290225",78.1,50.5
"911847","USC00290225",78.6,50.9
"911848","USC00290225",79.1,51.3
"911849","USC00290225",79.6,51.7
"911850","USC00290225",80.1,52.2
"911851","USC00290225",80.6,52.6
"911852","USC00290225",81.1,53
"911853","USC00290225",81.6,53.4
"911854","USC00290225",82.2,53.8
"911855","USC00290225",82.7,54.3
"911856","USC00290225",83.2,54.7
"911857","USC00290225",83.7,55.1
"911858","USC00290225",84.2,55.5
"911859","USC00290225",84.6,55.9
"911860","USC00290225",85.1,56.2
"911861","USC00290225",85.6,56.6
"911862","USC00290225",86,57
"911863","USC00290225",86.5,57.4
"911864","USC00290225",86.9,57.7
"911865","USC00290225",87.3,58
"911866","USC00290225",87.6,58.4
"911867","USC00290225",88,58.7
"911868","USC00290225",88.3,59
"911869","USC00290225",88.7,59.3
"911870","USC00290225",89,59.6
"911871","USC00290225",89.2,59.9
"911872","USC00290225",89.5,60.1
"911873","USC00290225",89.7,60.4
"911874","USC00290225",89.9,60.6
"911875","USC00290225",90.1,60.9
"911876","USC00290225",90.2,61.1
"911877","USC00290225",90.4,61.3
"911878","USC00290225",90.5,61.5
"911879","USC00290225",90.6,61.7
"911880","USC00290225",90.7,61.9
"911881","USC00290225",90.7,62
"911882","USC00290225",90.7,62.2
"911883","USC00290225",90.8,62.3
"911884","USC00290225",90.8,62.5
"911885","USC00290225",90.7,62.6
"911886","USC00290225",90.7,62.7
"911887","USC00290225",90.7,62.8
"911888","USC00290225",90.6,62.9
"911889","USC00290225",90.5,63
"911890","USC00290225",90.4,63.1
"911891","USC00290225",90.3,63.2
"911892","USC00290225",90.2,63.2
"911893","USC00290225",90.1,63.3
"911894","USC00290225",90,63.3
"911895","USC00290225",89.9,63.4
"911896","USC00290225",89.8,63.4
"911897","USC00290225",89.7,63.5
"911898","USC00290225",89.5,63.5
"911899","USC00290225",89.4,63.5
"911900","USC00290225",89.3,63.6
"911901","USC00290225",89.2,63.6
"911902","USC00290225",89.1,63.6
"911903","USC00290225",88.9,63.6
"911904","USC00290225",88.8,63.6
"911905","USC00290225",88.7,63.6
"911906","USC00290225",88.6,63.6
"911907","USC00290225",88.5,63.6
"911908","USC00290225",88.5,63.6
"911909","USC00290225",88.4,63.6
"911910","USC00290225",88.3,63.6
"911911","USC00290225",88.3,63.6
"911912","USC00290225",88.2,63.6
"911913","USC00290225",88.1,63.6
"911914","USC00290225",88.1,63.6
"911915","USC00290225",88.1,63.6
"911916","USC00290225",88,63.6
"911917","USC00290225",88,63.5
"911918","USC00290225",88,63.5
"911919","USC00290225",88,63.5
"911920","USC00290225",88,63.5
"911921","USC00290225",87.9,63.4
"911922","USC00290225",87.9,63.4
"911923","USC00290225",87.9,63.4
"911924","USC00290225",87.9,63.3
"911925","USC00290225",87.9,63.3
"911926","USC00290225",87.9,63.3
"911927","USC00290225",87.9,63.2
"911928","USC00290225",87.9,63.2
"911929","USC00290225",87.9,63.1
"911930","USC00290225",87.8,63.1
"911931","USC00290225",87.8,63
"911932","USC00290225",87.8,62.9
"911933","USC00290225",87.7,62.9
"911934","USC00290225",87.7,62.8
"911935","USC00290225",87.6,62.7
"911936","USC00290225",87.6,62.6
"911937","USC00290225",87.5,62.5
"911938","USC00290225",87.4,62.4
"911939","USC00290225",87.3,62.3
"911940","USC00290225",87.2,62.2
"911941","USC00290225",87.1,62.1
"911942","USC00290225",87,62
"911943","USC00290225",86.8,61.9
"911944","USC00290225",86.7,61.7
"911945","USC00290225",86.5,61.6
"911946","USC00290225",86.3,61.4
"911947","USC00290225",86.2,61.3
"911948","USC00290225",86,61.1
"911949","USC00290225",85.8,60.9
"911950","USC00290225",85.5,60.8
"911951","USC00290225",85.3,60.6
"911952","USC00290225",85.1,60.4
"911953","USC00290225",84.8,60.2
"911954","USC00290225",84.6,59.9
"911955","USC00290225",84.3,59.7
"911956","USC00290225",84,59.5
"911957","USC00290225",83.7,59.2
"911958","USC00290225",83.4,59
"911959","USC00290225",83.1,58.7
"911960","USC00290225",82.8,58.5
"911961","USC00290225",82.5,58.2
"911962","USC00290225",82.2,57.9
"911963","USC00290225",81.8,57.6
"911964","USC00290225",81.5,57.3
"911965","USC00290225",81.2,57
"911966","USC00290225",80.8,56.6
"911967","USC00290225",80.5,56.3
"911968","USC00290225",80.1,56
"911969","USC00290225",79.7,55.6
"911970","USC00290225",79.4,55.3
"911971","USC00290225",79,54.9
"911972","USC00290225",78.6,54.5
"911973","USC00290225",78.3,54.1
"911974","USC00290225",77.9,53.8
"911975","USC00290225",77.5,53.4
"911976","USC00290225",77.1,53
"911977","USC00290225",76.8,52.6
"911978","USC00290225",76.4,52.2
"911979","USC00290225",76,51.8
"911980","USC00290225",75.6,51.4
"911981","USC00290225",75.2,51
"911982","USC00290225",74.9,50.6
"911983","USC00290225",74.5,50.2
"911984","USC00290225",74.1,49.7
"911985","USC00290225",73.7,49.3
"911986","USC00290225",73.4,48.9
"911987","USC00290225",73,48.5
"911988","USC00290225",72.6,48.1
"911989","USC00290225",72.2,47.7
"911990","USC00290225",71.8,47.3
"911991","USC00290225",71.5,46.9
"911992","USC00290225",71.1,46.5
"911993","USC00290225",70.7,46.1
"911994","USC00290225",70.3,45.7
"911995","USC00290225",69.9,45.3
"911996","USC00290225",69.5,44.9
"911997","USC00290225",69.2,44.5
"911998","USC00290225",68.8,44.1
"911999","USC00290225",68.4,43.7
"912000","USC00290225",68,43.3
"912001","USC00290225",67.6,43
"912002","USC00290225",67.2,42.6
"912003","USC00290225",66.8,42.2
"912004","USC00290225",66.4,41.9
"912005","USC00290225",66,41.5
"912006","USC00290225",65.6,41.2
"912007","USC00290225",65.2,40.8
"912008","USC00290225",64.8,40.5
"912009","USC00290225",64.4,40.1
"912010","USC00290225",64,39.8
"912011","USC00290225",63.6,39.5
"912012","USC00290225",63.2,39.2
"912013","USC00290225",62.8,38.8
"912014","USC00290225",62.3,38.5
"912015","USC00290225",61.9,38.2
"912016","USC00290225",61.5,37.9
"912017","USC00290225",61,37.6
"912018","USC00290225",60.6,37.3
"912019","USC00290225",60.2,36.9
"912020","USC00290225",59.7,36.6
"912021","USC00290225",59.3,36.3
"912022","USC00290225",58.9,36
"912023","USC00290225",58.4,35.7
"912024","USC00290225",58,35.4
"912025","USC00290225",57.5,35.1
"912026","USC00290225",57.1,34.8
"912027","USC00290225",56.6,34.5
"912028","USC00290225",56.2,34.2
"912029","USC00290225",55.7,33.9
"912030","USC00290225",55.2,33.6
"912031","USC00290225",54.8,33.3
"912032","USC00290225",54.3,33
"912033","USC00290225",53.9,32.7
"912034","USC00290225",53.4,32.4
"912035","USC00290225",53,32.1
"912036","USC00290225",52.5,31.8
"912037","USC00290225",52.1,31.5
"912038","USC00290225",51.6,31.3
"912039","USC00290225",51.2,31
"912040","USC00290225",50.8,30.7
"912041","USC00290225",50.3,30.4
"912042","USC00290225",49.9,30.1
"912043","USC00290225",49.5,29.8
"912044","USC00290225",49.1,29.6
"912045","USC00290225",48.7,29.3
"912046","USC00290225",48.3,29
"912047","USC00290225",47.9,28.8
"912048","USC00290225",47.6,28.5
"912049","USC00290225",47.2,28.3
"912050","USC00290225",46.8,28
"912051","USC00290225",46.5,27.8
"912052","USC00290225",46.2,27.5
"912053","USC00290225",45.9,27.3
"912054","USC00290225",45.6,27.1
"912055","USC00290225",45.3,26.9
"912056","USC00290225",45,26.7
"912057","USC00290225",44.8,26.5
"912058","USC00290225",44.5,26.4
"912059","USC00290225",44.3,26.2
"912060","USC00290225",44.1,26
"912061","USC00290225",43.9,25.9
"912062","USC00290225",43.8,25.8
"912063","USC00290225",43.6,25.6
"912064","USC00290225",43.5,25.5
"912065","USC00290225",43.4,25.4
"912066","USC00290225",43.3,25.3
"912067","USC00290225",43.2,25.2
"912068","USC00290225",43.1,25.2
"912069","USC00290225",43.1,25.1
"912070","USC00290225",43.1,25.1
"912071","USC00290225",43.1,25
"912072","USC00290225",43.1,25
"985273","USC00308721",41.3,25
"985274","USC00308721",41.1,24.7
"985275","USC00308721",40.9,24.5
"985276","USC00308721",40.7,24.2
"985277","USC00308721",40.5,24
"985278","USC00308721",40.4,23.7
"985279","USC00308721",40.2,23.4
"985280","USC00308721",40,23.2
"985281","USC00308721",39.9,22.9
"985282","USC00308721",39.7,22.7
"985283","USC00308721",39.6,22.4
"985284","USC00308721",39.4,22.2
"985285","USC00308721",39.3,21.9
"985286","USC00308721",39.1,21.7
"985287","USC00308721",39,21.5
"985288","USC00308721",38.9,21.3
"985289","USC00308721",38.8,21.1
"985290","USC00308721",38.7,20.9
"985291","USC00308721",38.6,20.7
"985292","USC00308721",38.5,20.6
"985293","USC00308721",38.4,20.4
"985294","USC00308721",38.4,20.3
"985295","USC00308721",38.3,20.2
"985296","USC00308721",38.2,20.1
"985297","USC00308721",38.2,20
"985298","USC00308721",38.2,19.9
"985299","USC00308721",38.2,19.9
"985300","USC00308721",38.2,19.8
"985301","USC00308721",38.2,19.8
"985302","USC00308721",38.2,19.8
"985303","USC00308721",38.2,19.8
"985304","USC00308721",38.3,19.9
"985305","USC00308721",38.3,19.9
"985306","USC00308721",38.4,20
"985307","USC00308721",38.5,20.1
"985308","USC00308721",38.5,20.2
"985309","USC00308721",38.6,20.3
"985310","USC00308721",38.7,20.4
"985311","USC00308721",38.9,20.6
"985312","USC00308721",39,20.7
"985313","USC00308721",39.1,20.9
"985314","USC00308721",39.3,21.1
"985315","USC00308721",39.4,21.3
"985316","USC00308721",39.6,21.5
"985317","USC00308721",39.8,21.7
"985318","USC00308721",39.9,21.9
"985319","USC00308721",40.1,22.2
"985320","USC00308721",40.3,22.4
"985321","USC00308721",40.5,22.7
"985322","USC00308721",40.7,22.9
"985323","USC00308721",40.9,23.2
"985324","USC00308721",41.2,23.4
"985325","USC00308721",41.4,23.7
"985326","USC00308721",41.6,24
"985327","USC00308721",41.9,24.2
"985328","USC00308721",42.1,24.5
"985329","USC00308721",42.3,24.8
"985330","USC00308721",42.6,25.1
"985331","USC00308721",42.8,25.3
"985332","USC00308721",43,25.5
"985333","USC00308721",43.1,25.6
"985334","USC00308721",43.3,25.9
"985335","USC00308721",43.6,26.1
"985336","USC00308721",43.8,26.4
"985337","USC00308721",44.1,26.7
"985338","USC00308721",44.4,26.9
"985339","USC00308721",44.6,27.2
"985340","USC00308721",44.9,27.4
"985341","USC00308721",45.2,27.7
"985342","USC00308721",45.5,27.9
"985343","USC00308721",45.7,28.2
"985344","USC00308721",46,28.4
"985345","USC00308721",46.3,28.7
"985346","USC00308721",46.6,28.9
"985347","USC00308721",46.9,29.2
"985348","USC00308721",47.2,29.4
"985349","USC00308721",47.4,29.6
"985350","USC00308721",47.7,29.9
"985351","USC00308721",48.1,30.1
"985352","USC00308721",48.4,30.4
"985353","USC00308721",48.7,30.6
"985354","USC00308721",49,30.9
"985355","USC00308721",49.3,31.1
"985356","USC00308721",49.6,31.4
"985357","USC00308721",50,31.6
"985358","USC00308721",50.3,31.9
"985359","USC00308721",50.6,32.1
"985360","USC00308721",51,32.4
"985361","USC00308721",51.3,32.7
"985362","USC00308721",51.7,33
"985363","USC00308721",52.1,33.3
"985364","USC00308721",52.4,33.5
"985365","USC00308721",52.8,33.8
"985366","USC00308721",53.2,34.2
"985367","USC00308721",53.6,34.5
"985368","USC00308721",53.9,34.8
"985369","USC00308721",54.3,35.1
"985370","USC00308721",54.7,35.4
"985371","USC00308721",55.1,35.8
"985372","USC00308721",55.5,36.1
"985373","USC00308721",55.9,36.5
"985374","USC00308721",56.3,36.8
"985375","USC00308721",56.7,37.2
"985376","USC00308721",57.1,37.6
"985377","USC00308721",57.5,37.9
"985378","USC00308721",57.9,38.3
"985379","USC00308721",58.3,38.7
"985380","USC00308721",58.7,39.1
"985381","USC00308721",59.1,39.4
"985382","USC00308721",59.5,39.8
"985383","USC00308721",59.9,40.2
"985384","USC00308721",60.3,40.6
"985385","USC00308721",60.7,41
"985386","USC00308721",61.1,41.4
"985387","USC00308721",61.5,41.8
"985388","USC00308721",61.9,42.1
"985389","USC00308721",62.2,42.5
"985390","USC00308721",62.6,42.9
"985391","USC00308721",63,43.3
"985392","USC00308721",63.3,43.6
"985393","USC00308721",63.7,44
"985394","USC00308721",64,44.4
"985395","USC00308721",64.3,44.7
"985396","USC00308721",64.6,45.1
"985397","USC00308721",65,45.4
"985398","USC00308721",65.3,45.8
"985399","USC00308721",65.6,46.1
"985400","USC00308721",65.9,46.4
"985401","USC00308721",66.2,46.8
"985402","USC00308721",66.5,47.1
"985403","USC00308721",66.7,47.4
"985404","USC00308721",67,47.7
"985405","USC00308721",67.3,48
"985406","USC00308721",67.5,48.3
"985407","USC00308721",67.8,48.6
"985408","USC00308721",68.1,48.9
"985409","USC00308721",68.3,49.2
"985410","USC00308721",68.6,49.5
"985411","USC00308721",68.8,49.8
"985412","USC00308721",69.1,50.1
"985413","USC00308721",69.3,50.3
"985414","USC00308721",69.5,50.6
"985415","USC00308721",69.8,50.9
"985416","USC00308721",70,51.2
"985417","USC00308721",70.3,51.5
"985418","USC00308721",70.5,51.8
"985419","USC00308721",70.8,52
"985420","USC00308721",71,52.3
"985421","USC00308721",71.3,52.6
"985422","USC00308721",71.5,52.9
"985423","USC00308721",71.8,53.2
"985424","USC00308721",72,53.5
"985425","USC00308721",72.3,53.8
"985426","USC00308721",72.6,54.1
"985427","USC00308721",72.8,54.4
"985428","USC00308721",73.1,54.7
"985429","USC00308721",73.4,55
"985430","USC00308721",73.7,55.4
"985431","USC00308721",74,55.7
"985432","USC00308721",74.3,56
"985433","USC00308721",74.6,56.4
"985434","USC00308721",74.9,56.7
"985435","USC00308721",75.2,57
"985436","USC00308721",75.5,57.4
"985437","USC00308721",75.8,57.7
"985438","USC00308721",76.1,58.1
"985439","USC00308721",76.4,58.4
"985440","USC00308721",76.7,58.8
"985441","USC00308721",77,59.1
"985442","USC00308721",77.3,59.5
"985443","USC00308721",77.6,59.8
"985444","USC00308721",77.9,60.2
"985445","USC00308721",78.2,60.5
"985446","USC00308721",78.5,60.9
"985447","USC00308721",78.8,61.2
"985448","USC00308721",79,61.5
"985449","USC00308721",79.3,61.8
"985450","USC00308721",79.6,62.2
"985451","USC00308721",79.8,62.5
"985452","USC00308721",80.1,62.8
"985453","USC00308721",80.3,63.1
"985454","USC00308721",80.6,63.4
"985455","USC00308721",80.8,63.6
"985456","USC00308721",81,63.9
"985457","USC00308721",81.2,64.1
"985458","USC00308721",81.4,64.4
"985459","USC00308721",81.6,64.6
"985460","USC00308721",81.8,64.8
"985461","USC00308721",81.9,65
"985462","USC00308721",82.1,65.2
"985463","USC00308721",82.2,65.4
"985464","USC00308721",82.3,65.5
"985465","USC00308721",82.4,65.7
"985466","USC00308721",82.5,65.8
"985467","USC00308721",82.6,65.9
"985468","USC00308721",82.7,66
"985469","USC00308721",82.8,66.1
"985470","USC00308721",82.8,66.2
"985471","USC00308721",82.9,66.2
"985472","USC00308721",82.9,66.3
"985473","USC00308721",82.9,66.3
"985474","USC00308721",82.9,66.3
"985475","USC00308721",82.9,66.3
"985476","USC00308721",82.9,66.3
"985477","USC00308721",82.9,66.2
"985478","USC00308721",82.9,66.2
"985479","USC00308721",82.9,66.1
"985480","USC00308721",82.8,66.1
"985481","USC00308721",82.8,66
"985482","USC00308721",82.7,65.9
"985483","USC00308721",82.7,65.8
"985484","USC00308721",82.6,65.7
"985485","USC00308721",82.6,65.6
"985486","USC00308721",82.5,65.4
"985487","USC00308721",82.4,65.3
"985488","USC00308721",82.3,65.2
"985489","USC00308721",82.3,65
"985490","USC00308721",82.2,64.9
"985491","USC00308721",82.1,64.7
"985492","USC00308721",82,64.5
"985493","USC00308721",81.9,64.4
"985494","USC00308721",81.8,64.2
"985495","USC00308721",81.7,64
"985496","USC00308721",81.6,63.8
"985497","USC00308721",81.5,63.6
"985498","USC00308721",81.4,63.4
"985499","USC00308721",81.3,63.3
"985500","USC00308721",81.2,63.1
"985501","USC00308721",81.1,62.9
"985502","USC00308721",81,62.7
"985503","USC00308721",80.9,62.5
"985504","USC00308721",80.8,62.3
"985505","USC00308721",80.7,62.1
"985506","USC00308721",80.5,61.9
"985507","USC00308721",80.4,61.7
"985508","USC00308721",80.3,61.5
"985509","USC00308721",80.1,61.3
"985510","USC00308721",80,61.1
"985511","USC00308721",79.9,60.9
"985512","USC00308721",79.7,60.7
"985513","USC00308721",79.5,60.5
"985514","USC00308721",79.4,60.3
"985515","USC00308721",79.2,60.1
"985516","USC00308721",79,59.8
"985517","USC00308721",78.8,59.6
"985518","USC00308721",78.7,59.4
"985519","USC00308721",78.5,59.2
"985520","USC00308721",78.2,59
"985521","USC00308721",78,58.8
"985522","USC00308721",77.8,58.5
"985523","USC00308721",77.6,58.3
"985524","USC00308721",77.3,58.1
"985525","USC00308721",77.1,57.8
"985526","USC00308721",76.8,57.6
"985527","USC00308721",76.6,57.3
"985528","USC00308721",76.3,57.1
"985529","USC00308721",76,56.8
"985530","USC00308721",75.7,56.6
"985531","USC00308721",75.4,56.3
"985532","USC00308721",75.1,56.1
"985533","USC00308721",74.8,55.8
"985534","USC00308721",74.5,55.5
"985535","USC00308721",74.2,55.2
"985536","USC00308721",73.8,54.9
"985537","USC00308721",73.5,54.6
"985538","USC00308721",73.1,54.3
"985539","USC00308721",72.8,54
"985540","USC00308721",72.4,53.7
"985541","USC00308721",72.1,53.4
"985542","USC00308721",71.7,53.1
"985543","USC00308721",71.4,52.7
"985544","USC00308721",71,52.4
"985545","USC00308721",70.6,52.1
"985546","USC00308721",70.2,51.7
"985547","USC00308721",69.9,51.4
"985548","USC00308721",69.5,51
"985549","USC00308721",69.1,50.6
"985550","USC00308721",68.7,50.3
"985551","USC00308721",68.3,49.9
"985552","USC00308721",68,49.5
"985553","USC00308721",67.6,49.1
"985554","USC00308721",67.2,48.7
"985555","USC00308721",66.8,48.3
"985556","USC00308721",66.4,47.9
"985557","USC00308721",66.1,47.5
"985558","USC00308721",65.7,47.1
"985559","USC00308721",65.3,46.7
"985560","USC00308721",64.9,46.3
"985561","USC00308721",64.5,45.9
"985562","USC00308721",64.2,45.5
"985563","USC00308721",63.8,45
"985564","USC00308721",63.4,44.6
"985565","USC00308721",63,44.2
"985566","USC00308721",62.7,43.8
"985567","USC00308721",62.3,43.4
"985568","USC00308721",61.9,42.9
"985569","USC00308721",61.6,42.5
"985570","USC00308721",61.2,42.1
"985571","USC00308721",60.8,41.7
"985572","USC00308721",60.5,41.3
"985573","USC00308721",60.1,40.9
"985574","USC00308721",59.7,40.4
"985575","USC00308721",59.4,40
"985576","USC00308721",59,39.6
"985577","USC00308721",58.7,39.2
"985578","USC00308721",58.3,38.8
"985579","USC00308721",57.9,38.5
"985580","USC00308721",57.6,38.1
"985581","USC00308721",57.2,37.7
"985582","USC00308721",56.9,37.3
"985583","USC00308721",56.5,37
"985584","USC00308721",56.2,36.6
"985585","USC00308721",55.8,36.3
"985586","USC00308721",55.4,35.9
"985587","USC00308721",55.1,35.6
"985588","USC00308721",54.8,35.3
"985589","USC00308721",54.4,35
"985590","USC00308721",54.1,34.7
"985591","USC00308721",53.7,34.4
"985592","USC00308721",53.4,34.1
"985593","USC00308721",53,33.8
"985594","USC00308721",52.7,33.6
"985595","USC00308721",52.4,33.3
"985596","USC00308721",52,33.1
"985597","USC00308721",51.7,32.8
"985598","USC00308721",51.4,32.6
"985599","USC00308721",51.1,32.4
"985600","USC00308721",50.8,32.2
"985601","USC00308721",50.4,32
"985602","USC00308721",50.1,31.8
"985603","USC00308721",49.8,31.6
"985604","USC00308721",49.5,31.4
"985605","USC00308721",49.2,31.2
"985606","USC00308721",48.9,31.1
"985607","USC00308721",48.6,30.9
"985608","USC00308721",48.4,30.8
"985609","USC00308721",48.1,30.6
"985610","USC00308721",47.8,30.4
"985611","USC00308721",47.5,30.3
"985612","USC00308721",47.3,30.2
"985613","USC00308721",47,30
"985614","USC00308721",46.7,29.9
"985615","USC00308721",46.5,29.7
"985616","USC00308721",46.2,29.6
"985617","USC00308721",46,29.4
"985618","USC00308721",45.7,29.3
"985619","USC00308721",45.5,29.1
"985620","USC00308721",45.3,29
"985621","USC00308721",45,28.8
"985622","USC00308721",44.8,28.6
"985623","USC00308721",44.6,28.5
"985624","USC00308721",44.4,28.3
"985625","USC00308721",44.1,28.1
"985626","USC00308721",43.9,27.9
"985627","USC00308721",43.7,27.8
"985628","USC00308721",43.5,27.6
"985629","USC00308721",43.3,27.4
"985630","USC00308721",43.1,27.1
"985631","USC00308721",42.9,26.9
"985632","USC00308721",42.7,26.7
"985633","USC00308721",42.5,26.5
"985634","USC00308721",42.3,26.3
"985635","USC00308721",42.1,26
"985636","USC00308721",41.9,25.8
"985637","USC00308721",41.7,25.5
"985638","USC00308721",41.5,25.3
"1005403","USC00313017",55.7,34
"1005404","USC00313017",55.6,33.9
"1005405","USC00313017",55.4,33.7
"1005406","USC00313017",55.2,33.6
"1005407","USC00313017",55.1,33.4
"1005408","USC00313017",54.9,33.2
"1005409","USC00313017",54.8,33.1
"1005410","USC00313017",54.6,32.9
"1005411","USC00313017",54.5,32.8
"1005412","USC00313017",54.4,32.6
"1005413","USC00313017",54.3,32.5
"1005414","USC00313017",54.2,32.3
"1005415","USC00313017",54.1,32.2
"1005416","USC00313017",54.1,32.1
"1005417","USC00313017",54,31.9
"1005418","USC00313017",54,31.8
"1005419","USC00313017",54,31.7
"1005420","USC00313017",54,31.6
"1005421","USC00313017",54,31.5
"1005422","USC00313017",54,31.4
"1005423","USC00313017",54,31.3
"1005424","USC00313017",54,31.3
"1005425","USC00313017",54.1,31.2
"1005426","USC00313017",54.2,31.2
"1005427","USC00313017",54.3,31.1
"1005428","USC00313017",54.4,31.1
"1005429","USC00313017",54.5,31.1
"1005430","USC00313017",54.6,31.1
"1005431","USC00313017",54.7,31.1
"1005432","USC00313017",54.9,31.1
"1005433","USC00313017",55,31.2
"1005434","USC00313017",55.2,31.2
"1005435","USC00313017",55.3,31.3
"1005436","USC00313017",55.5,31.3
"1005437","USC00313017",55.7,31.4
"1005438","USC00313017",55.9,31.5
"1005439","USC00313017",56.1,31.6
"1005440","USC00313017",56.3,31.7
"1005441","USC00313017",56.5,31.8
"1005442","USC00313017",56.7,32
"1005443","USC00313017",56.9,32.1
"1005444","USC00313017",57.2,32.3
"1005445","USC00313017",57.4,32.4
"1005446","USC00313017",57.6,32.6
"1005447","USC00313017",57.8,32.8
"1005448","USC00313017",58.1,33
"1005449","USC00313017",58.3,33.2
"1005450","USC00313017",58.5,33.4
"1005451","USC00313017",58.8,33.6
"1005452","USC00313017",59,33.8
"1005453","USC00313017",59.2,34
"1005454","USC00313017",59.4,34.2
"1005455","USC00313017",59.7,34.4
"1005456","USC00313017",59.9,34.6
"1005457","USC00313017",60.1,34.9
"1005458","USC00313017",60.3,35.1
"1005459","USC00313017",60.6,35.3
"1005460","USC00313017",60.8,35.6
"1005461","USC00313017",61,35.8
"1005462","USC00313017",61.1,35.9
"1005463","USC00313017",61.3,36
"1005464","USC00313017",61.5,36.3
"1005465","USC00313017",61.7,36.5
"1005466","USC00313017",62,36.7
"1005467","USC00313017",62.2,37
"1005468","USC00313017",62.4,37.2
"1005469","USC00313017",62.7,37.5
"1005470","USC00313017",62.9,37.7
"1005471","USC00313017",63.2,37.9
"1005472","USC00313017",63.4,38.2
"1005473","USC00313017",63.7,38.4
"1005474","USC00313017",63.9,38.7
"1005475","USC00313017",64.2,38.9
"1005476","USC00313017",64.5,39.1
"1005477","USC00313017",64.7,39.4
"1005478","USC00313017",65,39.6
"1005479","USC00313017",65.3,39.9
"1005480","USC00313017",65.6,40.1
"1005481","USC00313017",65.9,40.4
"1005482","USC00313017",66.2,40.6
"1005483","USC00313017",66.5,40.9
"1005484","USC00313017",66.8,41.2
"1005485","USC00313017",67.1,41.4
"1005486","USC00313017",67.4,41.7
"1005487","USC00313017",67.7,41.9
"1005488","USC00313017",68.1,42.2
"1005489","USC00313017",68.4,42.5
"1005490","USC00313017",68.7,42.8
"1005491","USC00313017",69.1,43
"1005492","USC00313017",69.4,43.3
"1005493","USC00313017",69.7,43.6
"1005494","USC00313017",70.1,43.9
"1005495","USC00313017",70.4,44.2
"1005496","USC00313017",70.8,44.5
"1005497","USC00313017",71.1,44.8
"1005498","USC00313017",71.4,45.1
"1005499","USC00313017",71.8,45.4
"1005500","USC00313017",72.1,45.8
"1005501","USC00313017",72.4,46.1
"1005502","USC00313017",72.7,46.4
"1005503","USC00313017",73.1,46.7
"1005504","USC00313017",73.4,47.1
"1005505","USC00313017",73.7,47.4
"1005506","USC00313017",74,47.8
"1005507","USC00313017",74.3,48.1
"1005508","USC00313017",74.6,48.4
"1005509","USC00313017",74.9,48.8
"1005510","USC00313017",75.1,49.1
"1005511","USC00313017",75.4,49.5
"1005512","USC00313017",75.7,49.8
"1005513","USC00313017",75.9,50.2
"1005514","USC00313017",76.2,50.6
"1005515","USC00313017",76.4,50.9
"1005516","USC00313017",76.7,51.3
"1005517","USC00313017",76.9,51.6
"1005518","USC00313017",77.1,52
"1005519","USC00313017",77.4,52.3
"1005520","USC00313017",77.6,52.7
"1005521","USC00313017",77.8,53.1
"1005522","USC00313017",78,53.4
"1005523","USC00313017",78.2,53.8
"1005524","USC00313017",78.4,54.1
"1005525","USC00313017",78.6,54.5
"1005526","USC00313017",78.8,54.8
"1005527","USC00313017",79,55.2
"1005528","USC00313017",79.2,55.5
"1005529","USC00313017",79.4,55.9
"1005530","USC00313017",79.5,56.2
"1005531","USC00313017",79.7,56.6
"1005532","USC00313017",79.9,56.9
"1005533","USC00313017",80.1,57.2
"1005534","USC00313017",80.3,57.6
"1005535","USC00313017",80.5,57.9
"1005536","USC00313017",80.7,58.2
"1005537","USC00313017",80.9,58.6
"1005538","USC00313017",81.1,58.9
"1005539","USC00313017",81.3,59.2
"1005540","USC00313017",81.5,59.5
"1005541","USC00313017",81.7,59.8
"1005542","USC00313017",81.9,60.2
"1005543","USC00313017",82.1,60.5
"1005544","USC00313017",82.4,60.8
"1005545","USC00313017",82.6,61.1
"1005546","USC00313017",82.8,61.4
"1005547","USC00313017",83,61.7
"1005548","USC00313017",83.3,62
"1005549","USC00313017",83.5,62.3
"1005550","USC00313017",83.8,62.6
"1005551","USC00313017",84,62.8
"1005552","USC00313017",84.3,63.1
"1005553","USC00313017",84.5,63.4
"1005554","USC00313017",84.8,63.7
"1005555","USC00313017",85,64
"1005556","USC00313017",85.3,64.2
"1005557","USC00313017",85.5,64.5
"1005558","USC00313017",85.8,64.8
"1005559","USC00313017",86,65
"1005560","USC00313017",86.3,65.3
"1005561","USC00313017",86.5,65.5
"1005562","USC00313017",86.8,65.8
"1005563","USC00313017",87,66
"1005564","USC00313017",87.2,66.3
"1005565","USC00313017",87.5,66.5
"1005566","USC00313017",87.7,66.7
"1005567","USC00313017",87.9,66.9
"1005568","USC00313017",88.1,67.2
"1005569","USC00313017",88.3,67.4
"1005570","USC00313017",88.6,67.6
"1005571","USC00313017",88.7,67.8
"1005572","USC00313017",88.9,68
"1005573","USC00313017",89.1,68.2
"1005574","USC00313017",89.3,68.4
"1005575","USC00313017",89.4,68.6
"1005576","USC00313017",89.6,68.8
"1005577","USC00313017",89.7,68.9
"1005578","USC00313017",89.9,69.1
"1005579","USC00313017",90,69.3
"1005580","USC00313017",90.1,69.4
"1005581","USC00313017",90.2,69.6
"1005582","USC00313017",90.3,69.7
"1005583","USC00313017",90.4,69.8
"1005584","USC00313017",90.5,70
"1005585","USC00313017",90.6,70.1
"1005586","USC00313017",90.7,70.2
"1005587","USC00313017",90.7,70.3
"1005588","USC00313017",90.8,70.4
"1005589","USC00313017",90.8,70.5
"1005590","USC00313017",90.9,70.6
"1005591","USC00313017",90.9,70.7
"1005592","USC00313017",91,70.8
"1005593","USC00313017",91,70.8
"1005594","USC00313017",91,70.9
"1005595","USC00313017",91,71
"1005596","USC00313017",91,71
"1005597","USC00313017",91,71.1
"1005598","USC00313017",91,71.1
"1005599","USC00313017",91,71.2
"1005600","USC00313017",91,71.2
"1005601","USC00313017",91,71.2
"1005602","USC00313017",91,71.3
"1005603","USC00313017",91,71.3
"1005604","USC00313017",91,71.3
"1005605","USC00313017",91,71.3
"1005606","USC00313017",91,71.3
"1005607","USC00313017",90.9,71.3
"1005608","USC00313017",90.9,71.3
"1005609","USC00313017",90.9,71.3
"1005610","USC00313017",90.8,71.3
"1005611","USC00313017",90.8,71.3
"1005612","USC00313017",90.8,71.3
"1005613","USC00313017",90.7,71.2
"1005614","USC00313017",90.7,71.2
"1005615","USC00313017",90.6,71.2
"1005616","USC00313017",90.6,71.1
"1005617","USC00313017",90.5,71.1
"1005618","USC00313017",90.5,71
"1005619","USC00313017",90.4,71
"1005620","USC00313017",90.4,70.9
"1005621","USC00313017",90.3,70.9
"1005622","USC00313017",90.2,70.8
"1005623","USC00313017",90.2,70.8
"1005624","USC00313017",90.1,70.7
"1005625","USC00313017",90,70.6
"1005626","USC00313017",89.9,70.5
"1005627","USC00313017",89.8,70.5
"1005628","USC00313017",89.7,70.4
"1005629","USC00313017",89.6,70.3
"1005630","USC00313017",89.5,70.2
"1005631","USC00313017",89.4,70.1
"1005632","USC00313017",89.3,70
"1005633","USC00313017",89.1,69.9
"1005634","USC00313017",89,69.8
"1005635","USC00313017",88.9,69.6
"1005636","USC00313017",88.7,69.5
"1005637","USC00313017",88.6,69.4
"1005638","USC00313017",88.5,69.3
"1005639","USC00313017",88.3,69.1
"1005640","USC00313017",88.2,69
"1005641","USC00313017",88,68.8
"1005642","USC00313017",87.8,68.7
"1005643","USC00313017",87.7,68.5
"1005644","USC00313017",87.5,68.3
"1005645","USC00313017",87.3,68.2
"1005646","USC00313017",87.2,68
"1005647","USC00313017",87,67.8
"1005648","USC00313017",86.8,67.6
"1005649","USC00313017",86.6,67.4
"1005650","USC00313017",86.4,67.2
"1005651","USC00313017",86.3,67
"1005652","USC00313017",86.1,66.8
"1005653","USC00313017",85.9,66.5
"1005654","USC00313017",85.7,66.3
"1005655","USC00313017",85.5,66
"1005656","USC00313017",85.3,65.8
"1005657","USC00313017",85.1,65.5
"1005658","USC00313017",84.9,65.3
"1005659","USC00313017",84.7,65
"1005660","USC00313017",84.5,64.7
"1005661","USC00313017",84.3,64.4
"1005662","USC00313017",84.1,64.1
"1005663","USC00313017",83.9,63.8
"1005664","USC00313017",83.7,63.5
"1005665","USC00313017",83.5,63.2
"1005666","USC00313017",83.2,62.9
"1005667","USC00313017",83,62.6
"1005668","USC00313017",82.8,62.2
"1005669","USC00313017",82.6,61.9
"1005670","USC00313017",82.3,61.5
"1005671","USC00313017",82.1,61.1
"1005672","USC00313017",81.8,60.8
"1005673","USC00313017",81.6,60.4
"1005674","USC00313017",81.3,60
"1005675","USC00313017",81.1,59.6
"1005676","USC00313017",80.8,59.2
"1005677","USC00313017",80.5,58.7
"1005678","USC00313017",80.2,58.3
"1005679","USC00313017",79.9,57.9
"1005680","USC00313017",79.6,57.5
"1005681","USC00313017",79.3,57
"1005682","USC00313017",79,56.6
"1005683","USC00313017",78.7,56.1
"1005684","USC00313017",78.3,55.6
"1005685","USC00313017",78,55.2
"1005686","USC00313017",77.6,54.7
"1005687","USC00313017",77.3,54.2
"1005688","USC00313017",76.9,53.7
"1005689","USC00313017",76.5,53.2
"1005690","USC00313017",76.1,52.7
"1005691","USC00313017",75.7,52.3
"1005692","USC00313017",75.3,51.8
"1005693","USC00313017",74.9,51.3
"1005694","USC00313017",74.5,50.8
"1005695","USC00313017",74.1,50.3
"1005696","USC00313017",73.7,49.8
"1005697","USC00313017",73.2,49.3
"1005698","USC00313017",72.8,48.8
"1005699","USC00313017",72.4,48.3
"1005700","USC00313017",72,47.8
"1005701","USC00313017",71.5,47.3
"1005702","USC00313017",71.1,46.8
"1005703","USC00313017",70.7,46.3
"1005704","USC00313017",70.2,45.9
"1005705","USC00313017",69.8,45.4
"1005706","USC00313017",69.4,44.9
"1005707","USC00313017",69,44.5
"1005708","USC00313017",68.6,44
"1005709","USC00313017",68.1,43.6
"1005710","USC00313017",67.8,43.2
"1005711","USC00313017",67.4,42.8
"1005712","USC00313017",67,42.4
"1005713","USC00313017",66.6,42
"1005714","USC00313017",66.2,41.6
"1005715","USC00313017",65.9,41.3
"1005716","USC00313017",65.5,40.9
"1005717","USC00313017",65.2,40.6
"1005718","USC00313017",64.9,40.3
"1005719","USC00313017",64.6,40
"1005720","USC00313017",64.3,39.7
"1005721","USC00313017",64,39.4
"1005722","USC00313017",63.7,39.1
"1005723","USC00313017",63.5,38.9
"1005724","USC00313017",63.2,38.6
"1005725","USC00313017",63,38.4
"1005726","USC00313017",62.7,38.2
"1005727","USC00313017",62.5,38
"1005728","USC00313017",62.3,37.8
"1005729","USC00313017",62.1,37.7
"1005730","USC00313017",61.9,37.5
"1005731","USC00313017",61.8,37.4
"1005732","USC00313017",61.6,37.2
"1005733","USC00313017",61.4,37.1
"1005734","USC00313017",61.3,37
"1005735","USC00313017",61.1,36.9
"1005736","USC00313017",61,36.8
"1005737","USC00313017",60.8,36.7
"1005738","USC00313017",60.7,36.6
"1005739","USC00313017",60.6,36.5
"1005740","USC00313017",60.4,36.5
"1005741","USC00313017",60.3,36.4
"1005742","USC00313017",60.2,36.4
"1005743","USC00313017",60,36.3
"1005744","USC00313017",59.9,36.2
"1005745","USC00313017",59.8,36.2
"1005746","USC00313017",59.7,36.1
"1005747","USC00313017",59.5,36.1
"1005748","USC00313017",59.4,36
"1005749","USC00313017",59.2,36
"1005750","USC00313017",59.1,35.9
"1005751","USC00313017",58.9,35.9
"1005752","USC00313017",58.8,35.8
"1005753","USC00313017",58.6,35.7
"1005754","USC00313017",58.5,35.7
"1005755","USC00313017",58.3,35.6
"1005756","USC00313017",58.1,35.5
"1005757","USC00313017",58,35.4
"1005758","USC00313017",57.8,35.3
"1005759","USC00313017",57.6,35.3
"1005760","USC00313017",57.4,35.2
"1005761","USC00313017",57.2,35
"1005762","USC00313017",57,34.9
"1005763","USC00313017",56.9,34.8
"1005764","USC00313017",56.7,34.7
"1005765","USC00313017",56.5,34.6
"1005766","USC00313017",56.3,34.4
"1005767","USC00313017",56.1,34.3
"1005768","USC00313017",55.9,34.2
"1009063","USC00313625",50.7,31.6
"1009064","USC00313625",50.6,31.5
"1009065","USC00313625",50.5,31.3
"1009066","USC00313625",50.4,31.1
"1009067","USC00313625",50.3,31
"1009068","USC00313625",50.2,30.8
"1009069","USC00313625",50.1,30.7
"1009070","USC00313625",50.1,30.5
"1009071","USC00313625",50,30.4
"1009072","USC00313625",49.9,30.3
"1009073","USC00313625",49.9,30.2
"1009074","USC00313625",49.9,30.1
"1009075","USC00313625",49.9,30
"1009076","USC00313625",49.9,29.9
"1009077","USC00313625",49.9,29.8
"1009078","USC00313625",49.9,29.8
"1009079","USC00313625",49.9,29.7
"1009080","USC00313625",49.9,29.7
"1009081","USC00313625",50,29.7
"1009082","USC00313625",50,29.6
"1009083","USC00313625",50.1,29.6
"1009084","USC00313625",50.2,29.7
"1009085","USC00313625",50.3,29.7
"1009086","USC00313625",50.4,29.7
"1009087","USC00313625",50.5,29.8
"1009088","USC00313625",50.6,29.8
"1009089","USC00313625",50.7,29.9
"1009090","USC00313625",50.9,30
"1009091","USC00313625",51,30
"1009092","USC00313625",51.2,30.1
"1009093","USC00313625",51.4,30.3
"1009094","USC00313625",51.5,30.4
"1009095","USC00313625",51.7,30.5
"1009096","USC00313625",51.9,30.6
"1009097","USC00313625",52.1,30.8
"1009098","USC00313625",52.3,30.9
"1009099","USC00313625",52.5,31.1
"1009100","USC00313625",52.7,31.3
"1009101","USC00313625",52.9,31.4
"1009102","USC00313625",53.1,31.6
"1009103","USC00313625",53.3,31.8
"1009104","USC00313625",53.6,32
"1009105","USC00313625",53.8,32.2
"1009106","USC00313625",54,32.4
"1009107","USC00313625",54.3,32.6
"1009108","USC00313625",54.5,32.9
"1009109","USC00313625",54.8,33.1
"1009110","USC00313625",55,33.3
"1009111","USC00313625",55.2,33.5
"1009112","USC00313625",55.5,33.8
"1009113","USC00313625",55.8,34
"1009114","USC00313625",56,34.2
"1009115","USC00313625",56.3,34.5
"1009116","USC00313625",56.5,34.7
"1009117","USC00313625",56.8,35
"1009118","USC00313625",57.1,35.2
"1009119","USC00313625",57.3,35.5
"1009120","USC00313625",57.6,35.7
"1009121","USC00313625",57.9,36
"1009122","USC00313625",58,36.1
"1009123","USC00313625",58.2,36.3
"1009124","USC00313625",58.4,36.5
"1009125","USC00313625",58.7,36.8
"1009126","USC00313625",59,37.1
"1009127","USC00313625",59.3,37.3
"1009128","USC00313625",59.6,37.6
"1009129","USC00313625",59.9,37.9
"1009130","USC00313625",60.2,38.1
"1009131","USC00313625",60.5,38.4
"1009132","USC00313625",60.8,38.7
"1009133","USC00313625",61.1,39
"1009134","USC00313625",61.4,39.3
"1009135","USC00313625",61.7,39.5
"1009136","USC00313625",62,39.8
"1009137","USC00313625",62.3,40.1
"1009138","USC00313625",62.6,40.4
"1009139","USC00313625",62.9,40.7
"1009140","USC00313625",63.3,41
"1009141","USC00313625",63.6,41.2
"1009142","USC00313625",63.9,41.5
"1009143","USC00313625",64.2,41.8
"1009144","USC00313625",64.5,42.1
"1009145","USC00313625",64.9,42.4
"1009146","USC00313625",65.2,42.6
"1009147","USC00313625",65.5,42.9
"1009148","USC00313625",65.8,43.2
"1009149","USC00313625",66.2,43.5
"1009150","USC00313625",66.5,43.8
"1009151","USC00313625",66.8,44
"1009152","USC00313625",67.1,44.3
"1009153","USC00313625",67.5,44.6
"1009154","USC00313625",67.8,44.9
"1009155","USC00313625",68.1,45.1
"1009156","USC00313625",68.4,45.4
"1009157","USC00313625",68.7,45.7
"1009158","USC00313625",69,45.9
"1009159","USC00313625",69.3,46.2
"1009160","USC00313625",69.6,46.5
"1009161","USC00313625",69.9,46.8
"1009162","USC00313625",70.2,47
"1009163","USC00313625",70.5,47.3
"1009164","USC00313625",70.8,47.6
"1009165","USC00313625",71.1,47.8
"1009166","USC00313625",71.4,48.1
"1009167","USC00313625",71.7,48.3
"1009168","USC00313625",72,48.6
"1009169","USC00313625",72.3,48.9
"1009170","USC00313625",72.5,49.2
"1009171","USC00313625",72.8,49.4
"1009172","USC00313625",73.1,49.7
"1009173","USC00313625",73.3,50
"1009174","USC00313625",73.6,50.3
"1009175","USC00313625",73.8,50.5
"1009176","USC00313625",74.1,50.8
"1009177","USC00313625",74.4,51.1
"1009178","USC00313625",74.6,51.4
"1009179","USC00313625",74.9,51.7
"1009180","USC00313625",75.1,52
"1009181","USC00313625",75.3,52.3
"1009182","USC00313625",75.6,52.6
"1009183","USC00313625",75.8,52.9
"1009184","USC00313625",76.1,53.2
"1009185","USC00313625",76.3,53.5
"1009186","USC00313625",76.6,53.9
"1009187","USC00313625",76.8,54.2
"1009188","USC00313625",77,54.5
"1009189","USC00313625",77.3,54.8
"1009190","USC00313625",77.5,55.2
"1009191","USC00313625",77.8,55.5
"1009192","USC00313625",78,55.8
"1009193","USC00313625",78.2,56.2
"1009194","USC00313625",78.5,56.5
"1009195","USC00313625",78.7,56.9
"1009196","USC00313625",79,57.2
"1009197","USC00313625",79.2,57.6
"1009198","USC00313625",79.4,57.9
"1009199","USC00313625",79.7,58.2
"1009200","USC00313625",79.9,58.6
"1009201","USC00313625",80.2,58.9
"1009202","USC00313625",80.4,59.3
"1009203","USC00313625",80.7,59.6
"1009204","USC00313625",80.9,59.9
"1009205","USC00313625",81.2,60.3
"1009206","USC00313625",81.4,60.6
"1009207","USC00313625",81.6,60.9
"1009208","USC00313625",81.9,61.2
"1009209","USC00313625",82.1,61.5
"1009210","USC00313625",82.4,61.9
"1009211","USC00313625",82.6,62.2
"1009212","USC00313625",82.8,62.4
"1009213","USC00313625",83.1,62.7
"1009214","USC00313625",83.3,63
"1009215","USC00313625",83.5,63.3
"1009216","USC00313625",83.8,63.5
"1009217","USC00313625",84,63.8
"1009218","USC00313625",84.2,64
"1009219","USC00313625",84.4,64.3
"1009220","USC00313625",84.7,64.5
"1009221","USC00313625",84.9,64.7
"1009222","USC00313625",85.1,65
"1009223","USC00313625",85.3,65.2
"1009224","USC00313625",85.5,65.4
"1009225","USC00313625",85.7,65.5
"1009226","USC00313625",85.9,65.7
"1009227","USC00313625",86,65.9
"1009228","USC00313625",86.2,66.1
"1009229","USC00313625",86.4,66.2
"1009230","USC00313625",86.6,66.4
"1009231","USC00313625",86.7,66.5
"1009232","USC00313625",86.9,66.7
"1009233","USC00313625",87,66.8
"1009234","USC00313625",87.2,67
"1009235","USC00313625",87.3,67.1
"1009236","USC00313625",87.5,67.2
"1009237","USC00313625",87.6,67.3
"1009238","USC00313625",87.7,67.5
"1009239","USC00313625",87.9,67.6
"1009240","USC00313625",88,67.7
"1009241","USC00313625",88.1,67.8
"1009242","USC00313625",88.2,67.9
"1009243","USC00313625",88.3,68
"1009244","USC00313625",88.4,68.2
"1009245","USC00313625",88.5,68.3
"1009246","USC00313625",88.6,68.4
"1009247","USC00313625",88.7,68.5
"1009248","USC00313625",88.7,68.6
"1009249","USC00313625",88.8,68.7
"1009250","USC00313625",88.9,68.8
"1009251","USC00313625",88.9,68.9
"1009252","USC00313625",89,69
"1009253","USC00313625",89,69.1
"1009254","USC00313625",89.1,69.2
"1009255","USC00313625",89.1,69.4
"1009256","USC00313625",89.2,69.5
"1009257","USC00313625",89.2,69.6
"1009258","USC00313625",89.3,69.7
"1009259","USC00313625",89.3,69.8
"1009260","USC00313625",89.3,69.8
"1009261","USC00313625",89.3,69.9
"1009262","USC00313625",89.3,70
"1009263","USC00313625",89.3,70.1
"1009264","USC00313625",89.3,70.2
"1009265","USC00313625",89.3,70.3
"1009266","USC00313625",89.3,70.3
"1009267","USC00313625",89.3,70.4
"1009268","USC00313625",89.3,70.4
"1009269","USC00313625",89.3,70.5
"1009270","USC00313625",89.2,70.5
"1009271","USC00313625",89.2,70.5
"1009272","USC00313625",89.2,70.6
"1009273","USC00313625",89.1,70.6
"1009274","USC00313625",89.1,70.6
"1009275","USC00313625",89,70.6
"1009276","USC00313625",88.9,70.5
"1009277","USC00313625",88.9,70.5
"1009278","USC00313625",88.8,70.5
"1009279","USC00313625",88.7,70.4
"1009280","USC00313625",88.6,70.4
"1009281","USC00313625",88.5,70.3
"1009282","USC00313625",88.4,70.2
"1009283","USC00313625",88.3,70.1
"1009284","USC00313625",88.2,70
"1009285","USC00313625",88.1,69.9
"1009286","USC00313625",88,69.8
"1009287","USC00313625",87.8,69.6
"1009288","USC00313625",87.7,69.5
"1009289","USC00313625",87.6,69.3
"1009290","USC00313625",87.4,69.2
"1009291","USC00313625",87.3,69
"1009292","USC00313625",87.1,68.8
"1009293","USC00313625",87,68.6
"1009294","USC00313625",86.8,68.4
"1009295","USC00313625",86.6,68.2
"1009296","USC00313625",86.5,68
"1009297","USC00313625",86.3,67.8
"1009298","USC00313625",86.1,67.6
"1009299","USC00313625",86,67.4
"1009300","USC00313625",85.8,67.2
"1009301","USC00313625",85.6,67
"1009302","USC00313625",85.4,66.7
"1009303","USC00313625",85.2,66.5
"1009304","USC00313625",85,66.3
"1009305","USC00313625",84.9,66.1
"1009306","USC00313625",84.7,65.8
"1009307","USC00313625",84.5,65.6
"1009308","USC00313625",84.3,65.4
"1009309","USC00313625",84.1,65.1
"1009310","USC00313625",83.9,64.9
"1009311","USC00313625",83.7,64.7
"1009312","USC00313625",83.5,64.4
"1009313","USC00313625",83.3,64.2
"1009314","USC00313625",83.1,64
"1009315","USC00313625",82.9,63.7
"1009316","USC00313625",82.6,63.5
"1009317","USC00313625",82.4,63.3
"1009318","USC00313625",82.2,63
"1009319","USC00313625",82,62.8
"1009320","USC00313625",81.8,62.5
"1009321","USC00313625",81.6,62.3
"1009322","USC00313625",81.3,62
"1009323","USC00313625",81.1,61.8
"1009324","USC00313625",80.9,61.5
"1009325","USC00313625",80.6,61.2
"1009326","USC00313625",80.4,61
"1009327","USC00313625",80.1,60.7
"1009328","USC00313625",79.9,60.4
"1009329","USC00313625",79.6,60.1
"1009330","USC00313625",79.3,59.8
"1009331","USC00313625",79.1,59.5
"1009332","USC00313625",78.8,59.2
"1009333","USC00313625",78.5,58.9
"1009334","USC00313625",78.2,58.5
"1009335","USC00313625",77.9,58.2
"1009336","USC00313625",77.6,57.8
"1009337","USC00313625",77.3,57.4
"1009338","USC00313625",77,57.1
"1009339","USC00313625",76.7,56.7
"1009340","USC00313625",76.3,56.3
"1009341","USC00313625",76,55.8
"1009342","USC00313625",75.6,55.4
"1009343","USC00313625",75.3,55
"1009344","USC00313625",74.9,54.5
"1009345","USC00313625",74.6,54.1
"1009346","USC00313625",74.2,53.6
"1009347","USC00313625",73.8,53.1
"1009348","USC00313625",73.4,52.6
"1009349","USC00313625",73,52.2
"1009350","USC00313625",72.6,51.7
"1009351","USC00313625",72.2,51.2
"1009352","USC00313625",71.8,50.6
"1009353","USC00313625",71.4,50.1
"1009354","USC00313625",71,49.6
"1009355","USC00313625",70.6,49.1
"1009356","USC00313625",70.2,48.6
"1009357","USC00313625",69.8,48.1
"1009358","USC00313625",69.4,47.5
"1009359","USC00313625",68.9,47
"1009360","USC00313625",68.5,46.5
"1009361","USC00313625",68.1,46
"1009362","USC00313625",67.7,45.5
"1009363","USC00313625",67.3,45
"1009364","USC00313625",66.9,44.5
"1009365","USC00313625",66.4,44
"1009366","USC00313625",66,43.6
"1009367","USC00313625",65.6,43.1
"1009368","USC00313625",65.2,42.7
"1009369","USC00313625",64.9,42.2
"1009370","USC00313625",64.5,41.8
"1009371","USC00313625",64.1,41.4
"1009372","USC00313625",63.7,41
"1009373","USC00313625",63.4,40.7
"1009374","USC00313625",63,40.3
"1009375","USC00313625",62.6,39.9
"1009376","USC00313625",62.3,39.6
"1009377","USC00313625",62,39.3
"1009378","USC00313625",61.6,39
"1009379","USC00313625",61.3,38.7
"1009380","USC00313625",61,38.5
"1009381","USC00313625",60.7,38.2
"1009382","USC00313625",60.4,38
"1009383","USC00313625",60.1,37.8
"1009384","USC00313625",59.8,37.6
"1009385","USC00313625",59.5,37.4
"1009386","USC00313625",59.3,37.2
"1009387","USC00313625",59,37
"1009388","USC00313625",58.7,36.9
"1009389","USC00313625",58.5,36.7
"1009390","USC00313625",58.2,36.6
"1009391","USC00313625",58,36.5
"1009392","USC00313625",57.8,36.4
"1009393","USC00313625",57.5,36.3
"1009394","USC00313625",57.3,36.2
"1009395","USC00313625",57.1,36.1
"1009396","USC00313625",56.9,36
"1009397","USC00313625",56.6,35.9
"1009398","USC00313625",56.4,35.8
"1009399","USC00313625",56.2,35.7
"1009400","USC00313625",56,35.6
"1009401","USC00313625",55.8,35.6
"1009402","USC00313625",55.6,35.5
"1009403","USC00313625",55.4,35.4
"1009404","USC00313625",55.2,35.3
"1009405","USC00313625",55,35.2
"1009406","USC00313625",54.8,35.1
"1009407","USC00313625",54.6,35
"1009408","USC00313625",54.4,34.9
"1009409","USC00313625",54.2,34.8
"1009410","USC00313625",54,34.7
"1009411","USC00313625",53.8,34.6
"1009412","USC00313625",53.6,34.4
"1009413","USC00313625",53.4,34.3
"1009414","USC00313625",53.2,34.2
"1009415","USC00313625",53,34
"1009416","USC00313625",52.9,33.9
"1009417","USC00313625",52.7,33.7
"1009418","USC00313625",52.5,33.5
"1009419","USC00313625",52.3,33.4
"1009420","USC00313625",52.1,33.2
"1009421","USC00313625",52,33
"1009422","USC00313625",51.8,32.9
"1009423","USC00313625",51.6,32.7
"1009424","USC00313625",51.5,32.5
"1009425","USC00313625",51.3,32.3
"1009426","USC00313625",51.2,32.2
"1009427","USC00313625",51,32
"1009428","USC00313625",50.9,31.8
"1028461","USC00317079",52.9,34.3
"1028462","USC00317079",52.7,34.1
"1028463","USC00317079",52.6,33.9
"1028464","USC00317079",52.4,33.7
"1028465","USC00317079",52.2,33.5
"1028466","USC00317079",52.1,33.3
"1028467","USC00317079",52,33.2
"1028468","USC00317079",51.8,33
"1028469","USC00317079",51.7,32.8
"1028470","USC00317079",51.6,32.6
"1028471","USC00317079",51.5,32.5
"1028472","USC00317079",51.4,32.3
"1028473","USC00317079",51.3,32.1
"1028474","USC00317079",51.2,32
"1028475","USC00317079",51.2,31.9
"1028476","USC00317079",51.1,31.7
"1028477","USC00317079",51.1,31.6
"1028478","USC00317079",51.1,31.5
"1028479","USC00317079",51.1,31.4
"1028480","USC00317079",51.1,31.3
"1028481","USC00317079",51.1,31.3
"1028482","USC00317079",51.1,31.2
"1028483","USC00317079",51.2,31.1
"1028484","USC00317079",51.2,31.1
"1028485","USC00317079",51.3,31.1
"1028486","USC00317079",51.4,31.1
"1028487","USC00317079",51.5,31.1
"1028488","USC00317079",51.6,31.1
"1028489","USC00317079",51.7,31.1
"1028490","USC00317079",51.8,31.1
"1028491","USC00317079",51.9,31.2
"1028492","USC00317079",52.1,31.2
"1028493","USC00317079",52.2,31.3
"1028494","USC00317079",52.4,31.4
"1028495","USC00317079",52.6,31.5
"1028496","USC00317079",52.8,31.6
"1028497","USC00317079",53,31.7
"1028498","USC00317079",53.1,31.8
"1028499","USC00317079",53.3,31.9
"1028500","USC00317079",53.5,32.1
"1028501","USC00317079",53.8,32.2
"1028502","USC00317079",54,32.4
"1028503","USC00317079",54.2,32.6
"1028504","USC00317079",54.4,32.7
"1028505","USC00317079",54.6,32.9
"1028506","USC00317079",54.8,33.1
"1028507","USC00317079",55.1,33.3
"1028508","USC00317079",55.3,33.5
"1028509","USC00317079",55.5,33.7
"1028510","USC00317079",55.7,33.9
"1028511","USC00317079",56,34.1
"1028512","USC00317079",56.2,34.3
"1028513","USC00317079",56.4,34.5
"1028514","USC00317079",56.7,34.8
"1028515","USC00317079",56.9,35
"1028516","USC00317079",57.1,35.2
"1028517","USC00317079",57.4,35.4
"1028518","USC00317079",57.6,35.7
"1028519","USC00317079",57.8,35.9
"1028520","USC00317079",57.9,36
"1028521","USC00317079",58.1,36.1
"1028522","USC00317079",58.3,36.4
"1028523","USC00317079",58.6,36.6
"1028524","USC00317079",58.8,36.9
"1028525","USC00317079",59,37.1
"1028526","USC00317079",59.3,37.4
"1028527","USC00317079",59.6,37.6
"1028528","USC00317079",59.8,37.9
"1028529","USC00317079",60.1,38.2
"1028530","USC00317079",60.4,38.4
"1028531","USC00317079",60.6,38.7
"1028532","USC00317079",60.9,39
"1028533","USC00317079",61.2,39.2
"1028534","USC00317079",61.5,39.5
"1028535","USC00317079",61.8,39.8
"1028536","USC00317079",62.1,40.1
"1028537","USC00317079",62.4,40.4
"1028538","USC00317079",62.7,40.6
"1028539","USC00317079",63,40.9
"1028540","USC00317079",63.4,41.2
"1028541","USC00317079",63.7,41.5
"1028542","USC00317079",64,41.8
"1028543","USC00317079",64.4,42.1
"1028544","USC00317079",64.7,42.5
"1028545","USC00317079",65.1,42.8
"1028546","USC00317079",65.4,43.1
"1028547","USC00317079",65.8,43.4
"1028548","USC00317079",66.1,43.7
"1028549","USC00317079",66.5,44
"1028550","USC00317079",66.9,44.4
"1028551","USC00317079",67.2,44.7
"1028552","USC00317079",67.6,45
"1028553","USC00317079",68,45.3
"1028554","USC00317079",68.3,45.7
"1028555","USC00317079",68.7,46
"1028556","USC00317079",69.1,46.3
"1028557","USC00317079",69.4,46.7
"1028558","USC00317079",69.8,47
"1028559","USC00317079",70.2,47.3
"1028560","USC00317079",70.5,47.7
"1028561","USC00317079",70.9,48
"1028562","USC00317079",71.2,48.3
"1028563","USC00317079",71.6,48.6
"1028564","USC00317079",71.9,49
"1028565","USC00317079",72.2,49.3
"1028566","USC00317079",72.6,49.6
"1028567","USC00317079",72.9,49.9
"1028568","USC00317079",73.2,50.2
"1028569","USC00317079",73.5,50.6
"1028570","USC00317079",73.8,50.9
"1028571","USC00317079",74.1,51.2
"1028572","USC00317079",74.4,51.5
"1028573","USC00317079",74.7,51.8
"1028574","USC00317079",74.9,52.1
"1028575","USC00317079",75.2,52.4
"1028576","USC00317079",75.5,52.7
"1028577","USC00317079",75.7,53
"1028578","USC00317079",76,53.3
"1028579","USC00317079",76.2,53.6
"1028580","USC00317079",76.4,53.9
"1028581","USC00317079",76.7,54.2
"1028582","USC00317079",76.9,54.4
"1028583","USC00317079",77.1,54.7
"1028584","USC00317079",77.4,55
"1028585","USC00317079",77.6,55.3
"1028586","USC00317079",77.8,55.6
"1028587","USC00317079",78,55.9
"1028588","USC00317079",78.3,56.1
"1028589","USC00317079",78.5,56.4
"1028590","USC00317079",78.7,56.7
"1028591","USC00317079",79,57
"1028592","USC00317079",79.2,57.3
"1028593","USC00317079",79.4,57.5
"1028594","USC00317079",79.6,57.8
"1028595","USC00317079",79.9,58.1
"1028596","USC00317079",80.1,58.4
"1028597","USC00317079",80.4,58.7
"1028598","USC00317079",80.6,59
"1028599","USC00317079",80.9,59.2
"1028600","USC00317079",81.1,59.5
"1028601","USC00317079",81.4,59.8
"1028602","USC00317079",81.7,60.1
"1028603","USC00317079",81.9,60.4
"1028604","USC00317079",82.2,60.7
"1028605","USC00317079",82.5,61
"1028606","USC00317079",82.8,61.3
"1028607","USC00317079",83,61.6
"1028608","USC00317079",83.3,61.9
"1028609","USC00317079",83.6,62.2
"1028610","USC00317079",83.9,62.5
"1028611","USC00317079",84.2,62.8
"1028612","USC00317079",84.5,63
"1028613","USC00317079",84.8,63.3
"1028614","USC00317079",85.1,63.6
"1028615","USC00317079",85.4,63.9
"1028616","USC00317079",85.6,64.2
"1028617","USC00317079",85.9,64.5
"1028618","USC00317079",86.2,64.8
"1028619","USC00317079",86.5,65.1
"1028620","USC00317079",86.8,65.3
"1028621","USC00317079",87,65.6
"1028622","USC00317079",87.3,65.9
"1028623","USC00317079",87.6,66.1
"1028624","USC00317079",87.8,66.4
"1028625","USC00317079",88,66.6
"1028626","USC00317079",88.3,66.9
"1028627","USC00317079",88.5,67.1
"1028628","USC00317079",88.7,67.3
"1028629","USC00317079",88.9,67.6
"1028630","USC00317079",89.1,67.8
"1028631","USC00317079",89.3,68
"1028632","USC00317079",89.5,68.2
"1028633","USC00317079",89.7,68.4
"1028634","USC00317079",89.8,68.6
"1028635","USC00317079",90,68.8
"1028636","USC00317079",90.1,69
"1028637","USC00317079",90.2,69.1
"1028638","USC00317079",90.4,69.3
"1028639","USC00317079",90.5,69.4
"1028640","USC00317079",90.6,69.6
"1028641","USC00317079",90.7,69.7
"1028642","USC00317079",90.7,69.9
"1028643","USC00317079",90.8,70
"1028644","USC00317079",90.9,70.1
"1028645","USC00317079",90.9,70.2
"1028646","USC00317079",91,70.3
"1028647","USC00317079",91,70.4
"1028648","USC00317079",91,70.5
"1028649","USC00317079",91.1,70.6
"1028650","USC00317079",91.1,70.7
"1028651","USC00317079",91.1,70.7
"1028652","USC00317079",91.1,70.8
"1028653","USC00317079",91.1,70.9
"1028654","USC00317079",91.1,70.9
"1028655","USC00317079",91.1,71
"1028656","USC00317079",91.1,71
"1028657","USC00317079",91.1,71
"1028658","USC00317079",91.1,71.1
"1028659","USC00317079",91.1,71.1
"1028660","USC00317079",91.1,71.1
"1028661","USC00317079",91.1,71.2
"1028662","USC00317079",91,71.2
"1028663","USC00317079",91,71.2
"1028664","USC00317079",91,71.2
"1028665","USC00317079",91,71.2
"1028666","USC00317079",91,71.2
"1028667","USC00317079",90.9,71.2
"1028668","USC00317079",90.9,71.2
"1028669","USC00317079",90.9,71.2
"1028670","USC00317079",90.9,71.2
"1028671","USC00317079",90.8,71.2
"1028672","USC00317079",90.8,71.2
"1028673","USC00317079",90.7,71.1
"1028674","USC00317079",90.7,71.1
"1028675","USC00317079",90.7,71.1
"1028676","USC00317079",90.6,71
"1028677","USC00317079",90.6,71
"1028678","USC00317079",90.5,71
"1028679","USC00317079",90.5,70.9
"1028680","USC00317079",90.4,70.9
"1028681","USC00317079",90.3,70.8
"1028682","USC00317079",90.2,70.7
"1028683","USC00317079",90.2,70.7
"1028684","USC00317079",90.1,70.6
"1028685","USC00317079",90,70.5
"1028686","USC00317079",89.9,70.4
"1028687","USC00317079",89.8,70.3
"1028688","USC00317079",89.7,70.2
"1028689","USC00317079",89.6,70.1
"1028690","USC00317079",89.4,70
"1028691","USC00317079",89.3,69.9
"1028692","USC00317079",89.2,69.8
"1028693","USC00317079",89,69.7
"1028694","USC00317079",88.9,69.5
"1028695","USC00317079",88.7,69.4
"1028696","USC00317079",88.5,69.2
"1028697","USC00317079",88.4,69.1
"1028698","USC00317079",88.2,68.9
"1028699","USC00317079",88,68.8
"1028700","USC00317079",87.8,68.6
"1028701","USC00317079",87.6,68.4
"1028702","USC00317079",87.4,68.3
"1028703","USC00317079",87.2,68.1
"1028704","USC00317079",87,67.9
"1028705","USC00317079",86.8,67.7
"1028706","USC00317079",86.5,67.5
"1028707","USC00317079",86.3,67.3
"1028708","USC00317079",86.1,67.1
"1028709","USC00317079",85.9,66.9
"1028710","USC00317079",85.6,66.6
"1028711","USC00317079",85.4,66.4
"1028712","USC00317079",85.1,66.2
"1028713","USC00317079",84.9,65.9
"1028714","USC00317079",84.6,65.7
"1028715","USC00317079",84.4,65.4
"1028716","USC00317079",84.1,65.2
"1028717","USC00317079",83.9,64.9
"1028718","USC00317079",83.6,64.7
"1028719","USC00317079",83.3,64.4
"1028720","USC00317079",83.1,64.1
"1028721","USC00317079",82.8,63.8
"1028722","USC00317079",82.5,63.5
"1028723","USC00317079",82.3,63.2
"1028724","USC00317079",82,62.9
"1028725","USC00317079",81.7,62.6
"1028726","USC00317079",81.4,62.3
"1028727","USC00317079",81.1,61.9
"1028728","USC00317079",80.9,61.6
"1028729","USC00317079",80.6,61.3
"1028730","USC00317079",80.3,60.9
"1028731","USC00317079",80,60.5
"1028732","USC00317079",79.7,60.2
"1028733","USC00317079",79.4,59.8
"1028734","USC00317079",79,59.4
"1028735","USC00317079",78.7,59
"1028736","USC00317079",78.4,58.6
"1028737","USC00317079",78.1,58.2
"1028738","USC00317079",77.7,57.8
"1028739","USC00317079",77.4,57.4
"1028740","USC00317079",77.1,56.9
"1028741","USC00317079",76.7,56.5
"1028742","USC00317079",76.3,56.1
"1028743","USC00317079",76,55.6
"1028744","USC00317079",75.6,55.2
"1028745","USC00317079",75.2,54.7
"1028746","USC00317079",74.8,54.2
"1028747","USC00317079",74.4,53.7
"1028748","USC00317079",74,53.3
"1028749","USC00317079",73.6,52.8
"1028750","USC00317079",73.2,52.3
"1028751","USC00317079",72.8,51.8
"1028752","USC00317079",72.4,51.3
"1028753","USC00317079",71.9,50.8
"1028754","USC00317079",71.5,50.3
"1028755","USC00317079",71.1,49.8
"1028756","USC00317079",70.6,49.3
"1028757","USC00317079",70.2,48.8
"1028758","USC00317079",69.7,48.4
"1028759","USC00317079",69.3,47.9
"1028760","USC00317079",68.8,47.4
"1028761","USC00317079",68.4,46.9
"1028762","USC00317079",67.9,46.5
"1028763","USC00317079",67.5,46
"1028764","USC00317079",67.1,45.5
"1028765","USC00317079",66.6,45.1
"1028766","USC00317079",66.2,44.7
"1028767","USC00317079",65.8,44.2
"1028768","USC00317079",65.4,43.8
"1028769","USC00317079",64.9,43.4
"1028770","USC00317079",64.5,43
"1028771","USC00317079",64.1,42.7
"1028772","USC00317079",63.8,42.3
"1028773","USC00317079",63.4,41.9
"1028774","USC00317079",63,41.6
"1028775","USC00317079",62.6,41.3
"1028776","USC00317079",62.3,41
"1028777","USC00317079",62,40.7
"1028778","USC00317079",61.6,40.4
"1028779","USC00317079",61.3,40.1
"1028780","USC00317079",61,39.9
"1028781","USC00317079",60.7,39.7
"1028782","USC00317079",60.5,39.4
"1028783","USC00317079",60.2,39.2
"1028784","USC00317079",59.9,39.1
"1028785","USC00317079",59.7,38.9
"1028786","USC00317079",59.5,38.7
"1028787","USC00317079",59.3,38.6
"1028788","USC00317079",59,38.4
"1028789","USC00317079",58.8,38.3
"1028790","USC00317079",58.7,38.2
"1028791","USC00317079",58.5,38.1
"1028792","USC00317079",58.3,38
"1028793","USC00317079",58.1,37.9
"1028794","USC00317079",58,37.8
"1028795","USC00317079",57.8,37.7
"1028796","USC00317079",57.7,37.7
"1028797","USC00317079",57.5,37.6
"1028798","USC00317079",57.4,37.5
"1028799","USC00317079",57.2,37.5
"1028800","USC00317079",57.1,37.4
"1028801","USC00317079",57,37.3
"1028802","USC00317079",56.8,37.3
"1028803","USC00317079",56.7,37.2
"1028804","USC00317079",56.6,37.2
"1028805","USC00317079",56.4,37.1
"1028806","USC00317079",56.3,37
"1028807","USC00317079",56.2,37
"1028808","USC00317079",56,36.9
"1028809","USC00317079",55.9,36.8
"1028810","USC00317079",55.8,36.7
"1028811","USC00317079",55.6,36.6
"1028812","USC00317079",55.4,36.5
"1028813","USC00317079",55.3,36.4
"1028814","USC00317079",55.1,36.3
"1028815","USC00317079",55,36.2
"1028816","USC00317079",54.8,36.1
"1028817","USC00317079",54.6,35.9
"1028818","USC00317079",54.5,35.8
"1028819","USC00317079",54.3,35.6
"1028820","USC00317079",54.1,35.5
"1028821","USC00317079",53.9,35.3
"1028822","USC00317079",53.8,35.2
"1028823","USC00317079",53.6,35
"1028824","USC00317079",53.4,34.8
"1028825","USC00317079",53.2,34.6
"1028826","USC00317079",53.1,34.5
"1072381","USC00331785",38.3,24.2
"1072382","USC00331785",38.1,24
"1072383","USC00331785",38,23.8
"1072384","USC00331785",37.9,23.6
"1072385","USC00331785",37.7,23.3
"1072386","USC00331785",37.6,23.1
"1072387","USC00331785",37.5,22.9
"1072388","USC00331785",37.4,22.7
"1072389","USC00331785",37.3,22.5
"1072390","USC00331785",37.2,22.2
"1072391","USC00331785",37.1,22
"1072392","USC00331785",37,21.8
"1072393","USC00331785",37,21.6
"1072394","USC00331785",36.9,21.4
"1072395","USC00331785",36.8,21.2
"1072396","USC00331785",36.8,21
"1072397","USC00331785",36.7,20.8
"1072398","USC00331785",36.6,20.6
"1072399","USC00331785",36.6,20.5
"1072400","USC00331785",36.6,20.3
"1072401","USC00331785",36.5,20.2
"1072402","USC00331785",36.5,20
"1072403","USC00331785",36.5,19.9
"1072404","USC00331785",36.5,19.8
"1072405","USC00331785",36.5,19.7
"1072406","USC00331785",36.5,19.6
"1072407","USC00331785",36.5,19.6
"1072408","USC00331785",36.5,19.5
"1072409","USC00331785",36.6,19.5
"1072410","USC00331785",36.6,19.5
"1072411","USC00331785",36.7,19.5
"1072412","USC00331785",36.7,19.5
"1072413","USC00331785",36.8,19.5
"1072414","USC00331785",36.9,19.6
"1072415","USC00331785",37,19.7
"1072416","USC00331785",37.1,19.8
"1072417","USC00331785",37.2,19.9
"1072418","USC00331785",37.4,20
"1072419","USC00331785",37.5,20.2
"1072420","USC00331785",37.7,20.3
"1072421","USC00331785",37.9,20.5
"1072422","USC00331785",38.1,20.7
"1072423","USC00331785",38.3,20.9
"1072424","USC00331785",38.5,21.2
"1072425","USC00331785",38.7,21.4
"1072426","USC00331785",39,21.7
"1072427","USC00331785",39.2,22
"1072428","USC00331785",39.5,22.2
"1072429","USC00331785",39.8,22.6
"1072430","USC00331785",40.1,22.9
"1072431","USC00331785",40.4,23.2
"1072432","USC00331785",40.8,23.5
"1072433","USC00331785",41.1,23.9
"1072434","USC00331785",41.5,24.2
"1072435","USC00331785",41.8,24.6
"1072436","USC00331785",42.2,25
"1072437","USC00331785",42.6,25.3
"1072438","USC00331785",43,25.7
"1072439","USC00331785",43.4,26.1
"1072440","USC00331785",43.6,26.3
"1072441","USC00331785",43.8,26.5
"1072442","USC00331785",44.3,26.9
"1072443","USC00331785",44.7,27.2
"1072444","USC00331785",45.2,27.6
"1072445","USC00331785",45.6,28
"1072446","USC00331785",46.1,28.4
"1072447","USC00331785",46.6,28.8
"1072448","USC00331785",47,29.2
"1072449","USC00331785",47.5,29.5
"1072450","USC00331785",48,29.9
"1072451","USC00331785",48.5,30.3
"1072452","USC00331785",49,30.6
"1072453","USC00331785",49.5,31
"1072454","USC00331785",49.9,31.3
"1072455","USC00331785",50.4,31.7
"1072456","USC00331785",50.9,32
"1072457","USC00331785",51.4,32.3
"1072458","USC00331785",51.9,32.7
"1072459","USC00331785",52.4,33
"1072460","USC00331785",52.9,33.3
"1072461","USC00331785",53.3,33.6
"1072462","USC00331785",53.8,33.9
"1072463","USC00331785",54.3,34.2
"1072464","USC00331785",54.8,34.5
"1072465","USC00331785",55.2,34.8
"1072466","USC00331785",55.7,35.1
"1072467","USC00331785",56.2,35.4
"1072468","USC00331785",56.6,35.6
"1072469","USC00331785",57.1,35.9
"1072470","USC00331785",57.5,36.2
"1072471","USC00331785",57.9,36.5
"1072472","USC00331785",58.4,36.7
"1072473","USC00331785",58.8,37
"1072474","USC00331785",59.2,37.3
"1072475","USC00331785",59.6,37.6
"1072476","USC00331785",60,37.8
"1072477","USC00331785",60.5,38.1
"1072478","USC00331785",60.9,38.4
"1072479","USC00331785",61.3,38.7
"1072480","USC00331785",61.7,39
"1072481","USC00331785",62.1,39.3
"1072482","USC00331785",62.4,39.6
"1072483","USC00331785",62.8,39.9
"1072484","USC00331785",63.2,40.2
"1072485","USC00331785",63.6,40.5
"1072486","USC00331785",64,40.8
"1072487","USC00331785",64.4,41.1
"1072488","USC00331785",64.7,41.5
"1072489","USC00331785",65.1,41.8
"1072490","USC00331785",65.5,42.2
"1072491","USC00331785",65.9,42.5
"1072492","USC00331785",66.2,42.9
"1072493","USC00331785",66.6,43.2
"1072494","USC00331785",67,43.6
"1072495","USC00331785",67.3,44
"1072496","USC00331785",67.7,44.4
"1072497","USC00331785",68.1,44.8
"1072498","USC00331785",68.5,45.2
"1072499","USC00331785",68.8,45.6
"1072500","USC00331785",69.2,46
"1072501","USC00331785",69.6,46.4
"1072502","USC00331785",69.9,46.8
"1072503","USC00331785",70.3,47.2
"1072504","USC00331785",70.6,47.6
"1072505","USC00331785",71,48
"1072506","USC00331785",71.4,48.5
"1072507","USC00331785",71.7,48.9
"1072508","USC00331785",72.1,49.3
"1072509","USC00331785",72.4,49.7
"1072510","USC00331785",72.8,50.1
"1072511","USC00331785",73.1,50.5
"1072512","USC00331785",73.5,50.9
"1072513","USC00331785",73.8,51.4
"1072514","USC00331785",74.2,51.8
"1072515","USC00331785",74.5,52.2
"1072516","USC00331785",74.8,52.5
"1072517","USC00331785",75.2,52.9
"1072518","USC00331785",75.5,53.3
"1072519","USC00331785",75.8,53.7
"1072520","USC00331785",76.1,54.1
"1072521","USC00331785",76.4,54.4
"1072522","USC00331785",76.7,54.8
"1072523","USC00331785",77,55.1
"1072524","USC00331785",77.3,55.4
"1072525","USC00331785",77.6,55.8
"1072526","USC00331785",77.9,56.1
"1072527","USC00331785",78.2,56.4
"1072528","USC00331785",78.5,56.7
"1072529","USC00331785",78.7,57
"1072530","USC00331785",79,57.3
"1072531","USC00331785",79.2,57.5
"1072532","USC00331785",79.5,57.8
"1072533","USC00331785",79.7,58.1
"1072534","USC00331785",79.9,58.3
"1072535","USC00331785",80.2,58.6
"1072536","USC00331785",80.4,58.8
"1072537","USC00331785",80.6,59
"1072538","USC00331785",80.8,59.2
"1072539","USC00331785",81,59.4
"1072540","USC00331785",81.2,59.6
"1072541","USC00331785",81.4,59.8
"1072542","USC00331785",81.6,60
"1072543","USC00331785",81.7,60.2
"1072544","USC00331785",81.9,60.4
"1072545","USC00331785",82.1,60.6
"1072546","USC00331785",82.2,60.7
"1072547","USC00331785",82.4,60.9
"1072548","USC00331785",82.6,61
"1072549","USC00331785",82.7,61.2
"1072550","USC00331785",82.8,61.3
"1072551","USC00331785",83,61.5
"1072552","USC00331785",83.1,61.6
"1072553","USC00331785",83.2,61.8
"1072554","USC00331785",83.4,61.9
"1072555","USC00331785",83.5,62
"1072556","USC00331785",83.6,62.2
"1072557","USC00331785",83.7,62.3
"1072558","USC00331785",83.8,62.4
"1072559","USC00331785",84,62.6
"1072560","USC00331785",84.1,62.7
"1072561","USC00331785",84.2,62.8
"1072562","USC00331785",84.3,62.9
"1072563","USC00331785",84.4,63.1
"1072564","USC00331785",84.4,63.2
"1072565","USC00331785",84.5,63.3
"1072566","USC00331785",84.6,63.4
"1072567","USC00331785",84.7,63.5
"1072568","USC00331785",84.8,63.6
"1072569","USC00331785",84.8,63.7
"1072570","USC00331785",84.9,63.8
"1072571","USC00331785",85,63.9
"1072572","USC00331785",85,64
"1072573","USC00331785",85.1,64.1
"1072574","USC00331785",85.2,64.2
"1072575","USC00331785",85.2,64.3
"1072576","USC00331785",85.3,64.4
"1072577","USC00331785",85.3,64.4
"1072578","USC00331785",85.4,64.5
"1072579","USC00331785",85.4,64.6
"1072580","USC00331785",85.4,64.6
"1072581","USC00331785",85.5,64.7
"1072582","USC00331785",85.5,64.7
"1072583","USC00331785",85.5,64.8
"1072584","USC00331785",85.5,64.8
"1072585","USC00331785",85.5,64.8
"1072586","USC00331785",85.5,64.9
"1072587","USC00331785",85.6,64.9
"1072588","USC00331785",85.6,64.9
"1072589","USC00331785",85.6,64.9
"1072590","USC00331785",85.5,64.9
"1072591","USC00331785",85.5,64.9
"1072592","USC00331785",85.5,64.9
"1072593","USC00331785",85.5,64.8
"1072594","USC00331785",85.5,64.8
"1072595","USC00331785",85.5,64.7
"1072596","USC00331785",85.4,64.7
"1072597","USC00331785",85.4,64.6
"1072598","USC00331785",85.4,64.6
"1072599","USC00331785",85.3,64.5
"1072600","USC00331785",85.3,64.4
"1072601","USC00331785",85.2,64.3
"1072602","USC00331785",85.2,64.2
"1072603","USC00331785",85.1,64.1
"1072604","USC00331785",85.1,64
"1072605","USC00331785",85,63.9
"1072606","USC00331785",84.9,63.7
"1072607","USC00331785",84.9,63.6
"1072608","USC00331785",84.8,63.4
"1072609","USC00331785",84.7,63.3
"1072610","USC00331785",84.6,63.1
"1072611","USC00331785",84.5,63
"1072612","USC00331785",84.4,62.8
"1072613","USC00331785",84.3,62.6
"1072614","USC00331785",84.2,62.4
"1072615","USC00331785",84.1,62.2
"1072616","USC00331785",84,62
"1072617","USC00331785",83.9,61.8
"1072618","USC00331785",83.7,61.6
"1072619","USC00331785",83.6,61.4
"1072620","USC00331785",83.4,61.1
"1072621","USC00331785",83.3,60.9
"1072622","USC00331785",83.1,60.7
"1072623","USC00331785",82.9,60.4
"1072624","USC00331785",82.8,60.2
"1072625","USC00331785",82.6,59.9
"1072626","USC00331785",82.4,59.7
"1072627","USC00331785",82.2,59.4
"1072628","USC00331785",82,59.2
"1072629","USC00331785",81.8,58.9
"1072630","USC00331785",81.5,58.6
"1072631","USC00331785",81.3,58.3
"1072632","USC00331785",81,58
"1072633","USC00331785",80.8,57.8
"1072634","USC00331785",80.5,57.5
"1072635","USC00331785",80.2,57.2
"1072636","USC00331785",79.9,56.9
"1072637","USC00331785",79.6,56.6
"1072638","USC00331785",79.3,56.2
"1072639","USC00331785",79,55.9
"1072640","USC00331785",78.7,55.6
"1072641","USC00331785",78.3,55.3
"1072642","USC00331785",78,55
"1072643","USC00331785",77.6,54.6
"1072644","USC00331785",77.3,54.3
"1072645","USC00331785",76.9,53.9
"1072646","USC00331785",76.5,53.6
"1072647","USC00331785",76.1,53.2
"1072648","USC00331785",75.7,52.9
"1072649","USC00331785",75.3,52.5
"1072650","USC00331785",74.9,52.2
"1072651","USC00331785",74.5,51.8
"1072652","USC00331785",74.1,51.4
"1072653","USC00331785",73.6,51
"1072654","USC00331785",73.2,50.7
"1072655","USC00331785",72.8,50.3
"1072656","USC00331785",72.3,49.9
"1072657","USC00331785",71.9,49.5
"1072658","USC00331785",71.4,49.1
"1072659","USC00331785",70.9,48.7
"1072660","USC00331785",70.5,48.3
"1072661","USC00331785",70,47.9
"1072662","USC00331785",69.5,47.5
"1072663","USC00331785",69.1,47.1
"1072664","USC00331785",68.6,46.7
"1072665","USC00331785",68.1,46.2
"1072666","USC00331785",67.7,45.8
"1072667","USC00331785",67.2,45.4
"1072668","USC00331785",66.7,45
"1072669","USC00331785",66.2,44.6
"1072670","USC00331785",65.8,44.1
"1072671","USC00331785",65.3,43.7
"1072672","USC00331785",64.8,43.3
"1072673","USC00331785",64.4,42.8
"1072674","USC00331785",63.9,42.4
"1072675","USC00331785",63.4,42
"1072676","USC00331785",63,41.6
"1072677","USC00331785",62.5,41.1
"1072678","USC00331785",62.1,40.7
"1072679","USC00331785",61.6,40.3
"1072680","USC00331785",61.1,39.9
"1072681","USC00331785",60.7,39.5
"1072682","USC00331785",60.2,39
"1072683","USC00331785",59.8,38.6
"1072684","USC00331785",59.4,38.2
"1072685","USC00331785",58.9,37.8
"1072686","USC00331785",58.5,37.4
"1072687","USC00331785",58,37
"1072688","USC00331785",57.6,36.7
"1072689","USC00331785",57.2,36.3
"1072690","USC00331785",56.7,35.9
"1072691","USC00331785",56.3,35.5
"1072692","USC00331785",55.9,35.2
"1072693","USC00331785",55.5,34.8
"1072694","USC00331785",55,34.5
"1072695","USC00331785",54.6,34.2
"1072696","USC00331785",54.2,33.8
"1072697","USC00331785",53.8,33.5
"1072698","USC00331785",53.4,33.2
"1072699","USC00331785",52.9,32.9
"1072700","USC00331785",52.5,32.6
"1072701","USC00331785",52.1,32.3
"1072702","USC00331785",51.7,32.1
"1072703","USC00331785",51.3,31.8
"1072704","USC00331785",50.9,31.5
"1072705","USC00331785",50.5,31.3
"1072706","USC00331785",50.1,31.1
"1072707","USC00331785",49.7,30.8
"1072708","USC00331785",49.3,30.6
"1072709","USC00331785",48.9,30.4
"1072710","USC00331785",48.5,30.2
"1072711","USC00331785",48.1,30
"1072712","USC00331785",47.7,29.8
"1072713","USC00331785",47.4,29.6
"1072714","USC00331785",47,29.5
"1072715","USC00331785",46.6,29.3
"1072716","USC00331785",46.3,29.1
"1072717","USC00331785",45.9,29
"1072718","USC00331785",45.5,28.8
"1072719","USC00331785",45.2,28.7
"1072720","USC00331785",44.8,28.5
"1072721","USC00331785",44.5,28.4
"1072722","USC00331785",44.2,28.2
"1072723","USC00331785",43.8,28.1
"1072724","USC00331785",43.5,28
"1072725","USC00331785",43.2,27.8
"1072726","USC00331785",42.9,27.7
"1072727","USC00331785",42.6,27.5
"1072728","USC00331785",42.3,27.4
"1072729","USC00331785",42,27.3
"1072730","USC00331785",41.8,27.1
"1072731","USC00331785",41.5,27
"1072732","USC00331785",41.2,26.8
"1072733","USC00331785",41,26.7
"1072734","USC00331785",40.7,26.6
"1072735","USC00331785",40.5,26.4
"1072736","USC00331785",40.3,26.2
"1072737","USC00331785",40.1,26.1
"1072738","USC00331785",39.8,25.9
"1072739","USC00331785",39.6,25.7
"1072740","USC00331785",39.4,25.6
"1072741","USC00331785",39.3,25.4
"1072742","USC00331785",39.1,25.2
"1072743","USC00331785",38.9,25
"1072744","USC00331785",38.7,24.8
"1072745","USC00331785",38.6,24.6
"1072746","USC00331785",38.4,24.4
"1149973","USC00353770",43.7,34.3
"1149974","USC00353770",43.8,34.4
"1149975","USC00353770",43.9,34.5
"1149976","USC00353770",44.1,34.6
"1149977","USC00353770",44.2,34.7
"1149978","USC00353770",44.3,34.7
"1149979","USC00353770",44.4,34.8
"1149980","USC00353770",44.4,34.9
"1149981","USC00353770",44.5,35
"1149982","USC00353770",44.6,35.1
"1149983","USC00353770",44.7,35.1
"1149984","USC00353770",44.7,35.2
"1149985","USC00353770",44.8,35.3
"1149986","USC00353770",44.8,35.4
"1149987","USC00353770",44.9,35.4
"1149988","USC00353770",44.9,35.5
"1149989","USC00353770",44.9,35.5
"1149990","USC00353770",45,35.6
"1149991","USC00353770",45,35.6
"1149992","USC00353770",45,35.7
"1149993","USC00353770",45,35.7
"1149994","USC00353770",45,35.7
"1149995","USC00353770",45,35.7
"1149996","USC00353770",45,35.7
"1149997","USC00353770",45,35.7
"1149998","USC00353770",45,35.8
"1149999","USC00353770",45,35.7
"1150000","USC00353770",45,35.7
"1150001","USC00353770",45,35.7
"1150002","USC00353770",45,35.7
"1150003","USC00353770",45,35.7
"1150004","USC00353770",45.1,35.7
"1150005","USC00353770",45.1,35.6
"1150006","USC00353770",45.1,35.6
"1150007","USC00353770",45.2,35.6
"1150008","USC00353770",45.2,35.6
"1150009","USC00353770",45.3,35.5
"1150010","USC00353770",45.3,35.5
"1150011","USC00353770",45.4,35.5
"1150012","USC00353770",45.5,35.5
"1150013","USC00353770",45.6,35.4
"1150014","USC00353770",45.7,35.4
"1150015","USC00353770",45.8,35.4
"1150016","USC00353770",45.9,35.4
"1150017","USC00353770",46.1,35.4
"1150018","USC00353770",46.2,35.4
"1150019","USC00353770",46.4,35.4
"1150020","USC00353770",46.5,35.4
"1150021","USC00353770",46.7,35.4
"1150022","USC00353770",46.9,35.4
"1150023","USC00353770",47,35.4
"1150024","USC00353770",47.2,35.4
"1150025","USC00353770",47.4,35.5
"1150026","USC00353770",47.6,35.5
"1150027","USC00353770",47.8,35.5
"1150028","USC00353770",48,35.6
"1150029","USC00353770",48.2,35.6
"1150030","USC00353770",48.4,35.7
"1150031","USC00353770",48.6,35.8
"1150032","USC00353770",48.7,35.8
"1150033","USC00353770",48.8,35.8
"1150034","USC00353770",49,35.9
"1150035","USC00353770",49.2,36
"1150036","USC00353770",49.4,36.1
"1150037","USC00353770",49.6,36.1
"1150038","USC00353770",49.8,36.2
"1150039","USC00353770",50,36.3
"1150040","USC00353770",50.2,36.4
"1150041","USC00353770",50.4,36.5
"1150042","USC00353770",50.5,36.6
"1150043","USC00353770",50.7,36.7
"1150044","USC00353770",50.9,36.8
"1150045","USC00353770",51,36.9
"1150046","USC00353770",51.2,37
"1150047","USC00353770",51.3,37.1
"1150048","USC00353770",51.5,37.2
"1150049","USC00353770",51.6,37.3
"1150050","USC00353770",51.7,37.4
"1150051","USC00353770",51.8,37.5
"1150052","USC00353770",52,37.6
"1150053","USC00353770",52.1,37.7
"1150054","USC00353770",52.2,37.8
"1150055","USC00353770",52.3,37.9
"1150056","USC00353770",52.4,38
"1150057","USC00353770",52.5,38.1
"1150058","USC00353770",52.7,38.2
"1150059","USC00353770",52.8,38.3
"1150060","USC00353770",52.9,38.4
"1150061","USC00353770",53,38.4
"1150062","USC00353770",53.2,38.5
"1150063","USC00353770",53.3,38.6
"1150064","USC00353770",53.4,38.7
"1150065","USC00353770",53.6,38.8
"1150066","USC00353770",53.7,38.9
"1150067","USC00353770",53.9,39
"1150068","USC00353770",54.1,39.1
"1150069","USC00353770",54.2,39.2
"1150070","USC00353770",54.4,39.3
"1150071","USC00353770",54.6,39.4
"1150072","USC00353770",54.8,39.5
"1150073","USC00353770",55,39.7
"1150074","USC00353770",55.3,39.8
"1150075","USC00353770",55.5,39.9
"1150076","USC00353770",55.8,40
"1150077","USC00353770",56,40.1
"1150078","USC00353770",56.3,40.3
"1150079","USC00353770",56.6,40.4
"1150080","USC00353770",56.8,40.6
"1150081","USC00353770",57.1,40.7
"1150082","USC00353770",57.4,40.9
"1150083","USC00353770",57.7,41
"1150084","USC00353770",58,41.2
"1150085","USC00353770",58.4,41.3
"1150086","USC00353770",58.7,41.5
"1150087","USC00353770",59,41.7
"1150088","USC00353770",59.3,41.9
"1150089","USC00353770",59.6,42
"1150090","USC00353770",59.9,42.2
"1150091","USC00353770",60.3,42.4
"1150092","USC00353770",60.6,42.6
"1150093","USC00353770",60.9,42.8
"1150094","USC00353770",61.2,43
"1150095","USC00353770",61.5,43.2
"1150096","USC00353770",61.8,43.4
"1150097","USC00353770",62.1,43.6
"1150098","USC00353770",62.4,43.8
"1150099","USC00353770",62.6,44
"1150100","USC00353770",62.9,44.2
"1150101","USC00353770",63.1,44.4
"1150102","USC00353770",63.4,44.6
"1150103","USC00353770",63.6,44.8
"1150104","USC00353770",63.8,45
"1150105","USC00353770",64,45.2
"1150106","USC00353770",64.2,45.4
"1150107","USC00353770",64.4,45.6
"1150108","USC00353770",64.5,45.7
"1150109","USC00353770",64.7,45.9
"1150110","USC00353770",64.8,46.1
"1150111","USC00353770",65,46.3
"1150112","USC00353770",65.1,46.4
"1150113","USC00353770",65.2,46.6
"1150114","USC00353770",65.3,46.8
"1150115","USC00353770",65.4,46.9
"1150116","USC00353770",65.5,47.1
"1150117","USC00353770",65.6,47.2
"1150118","USC00353770",65.7,47.4
"1150119","USC00353770",65.8,47.5
"1150120","USC00353770",65.8,47.7
"1150121","USC00353770",65.9,47.8
"1150122","USC00353770",66,47.9
"1150123","USC00353770",66.1,48.1
"1150124","USC00353770",66.1,48.2
"1150125","USC00353770",66.2,48.3
"1150126","USC00353770",66.3,48.5
"1150127","USC00353770",66.4,48.6
"1150128","USC00353770",66.5,48.7
"1150129","USC00353770",66.6,48.8
"1150130","USC00353770",66.7,49
"1150131","USC00353770",66.8,49.1
"1150132","USC00353770",67,49.2
"1150133","USC00353770",67.1,49.3
"1150134","USC00353770",67.3,49.4
"1150135","USC00353770",67.4,49.6
"1150136","USC00353770",67.6,49.7
"1150137","USC00353770",67.8,49.8
"1150138","USC00353770",68,49.9
"1150139","USC00353770",68.2,50.1
"1150140","USC00353770",68.4,50.2
"1150141","USC00353770",68.7,50.3
"1150142","USC00353770",68.9,50.5
"1150143","USC00353770",69.2,50.6
"1150144","USC00353770",69.4,50.8
"1150145","USC00353770",69.7,50.9
"1150146","USC00353770",70,51
"1150147","USC00353770",70.3,51.2
"1150148","USC00353770",70.6,51.3
"1150149","USC00353770",70.9,51.5
"1150150","USC00353770",71.2,51.6
"1150151","USC00353770",71.5,51.8
"1150152","USC00353770",71.8,51.9
"1150153","USC00353770",72.1,52.1
"1150154","USC00353770",72.4,52.2
"1150155","USC00353770",72.7,52.4
"1150156","USC00353770",73,52.5
"1150157","USC00353770",73.3,52.7
"1150158","USC00353770",73.6,52.8
"1150159","USC00353770",73.9,53
"1150160","USC00353770",74.2,53.1
"1150161","USC00353770",74.5,53.3
"1150162","USC00353770",74.8,53.4
"1150163","USC00353770",75.1,53.6
"1150164","USC00353770",75.3,53.7
"1150165","USC00353770",75.6,53.8
"1150166","USC00353770",75.8,54
"1150167","USC00353770",76.1,54.1
"1150168","USC00353770",76.3,54.2
"1150169","USC00353770",76.5,54.3
"1150170","USC00353770",76.7,54.4
"1150171","USC00353770",76.8,54.5
"1150172","USC00353770",77,54.6
"1150173","USC00353770",77.2,54.7
"1150174","USC00353770",77.3,54.8
"1150175","USC00353770",77.4,54.9
"1150176","USC00353770",77.6,54.9
"1150177","USC00353770",77.7,55
"1150178","USC00353770",77.8,55
"1150179","USC00353770",77.8,55.1
"1150180","USC00353770",77.9,55.1
"1150181","USC00353770",78,55.2
"1150182","USC00353770",78,55.2
"1150183","USC00353770",78.1,55.2
"1150184","USC00353770",78.1,55.3
"1150185","USC00353770",78.1,55.3
"1150186","USC00353770",78.1,55.3
"1150187","USC00353770",78.1,55.3
"1150188","USC00353770",78.1,55.3
"1150189","USC00353770",78.1,55.3
"1150190","USC00353770",78.1,55.3
"1150191","USC00353770",78.1,55.3
"1150192","USC00353770",78.1,55.3
"1150193","USC00353770",78,55.3
"1150194","USC00353770",78,55.2
"1150195","USC00353770",78,55.2
"1150196","USC00353770",77.9,55.2
"1150197","USC00353770",77.9,55.2
"1150198","USC00353770",77.8,55.1
"1150199","USC00353770",77.8,55.1
"1150200","USC00353770",77.7,55.1
"1150201","USC00353770",77.6,55
"1150202","USC00353770",77.5,55
"1150203","USC00353770",77.5,54.9
"1150204","USC00353770",77.4,54.9
"1150205","USC00353770",77.3,54.8
"1150206","USC00353770",77.2,54.8
"1150207","USC00353770",77.1,54.7
"1150208","USC00353770",77,54.7
"1150209","USC00353770",76.9,54.6
"1150210","USC00353770",76.8,54.5
"1150211","USC00353770",76.6,54.4
"1150212","USC00353770",76.5,54.4
"1150213","USC00353770",76.3,54.3
"1150214","USC00353770",76.2,54.2
"1150215","USC00353770",76,54.1
"1150216","USC00353770",75.8,54
"1150217","USC00353770",75.6,53.9
"1150218","USC00353770",75.4,53.8
"1150219","USC00353770",75.2,53.7
"1150220","USC00353770",75,53.6
"1150221","USC00353770",74.7,53.5
"1150222","USC00353770",74.5,53.4
"1150223","USC00353770",74.2,53.2
"1150224","USC00353770",73.9,53.1
"1150225","USC00353770",73.6,53
"1150226","USC00353770",73.3,52.8
"1150227","USC00353770",73,52.7
"1150228","USC00353770",72.7,52.5
"1150229","USC00353770",72.3,52.3
"1150230","USC00353770",72,52.2
"1150231","USC00353770",71.6,52
"1150232","USC00353770",71.2,51.8
"1150233","USC00353770",70.9,51.6
"1150234","USC00353770",70.5,51.4
"1150235","USC00353770",70.1,51.2
"1150236","USC00353770",69.7,51
"1150237","USC00353770",69.3,50.8
"1150238","USC00353770",68.8,50.6
"1150239","USC00353770",68.4,50.4
"1150240","USC00353770",68,50.2
"1150241","USC00353770",67.6,49.9
"1150242","USC00353770",67.2,49.7
"1150243","USC00353770",66.7,49.5
"1150244","USC00353770",66.3,49.3
"1150245","USC00353770",65.9,49
"1150246","USC00353770",65.4,48.8
"1150247","USC00353770",65,48.6
"1150248","USC00353770",64.6,48.4
"1150249","USC00353770",64.2,48.1
"1150250","USC00353770",63.8,47.9
"1150251","USC00353770",63.4,47.7
"1150252","USC00353770",63,47.4
"1150253","USC00353770",62.6,47.2
"1150254","USC00353770",62.2,47
"1150255","USC00353770",61.8,46.8
"1150256","USC00353770",61.5,46.6
"1150257","USC00353770",61.1,46.4
"1150258","USC00353770",60.7,46.2
"1150259","USC00353770",60.4,46
"1150260","USC00353770",60,45.8
"1150261","USC00353770",59.7,45.6
"1150262","USC00353770",59.4,45.4
"1150263","USC00353770",59.1,45.2
"1150264","USC00353770",58.7,45
"1150265","USC00353770",58.4,44.8
"1150266","USC00353770",58.1,44.6
"1150267","USC00353770",57.8,44.5
"1150268","USC00353770",57.5,44.3
"1150269","USC00353770",57.2,44.1
"1150270","USC00353770",56.9,44
"1150271","USC00353770",56.6,43.8
"1150272","USC00353770",56.4,43.6
"1150273","USC00353770",56.1,43.5
"1150274","USC00353770",55.8,43.3
"1150275","USC00353770",55.5,43.1
"1150276","USC00353770",55.2,43
"1150277","USC00353770",54.9,42.8
"1150278","USC00353770",54.6,42.6
"1150279","USC00353770",54.3,42.5
"1150280","USC00353770",54,42.3
"1150281","USC00353770",53.6,42.1
"1150282","USC00353770",53.3,42
"1150283","USC00353770",53,41.8
"1150284","USC00353770",52.7,41.6
"1150285","USC00353770",52.3,41.4
"1150286","USC00353770",52,41.2
"1150287","USC00353770",51.7,41
"1150288","USC00353770",51.3,40.8
"1150289","USC00353770",51,40.6
"1150290","USC00353770",50.6,40.4
"1150291","USC00353770",50.3,40.2
"1150292","USC00353770",49.9,40
"1150293","USC00353770",49.5,39.8
"1150294","USC00353770",49.2,39.6
"1150295","USC00353770",48.8,39.4
"1150296","USC00353770",48.5,39.1
"1150297","USC00353770",48.1,38.9
"1150298","USC00353770",47.7,38.7
"1150299","USC00353770",47.4,38.4
"1150300","USC00353770",47,38.2
"1150301","USC00353770",46.7,38
"1150302","USC00353770",46.4,37.8
"1150303","USC00353770",46,37.5
"1150304","USC00353770",45.7,37.3
"1150305","USC00353770",45.4,37.1
"1150306","USC00353770",45.1,36.9
"1150307","USC00353770",44.8,36.6
"1150308","USC00353770",44.6,36.4
"1150309","USC00353770",44.3,36.2
"1150310","USC00353770",44.1,36
"1150311","USC00353770",43.9,35.8
"1150312","USC00353770",43.6,35.6
"1150313","USC00353770",43.5,35.4
"1150314","USC00353770",43.3,35.3
"1150315","USC00353770",43.1,35.1
"1150316","USC00353770",43,34.9
"1150317","USC00353770",42.9,34.8
"1150318","USC00353770",42.8,34.7
"1150319","USC00353770",42.7,34.5
"1150320","USC00353770",42.6,34.4
"1150321","USC00353770",42.6,34.3
"1150322","USC00353770",42.5,34.2
"1150323","USC00353770",42.5,34.2
"1150324","USC00353770",42.5,34.1
"1150325","USC00353770",42.5,34
"1150326","USC00353770",42.6,34
"1150327","USC00353770",42.6,34
"1150328","USC00353770",42.7,33.9
"1150329","USC00353770",42.7,33.9
"1150330","USC00353770",42.8,33.9
"1150331","USC00353770",42.9,34
"1150332","USC00353770",43,34
"1150333","USC00353770",43.1,34
"1150334","USC00353770",43.2,34
"1150335","USC00353770",43.3,34.1
"1150336","USC00353770",43.4,34.1
"1150337","USC00353770",43.5,34.2
"1150338","USC00353770",43.6,34.3
"1309915","USC00405956",50.2,31.4
"1309916","USC00405956",50.1,31.2
"1309917","USC00405956",50,31.1
"1309918","USC00405956",49.9,30.9
"1309919","USC00405956",49.8,30.8
"1309920","USC00405956",49.7,30.6
"1309921","USC00405956",49.7,30.5
"1309922","USC00405956",49.6,30.3
"1309923","USC00405956",49.5,30.2
"1309924","USC00405956",49.5,30.1
"1309925","USC00405956",49.5,30
"1309926","USC00405956",49.4,29.8
"1309927","USC00405956",49.4,29.7
"1309928","USC00405956",49.4,29.6
"1309929","USC00405956",49.4,29.5
"1309930","USC00405956",49.4,29.5
"1309931","USC00405956",49.4,29.4
"1309932","USC00405956",49.4,29.3
"1309933","USC00405956",49.4,29.3
"1309934","USC00405956",49.5,29.2
"1309935","USC00405956",49.5,29.2
"1309936","USC00405956",49.5,29.1
"1309937","USC00405956",49.6,29.1
"1309938","USC00405956",49.7,29.1
"1309939","USC00405956",49.7,29.1
"1309940","USC00405956",49.8,29.2
"1309941","USC00405956",49.9,29.2
"1309942","USC00405956",50,29.2
"1309943","USC00405956",50.1,29.3
"1309944","USC00405956",50.2,29.4
"1309945","USC00405956",50.3,29.4
"1309946","USC00405956",50.5,29.5
"1309947","USC00405956",50.6,29.6
"1309948","USC00405956",50.8,29.8
"1309949","USC00405956",50.9,29.9
"1309950","USC00405956",51.1,30
"1309951","USC00405956",51.3,30.2
"1309952","USC00405956",51.4,30.4
"1309953","USC00405956",51.6,30.5
"1309954","USC00405956",51.8,30.7
"1309955","USC00405956",52.1,30.9
"1309956","USC00405956",52.3,31.2
"1309957","USC00405956",52.5,31.4
"1309958","USC00405956",52.8,31.6
"1309959","USC00405956",53,31.9
"1309960","USC00405956",53.3,32.1
"1309961","USC00405956",53.6,32.4
"1309962","USC00405956",53.9,32.7
"1309963","USC00405956",54.2,33
"1309964","USC00405956",54.5,33.2
"1309965","USC00405956",54.8,33.5
"1309966","USC00405956",55.1,33.9
"1309967","USC00405956",55.5,34.2
"1309968","USC00405956",55.8,34.5
"1309969","USC00405956",56.2,34.8
"1309970","USC00405956",56.6,35.1
"1309971","USC00405956",56.9,35.5
"1309972","USC00405956",57.3,35.8
"1309973","USC00405956",57.7,36.1
"1309974","USC00405956",57.9,36.3
"1309975","USC00405956",58.1,36.5
"1309976","USC00405956",58.5,36.8
"1309977","USC00405956",58.9,37.2
"1309978","USC00405956",59.3,37.5
"1309979","USC00405956",59.7,37.8
"1309980","USC00405956",60.2,38.2
"1309981","USC00405956",60.6,38.5
"1309982","USC00405956",61,38.8
"1309983","USC00405956",61.4,39.2
"1309984","USC00405956",61.9,39.5
"1309985","USC00405956",62.3,39.8
"1309986","USC00405956",62.7,40.1
"1309987","USC00405956",63.1,40.5
"1309988","USC00405956",63.6,40.8
"1309989","USC00405956",64,41.1
"1309990","USC00405956",64.4,41.4
"1309991","USC00405956",64.8,41.7
"1309992","USC00405956",65.2,42
"1309993","USC00405956",65.6,42.3
"1309994","USC00405956",66,42.5
"1309995","USC00405956",66.4,42.8
"1309996","USC00405956",66.7,43.1
"1309997","USC00405956",67.1,43.4
"1309998","USC00405956",67.4,43.6
"1309999","USC00405956",67.8,43.9
"1310000","USC00405956",68.1,44.1
"1310001","USC00405956",68.5,44.4
"1310002","USC00405956",68.8,44.6
"1310003","USC00405956",69.1,44.9
"1310004","USC00405956",69.4,45.1
"1310005","USC00405956",69.7,45.3
"1310006","USC00405956",69.9,45.6
"1310007","USC00405956",70.2,45.8
"1310008","USC00405956",70.5,46
"1310009","USC00405956",70.7,46.2
"1310010","USC00405956",71,46.5
"1310011","USC00405956",71.2,46.7
"1310012","USC00405956",71.4,46.9
"1310013","USC00405956",71.7,47.2
"1310014","USC00405956",71.9,47.4
"1310015","USC00405956",72.1,47.6
"1310016","USC00405956",72.3,47.9
"1310017","USC00405956",72.5,48.1
"1310018","USC00405956",72.7,48.4
"1310019","USC00405956",72.9,48.6
"1310020","USC00405956",73.1,48.9
"1310021","USC00405956",73.3,49.1
"1310022","USC00405956",73.5,49.4
"1310023","USC00405956",73.7,49.7
"1310024","USC00405956",73.9,50
"1310025","USC00405956",74.1,50.2
"1310026","USC00405956",74.3,50.5
"1310027","USC00405956",74.5,50.8
"1310028","USC00405956",74.7,51.1
"1310029","USC00405956",75,51.5
"1310030","USC00405956",75.2,51.8
"1310031","USC00405956",75.4,52.1
"1310032","USC00405956",75.7,52.4
"1310033","USC00405956",75.9,52.8
"1310034","USC00405956",76.2,53.1
"1310035","USC00405956",76.4,53.5
"1310036","USC00405956",76.7,53.9
"1310037","USC00405956",77,54.2
"1310038","USC00405956",77.3,54.6
"1310039","USC00405956",77.5,55
"1310040","USC00405956",77.9,55.4
"1310041","USC00405956",78.2,55.7
"1310042","USC00405956",78.5,56.1
"1310043","USC00405956",78.8,56.5
"1310044","USC00405956",79.1,56.9
"1310045","USC00405956",79.5,57.3
"1310046","USC00405956",79.8,57.7
"1310047","USC00405956",80.2,58.1
"1310048","USC00405956",80.5,58.5
"1310049","USC00405956",80.9,58.9
"1310050","USC00405956",81.3,59.3
"1310051","USC00405956",81.6,59.7
"1310052","USC00405956",82,60.1
"1310053","USC00405956",82.4,60.5
"1310054","USC00405956",82.7,60.9
"1310055","USC00405956",83.1,61.2
"1310056","USC00405956",83.5,61.6
"1310057","USC00405956",83.9,62
"1310058","USC00405956",84.2,62.4
"1310059","USC00405956",84.6,62.7
"1310060","USC00405956",84.9,63.1
"1310061","USC00405956",85.3,63.4
"1310062","USC00405956",85.6,63.7
"1310063","USC00405956",86,64.1
"1310064","USC00405956",86.3,64.4
"1310065","USC00405956",86.6,64.7
"1310066","USC00405956",86.9,65
"1310067","USC00405956",87.2,65.3
"1310068","USC00405956",87.5,65.6
"1310069","USC00405956",87.8,65.8
"1310070","USC00405956",88.1,66.1
"1310071","USC00405956",88.3,66.4
"1310072","USC00405956",88.6,66.6
"1310073","USC00405956",88.8,66.8
"1310074","USC00405956",89,67.1
"1310075","USC00405956",89.2,67.3
"1310076","USC00405956",89.4,67.5
"1310077","USC00405956",89.6,67.7
"1310078","USC00405956",89.8,67.9
"1310079","USC00405956",89.9,68
"1310080","USC00405956",90.1,68.2
"1310081","USC00405956",90.2,68.4
"1310082","USC00405956",90.4,68.5
"1310083","USC00405956",90.5,68.7
"1310084","USC00405956",90.6,68.8
"1310085","USC00405956",90.7,69
"1310086","USC00405956",90.8,69.1
"1310087","USC00405956",90.8,69.2
"1310088","USC00405956",90.9,69.4
"1310089","USC00405956",91,69.5
"1310090","USC00405956",91,69.6
"1310091","USC00405956",91.1,69.7
"1310092","USC00405956",91.1,69.8
"1310093","USC00405956",91.1,69.9
"1310094","USC00405956",91.2,70
"1310095","USC00405956",91.2,70.1
"1310096","USC00405956",91.2,70.2
"1310097","USC00405956",91.2,70.2
"1310098","USC00405956",91.3,70.3
"1310099","USC00405956",91.3,70.4
"1310100","USC00405956",91.3,70.5
"1310101","USC00405956",91.3,70.5
"1310102","USC00405956",91.3,70.6
"1310103","USC00405956",91.3,70.7
"1310104","USC00405956",91.3,70.7
"1310105","USC00405956",91.4,70.8
"1310106","USC00405956",91.4,70.9
"1310107","USC00405956",91.4,70.9
"1310108","USC00405956",91.4,71
"1310109","USC00405956",91.4,71
"1310110","USC00405956",91.4,71.1
"1310111","USC00405956",91.5,71.1
"1310112","USC00405956",91.5,71.1
"1310113","USC00405956",91.5,71.2
"1310114","USC00405956",91.5,71.2
"1310115","USC00405956",91.5,71.2
"1310116","USC00405956",91.6,71.3
"1310117","USC00405956",91.6,71.3
"1310118","USC00405956",91.6,71.3
"1310119","USC00405956",91.6,71.3
"1310120","USC00405956",91.7,71.3
"1310121","USC00405956",91.7,71.3
"1310122","USC00405956",91.7,71.3
"1310123","USC00405956",91.7,71.3
"1310124","USC00405956",91.8,71.3
"1310125","USC00405956",91.8,71.3
"1310126","USC00405956",91.8,71.3
"1310127","USC00405956",91.8,71.2
"1310128","USC00405956",91.8,71.2
"1310129","USC00405956",91.8,71.2
"1310130","USC00405956",91.8,71.1
"1310131","USC00405956",91.9,71.1
"1310132","USC00405956",91.9,71
"1310133","USC00405956",91.9,71
"1310134","USC00405956",91.8,70.9
"1310135","USC00405956",91.8,70.8
"1310136","USC00405956",91.8,70.7
"1310137","USC00405956",91.8,70.6
"1310138","USC00405956",91.8,70.6
"1310139","USC00405956",91.7,70.5
"1310140","USC00405956",91.7,70.4
"1310141","USC00405956",91.7,70.3
"1310142","USC00405956",91.6,70.1
"1310143","USC00405956",91.6,70
"1310144","USC00405956",91.5,69.9
"1310145","USC00405956",91.4,69.8
"1310146","USC00405956",91.3,69.6
"1310147","USC00405956",91.3,69.5
"1310148","USC00405956",91.2,69.4
"1310149","USC00405956",91.1,69.2
"1310150","USC00405956",91,69
"1310151","USC00405956",90.9,68.9
"1310152","USC00405956",90.7,68.7
"1310153","USC00405956",90.6,68.5
"1310154","USC00405956",90.5,68.4
"1310155","USC00405956",90.3,68.2
"1310156","USC00405956",90.2,68
"1310157","USC00405956",90,67.8
"1310158","USC00405956",89.9,67.6
"1310159","USC00405956",89.7,67.4
"1310160","USC00405956",89.5,67.2
"1310161","USC00405956",89.3,66.9
"1310162","USC00405956",89.2,66.7
"1310163","USC00405956",89,66.5
"1310164","USC00405956",88.7,66.2
"1310165","USC00405956",88.5,66
"1310166","USC00405956",88.3,65.7
"1310167","USC00405956",88.1,65.5
"1310168","USC00405956",87.8,65.2
"1310169","USC00405956",87.6,64.9
"1310170","USC00405956",87.3,64.6
"1310171","USC00405956",87.1,64.3
"1310172","USC00405956",86.8,64
"1310173","USC00405956",86.5,63.7
"1310174","USC00405956",86.2,63.4
"1310175","USC00405956",86,63
"1310176","USC00405956",85.7,62.7
"1310177","USC00405956",85.3,62.3
"1310178","USC00405956",85,62
"1310179","USC00405956",84.7,61.6
"1310180","USC00405956",84.4,61.2
"1310181","USC00405956",84,60.8
"1310182","USC00405956",83.7,60.4
"1310183","USC00405956",83.3,60
"1310184","USC00405956",83,59.6
"1310185","USC00405956",82.6,59.2
"1310186","USC00405956",82.2,58.8
"1310187","USC00405956",81.9,58.3
"1310188","USC00405956",81.5,57.9
"1310189","USC00405956",81.1,57.4
"1310190","USC00405956",80.7,57
"1310191","USC00405956",80.3,56.5
"1310192","USC00405956",79.9,56
"1310193","USC00405956",79.5,55.5
"1310194","USC00405956",79,55
"1310195","USC00405956",78.6,54.6
"1310196","USC00405956",78.2,54.1
"1310197","USC00405956",77.8,53.6
"1310198","USC00405956",77.3,53.1
"1310199","USC00405956",76.9,52.6
"1310200","USC00405956",76.5,52
"1310201","USC00405956",76,51.5
"1310202","USC00405956",75.6,51
"1310203","USC00405956",75.2,50.5
"1310204","USC00405956",74.7,50
"1310205","USC00405956",74.3,49.5
"1310206","USC00405956",73.8,49
"1310207","USC00405956",73.4,48.5
"1310208","USC00405956",73,48
"1310209","USC00405956",72.5,47.5
"1310210","USC00405956",72.1,47.1
"1310211","USC00405956",71.6,46.6
"1310212","USC00405956",71.2,46.1
"1310213","USC00405956",70.8,45.7
"1310214","USC00405956",70.3,45.2
"1310215","USC00405956",69.9,44.8
"1310216","USC00405956",69.5,44.3
"1310217","USC00405956",69.1,43.9
"1310218","USC00405956",68.7,43.5
"1310219","USC00405956",68.3,43.1
"1310220","USC00405956",67.8,42.7
"1310221","USC00405956",67.4,42.3
"1310222","USC00405956",67,41.9
"1310223","USC00405956",66.6,41.6
"1310224","USC00405956",66.3,41.2
"1310225","USC00405956",65.9,40.9
"1310226","USC00405956",65.5,40.5
"1310227","USC00405956",65.1,40.2
"1310228","USC00405956",64.7,39.9
"1310229","USC00405956",64.4,39.6
"1310230","USC00405956",64,39.4
"1310231","USC00405956",63.6,39.1
"1310232","USC00405956",63.3,38.8
"1310233","USC00405956",62.9,38.6
"1310234","USC00405956",62.5,38.3
"1310235","USC00405956",62.2,38.1
"1310236","USC00405956",61.9,37.9
"1310237","USC00405956",61.5,37.7
"1310238","USC00405956",61.2,37.5
"1310239","USC00405956",60.8,37.3
"1310240","USC00405956",60.5,37.1
"1310241","USC00405956",60.2,37
"1310242","USC00405956",59.8,36.8
"1310243","USC00405956",59.5,36.6
"1310244","USC00405956",59.2,36.5
"1310245","USC00405956",58.9,36.3
"1310246","USC00405956",58.5,36.2
"1310247","USC00405956",58.2,36.1
"1310248","USC00405956",57.9,35.9
"1310249","USC00405956",57.6,35.8
"1310250","USC00405956",57.3,35.7
"1310251","USC00405956",57,35.5
"1310252","USC00405956",56.7,35.4
"1310253","USC00405956",56.4,35.3
"1310254","USC00405956",56.1,35.2
"1310255","USC00405956",55.8,35
"1310256","USC00405956",55.5,34.9
"1310257","USC00405956",55.3,34.8
"1310258","USC00405956",55,34.7
"1310259","USC00405956",54.7,34.6
"1310260","USC00405956",54.4,34.4
"1310261","USC00405956",54.2,34.3
"1310262","USC00405956",53.9,34.2
"1310263","USC00405956",53.7,34
"1310264","USC00405956",53.4,33.9
"1310265","USC00405956",53.2,33.8
"1310266","USC00405956",52.9,33.6
"1310267","USC00405956",52.7,33.5
"1310268","USC00405956",52.5,33.4
"1310269","USC00405956",52.3,33.2
"1310270","USC00405956",52,33.1
"1310271","USC00405956",51.8,32.9
"1310272","USC00405956",51.6,32.8
"1310273","USC00405956",51.5,32.6
"1310274","USC00405956",51.3,32.5
"1310275","USC00405956",51.1,32.3
"1310276","USC00405956",50.9,32.1
"1310277","USC00405956",50.8,32
"1310278","USC00405956",50.6,31.8
"1310279","USC00405956",50.5,31.7
"1310280","USC00405956",50.4,31.5
"1314307","USC00406403",49.7,31
"1314308","USC00406403",49.5,30.8
"1314309","USC00406403",49.4,30.6
"1314310","USC00406403",49.2,30.4
"1314311","USC00406403",49.1,30.2
"1314312","USC00406403",49,30.1
"1314313","USC00406403",48.9,29.9
"1314314","USC00406403",48.8,29.7
"1314315","USC00406403",48.7,29.5
"1314316","USC00406403",48.6,29.4
"1314317","USC00406403",48.5,29.2
"1314318","USC00406403",48.5,29.1
"1314319","USC00406403",48.4,28.9
"1314320","USC00406403",48.4,28.8
"1314321","USC00406403",48.4,28.6
"1314322","USC00406403",48.4,28.5
"1314323","USC00406403",48.4,28.4
"1314324","USC00406403",48.4,28.3
"1314325","USC00406403",48.4,28.2
"1314326","USC00406403",48.4,28.1
"1314327","USC00406403",48.5,28.1
"1314328","USC00406403",48.5,28
"1314329","USC00406403",48.6,28
"1314330","USC00406403",48.7,28
"1314331","USC00406403",48.7,27.9
"1314332","USC00406403",48.8,27.9
"1314333","USC00406403",48.9,28
"1314334","USC00406403",49.1,28
"1314335","USC00406403",49.2,28
"1314336","USC00406403",49.3,28.1
"1314337","USC00406403",49.5,28.1
"1314338","USC00406403",49.6,28.2
"1314339","USC00406403",49.8,28.3
"1314340","USC00406403",50,28.4
"1314341","USC00406403",50.1,28.6
"1314342","USC00406403",50.3,28.7
"1314343","USC00406403",50.5,28.9
"1314344","USC00406403",50.7,29
"1314345","USC00406403",51,29.2
"1314346","USC00406403",51.2,29.4
"1314347","USC00406403",51.4,29.6
"1314348","USC00406403",51.7,29.8
"1314349","USC00406403",51.9,30.1
"1314350","USC00406403",52.2,30.3
"1314351","USC00406403",52.4,30.6
"1314352","USC00406403",52.7,30.8
"1314353","USC00406403",53,31.1
"1314354","USC00406403",53.3,31.4
"1314355","USC00406403",53.6,31.7
"1314356","USC00406403",53.9,32
"1314357","USC00406403",54.2,32.3
"1314358","USC00406403",54.5,32.6
"1314359","USC00406403",54.8,32.9
"1314360","USC00406403",55.1,33.2
"1314361","USC00406403",55.5,33.5
"1314362","USC00406403",55.8,33.8
"1314363","USC00406403",56.1,34.2
"1314364","USC00406403",56.5,34.5
"1314365","USC00406403",56.8,34.8
"1314366","USC00406403",57,35
"1314367","USC00406403",57.2,35.2
"1314368","USC00406403",57.5,35.5
"1314369","USC00406403",57.9,35.8
"1314370","USC00406403",58.3,36.2
"1314371","USC00406403",58.7,36.5
"1314372","USC00406403",59,36.8
"1314373","USC00406403",59.4,37.1
"1314374","USC00406403",59.8,37.5
"1314375","USC00406403",60.2,37.8
"1314376","USC00406403",60.6,38.1
"1314377","USC00406403",60.9,38.4
"1314378","USC00406403",61.3,38.7
"1314379","USC00406403",61.7,39
"1314380","USC00406403",62.1,39.3
"1314381","USC00406403",62.5,39.6
"1314382","USC00406403",62.9,39.9
"1314383","USC00406403",63.2,40.2
"1314384","USC00406403",63.6,40.4
"1314385","USC00406403",64,40.7
"1314386","USC00406403",64.4,41
"1314387","USC00406403",64.7,41.2
"1314388","USC00406403",65.1,41.5
"1314389","USC00406403",65.5,41.7
"1314390","USC00406403",65.8,42
"1314391","USC00406403",66.2,42.2
"1314392","USC00406403",66.5,42.5
"1314393","USC00406403",66.9,42.7
"1314394","USC00406403",67.2,43
"1314395","USC00406403",67.6,43.2
"1314396","USC00406403",67.9,43.4
"1314397","USC00406403",68.2,43.7
"1314398","USC00406403",68.5,43.9
"1314399","USC00406403",68.8,44.1
"1314400","USC00406403",69.1,44.4
"1314401","USC00406403",69.4,44.6
"1314402","USC00406403",69.7,44.8
"1314403","USC00406403",70,45.1
"1314404","USC00406403",70.3,45.3
"1314405","USC00406403",70.5,45.5
"1314406","USC00406403",70.8,45.8
"1314407","USC00406403",71.1,46
"1314408","USC00406403",71.3,46.3
"1314409","USC00406403",71.6,46.5
"1314410","USC00406403",71.8,46.8
"1314411","USC00406403",72.1,47
"1314412","USC00406403",72.3,47.3
"1314413","USC00406403",72.5,47.6
"1314414","USC00406403",72.8,47.8
"1314415","USC00406403",73,48.1
"1314416","USC00406403",73.2,48.4
"1314417","USC00406403",73.4,48.7
"1314418","USC00406403",73.7,49
"1314419","USC00406403",73.9,49.3
"1314420","USC00406403",74.1,49.6
"1314421","USC00406403",74.3,49.9
"1314422","USC00406403",74.6,50.2
"1314423","USC00406403",74.8,50.6
"1314424","USC00406403",75,50.9
"1314425","USC00406403",75.2,51.2
"1314426","USC00406403",75.5,51.6
"1314427","USC00406403",75.7,51.9
"1314428","USC00406403",76,52.3
"1314429","USC00406403",76.2,52.6
"1314430","USC00406403",76.5,53
"1314431","USC00406403",76.7,53.3
"1314432","USC00406403",77,53.7
"1314433","USC00406403",77.3,54.1
"1314434","USC00406403",77.5,54.4
"1314435","USC00406403",77.8,54.8
"1314436","USC00406403",78.1,55.2
"1314437","USC00406403",78.4,55.6
"1314438","USC00406403",78.7,55.9
"1314439","USC00406403",79,56.3
"1314440","USC00406403",79.3,56.7
"1314441","USC00406403",79.6,57.1
"1314442","USC00406403",79.9,57.4
"1314443","USC00406403",80.3,57.8
"1314444","USC00406403",80.6,58.2
"1314445","USC00406403",80.9,58.5
"1314446","USC00406403",81.2,58.9
"1314447","USC00406403",81.6,59.2
"1314448","USC00406403",81.9,59.6
"1314449","USC00406403",82.3,59.9
"1314450","USC00406403",82.6,60.3
"1314451","USC00406403",82.9,60.6
"1314452","USC00406403",83.3,61
"1314453","USC00406403",83.6,61.3
"1314454","USC00406403",84,61.6
"1314455","USC00406403",84.3,61.9
"1314456","USC00406403",84.6,62.2
"1314457","USC00406403",85,62.5
"1314458","USC00406403",85.3,62.8
"1314459","USC00406403",85.6,63.1
"1314460","USC00406403",85.9,63.4
"1314461","USC00406403",86.2,63.7
"1314462","USC00406403",86.5,64
"1314463","USC00406403",86.8,64.2
"1314464","USC00406403",87.1,64.5
"1314465","USC00406403",87.4,64.7
"1314466","USC00406403",87.7,65
"1314467","USC00406403",87.9,65.2
"1314468","USC00406403",88.2,65.4
"1314469","USC00406403",88.4,65.7
"1314470","USC00406403",88.7,65.9
"1314471","USC00406403",88.9,66.1
"1314472","USC00406403",89.1,66.3
"1314473","USC00406403",89.3,66.5
"1314474","USC00406403",89.5,66.7
"1314475","USC00406403",89.7,66.9
"1314476","USC00406403",89.8,67.1
"1314477","USC00406403",90,67.3
"1314478","USC00406403",90.1,67.4
"1314479","USC00406403",90.3,67.6
"1314480","USC00406403",90.4,67.8
"1314481","USC00406403",90.5,67.9
"1314482","USC00406403",90.6,68.1
"1314483","USC00406403",90.7,68.2
"1314484","USC00406403",90.8,68.4
"1314485","USC00406403",90.9,68.5
"1314486","USC00406403",91,68.6
"1314487","USC00406403",91,68.8
"1314488","USC00406403",91.1,68.9
"1314489","USC00406403",91.1,69
"1314490","USC00406403",91.2,69.1
"1314491","USC00406403",91.2,69.2
"1314492","USC00406403",91.2,69.3
"1314493","USC00406403",91.3,69.4
"1314494","USC00406403",91.3,69.5
"1314495","USC00406403",91.3,69.6
"1314496","USC00406403",91.3,69.7
"1314497","USC00406403",91.3,69.8
"1314498","USC00406403",91.3,69.9
"1314499","USC00406403",91.3,69.9
"1314500","USC00406403",91.3,70
"1314501","USC00406403",91.3,70.1
"1314502","USC00406403",91.4,70.1
"1314503","USC00406403",91.3,70.2
"1314504","USC00406403",91.3,70.2
"1314505","USC00406403",91.3,70.3
"1314506","USC00406403",91.3,70.3
"1314507","USC00406403",91.3,70.3
"1314508","USC00406403",91.3,70.3
"1314509","USC00406403",91.3,70.4
"1314510","USC00406403",91.3,70.4
"1314511","USC00406403",91.3,70.4
"1314512","USC00406403",91.3,70.4
"1314513","USC00406403",91.3,70.4
"1314514","USC00406403",91.3,70.4
"1314515","USC00406403",91.3,70.3
"1314516","USC00406403",91.3,70.3
"1314517","USC00406403",91.3,70.3
"1314518","USC00406403",91.3,70.3
"1314519","USC00406403",91.3,70.2
"1314520","USC00406403",91.3,70.2
"1314521","USC00406403",91.2,70.1
"1314522","USC00406403",91.2,70.1
"1314523","USC00406403",91.2,70
"1314524","USC00406403",91.2,70
"1314525","USC00406403",91.2,69.9
"1314526","USC00406403",91.1,69.8
"1314527","USC00406403",91.1,69.7
"1314528","USC00406403",91.1,69.7
"1314529","USC00406403",91,69.6
"1314530","USC00406403",91,69.5
"1314531","USC00406403",91,69.4
"1314532","USC00406403",90.9,69.3
"1314533","USC00406403",90.9,69.2
"1314534","USC00406403",90.8,69.1
"1314535","USC00406403",90.7,69
"1314536","USC00406403",90.7,68.9
"1314537","USC00406403",90.6,68.7
"1314538","USC00406403",90.5,68.6
"1314539","USC00406403",90.4,68.5
"1314540","USC00406403",90.3,68.4
"1314541","USC00406403",90.2,68.2
"1314542","USC00406403",90.1,68.1
"1314543","USC00406403",90,67.9
"1314544","USC00406403",89.9,67.8
"1314545","USC00406403",89.7,67.6
"1314546","USC00406403",89.6,67.5
"1314547","USC00406403",89.4,67.3
"1314548","USC00406403",89.3,67.1
"1314549","USC00406403",89.1,67
"1314550","USC00406403",89,66.8
"1314551","USC00406403",88.8,66.6
"1314552","USC00406403",88.6,66.4
"1314553","USC00406403",88.4,66.2
"1314554","USC00406403",88.2,66
"1314555","USC00406403",88,65.8
"1314556","USC00406403",87.8,65.5
"1314557","USC00406403",87.6,65.3
"1314558","USC00406403",87.3,65.1
"1314559","USC00406403",87.1,64.8
"1314560","USC00406403",86.8,64.6
"1314561","USC00406403",86.6,64.3
"1314562","USC00406403",86.3,64
"1314563","USC00406403",86.1,63.7
"1314564","USC00406403",85.8,63.4
"1314565","USC00406403",85.5,63.1
"1314566","USC00406403",85.2,62.8
"1314567","USC00406403",84.9,62.5
"1314568","USC00406403",84.6,62.1
"1314569","USC00406403",84.3,61.8
"1314570","USC00406403",84,61.4
"1314571","USC00406403",83.7,61.1
"1314572","USC00406403",83.3,60.7
"1314573","USC00406403",83,60.3
"1314574","USC00406403",82.7,59.9
"1314575","USC00406403",82.3,59.5
"1314576","USC00406403",82,59.1
"1314577","USC00406403",81.6,58.7
"1314578","USC00406403",81.2,58.2
"1314579","USC00406403",80.8,57.8
"1314580","USC00406403",80.5,57.3
"1314581","USC00406403",80.1,56.8
"1314582","USC00406403",79.7,56.4
"1314583","USC00406403",79.3,55.9
"1314584","USC00406403",78.9,55.4
"1314585","USC00406403",78.5,54.9
"1314586","USC00406403",78.1,54.4
"1314587","USC00406403",77.7,53.9
"1314588","USC00406403",77.3,53.4
"1314589","USC00406403",76.8,52.9
"1314590","USC00406403",76.4,52.4
"1314591","USC00406403",76,51.9
"1314592","USC00406403",75.6,51.4
"1314593","USC00406403",75.1,50.8
"1314594","USC00406403",74.7,50.3
"1314595","USC00406403",74.3,49.8
"1314596","USC00406403",73.8,49.3
"1314597","USC00406403",73.4,48.8
"1314598","USC00406403",73,48.3
"1314599","USC00406403",72.5,47.8
"1314600","USC00406403",72.1,47.3
"1314601","USC00406403",71.6,46.8
"1314602","USC00406403",71.2,46.3
"1314603","USC00406403",70.8,45.8
"1314604","USC00406403",70.4,45.3
"1314605","USC00406403",69.9,44.9
"1314606","USC00406403",69.5,44.4
"1314607","USC00406403",69.1,44
"1314608","USC00406403",68.7,43.6
"1314609","USC00406403",68.2,43.1
"1314610","USC00406403",67.8,42.7
"1314611","USC00406403",67.4,42.3
"1314612","USC00406403",67,41.9
"1314613","USC00406403",66.6,41.6
"1314614","USC00406403",66.2,41.2
"1314615","USC00406403",65.8,40.8
"1314616","USC00406403",65.5,40.5
"1314617","USC00406403",65.1,40.2
"1314618","USC00406403",64.7,39.9
"1314619","USC00406403",64.3,39.6
"1314620","USC00406403",64,39.3
"1314621","USC00406403",63.6,39
"1314622","USC00406403",63.3,38.7
"1314623","USC00406403",62.9,38.5
"1314624","USC00406403",62.6,38.3
"1314625","USC00406403",62.2,38
"1314626","USC00406403",61.9,37.8
"1314627","USC00406403",61.6,37.6
"1314628","USC00406403",61.2,37.4
"1314629","USC00406403",60.9,37.2
"1314630","USC00406403",60.6,37.1
"1314631","USC00406403",60.3,36.9
"1314632","USC00406403",60,36.7
"1314633","USC00406403",59.7,36.6
"1314634","USC00406403",59.4,36.5
"1314635","USC00406403",59.1,36.3
"1314636","USC00406403",58.8,36.2
"1314637","USC00406403",58.5,36.1
"1314638","USC00406403",58.2,36
"1314639","USC00406403",57.9,35.8
"1314640","USC00406403",57.6,35.7
"1314641","USC00406403",57.3,35.6
"1314642","USC00406403",57.1,35.5
"1314643","USC00406403",56.8,35.4
"1314644","USC00406403",56.5,35.3
"1314645","USC00406403",56.2,35.2
"1314646","USC00406403",56,35.1
"1314647","USC00406403",55.7,35
"1314648","USC00406403",55.4,34.9
"1314649","USC00406403",55.1,34.8
"1314650","USC00406403",54.9,34.6
"1314651","USC00406403",54.6,34.5
"1314652","USC00406403",54.4,34.4
"1314653","USC00406403",54.1,34.3
"1314654","USC00406403",53.8,34.2
"1314655","USC00406403",53.6,34
"1314656","USC00406403",53.3,33.9
"1314657","USC00406403",53.1,33.8
"1314658","USC00406403",52.8,33.6
"1314659","USC00406403",52.6,33.5
"1314660","USC00406403",52.3,33.3
"1314661","USC00406403",52.1,33.2
"1314662","USC00406403",51.9,33
"1314663","USC00406403",51.6,32.8
"1314664","USC00406403",51.4,32.7
"1314665","USC00406403",51.2,32.5
"1314666","USC00406403",51,32.3
"1314667","USC00406403",50.8,32.1
"1314668","USC00406403",50.6,31.9
"1314669","USC00406403",50.4,31.8
"1314670","USC00406403",50.2,31.6
"1314671","USC00406403",50,31.4
"1314672","USC00406403",49.8,31.2
"1334803","USC00410337",55.4,34.8
"1334804","USC00410337",55.4,34.7
"1334805","USC00410337",55.4,34.7
"1334806","USC00410337",55.4,34.6
"1334807","USC00410337",55.4,34.6
"1334808","USC00410337",55.4,34.6
"1334809","USC00410337",55.5,34.6
"1334810","USC00410337",55.5,34.6
"1334811","USC00410337",55.6,34.6
"1334812","USC00410337",55.6,34.6
"1334813","USC00410337",55.7,34.6
"1334814","USC00410337",55.8,34.7
"1334815","USC00410337",55.9,34.7
"1334816","USC00410337",55.9,34.7
"1334817","USC00410337",56,34.8
"1334818","USC00410337",56.1,34.8
"1334819","USC00410337",56.2,34.9
"1334820","USC00410337",56.3,34.9
"1334821","USC00410337",56.4,35
"1334822","USC00410337",56.4,35
"1334823","USC00410337",56.5,35.1
"1334824","USC00410337",56.6,35.2
"1334825","USC00410337",56.7,35.3
"1334826","USC00410337",56.8,35.3
"1334827","USC00410337",56.9,35.4
"1334828","USC00410337",57,35.5
"1334829","USC00410337",57.1,35.6
"1334830","USC00410337",57.2,35.7
"1334831","USC00410337",57.3,35.8
"1334832","USC00410337",57.4,35.9
"1334833","USC00410337",57.5,36
"1334834","USC00410337",57.6,36.1
"1334835","USC00410337",57.7,36.2
"1334836","USC00410337",57.8,36.3
"1334837","USC00410337",57.9,36.4
"1334838","USC00410337",58,36.5
"1334839","USC00410337",58.2,36.7
"1334840","USC00410337",58.3,36.8
"1334841","USC00410337",58.5,37
"1334842","USC00410337",58.6,37.1
"1334843","USC00410337",58.8,37.3
"1334844","USC00410337",58.9,37.5
"1334845","USC00410337",59.1,37.7
"1334846","USC00410337",59.3,37.8
"1334847","USC00410337",59.5,38.1
"1334848","USC00410337",59.7,38.3
"1334849","USC00410337",60,38.5
"1334850","USC00410337",60.2,38.7
"1334851","USC00410337",60.5,39
"1334852","USC00410337",60.7,39.3
"1334853","USC00410337",61,39.5
"1334854","USC00410337",61.3,39.8
"1334855","USC00410337",61.6,40.1
"1334856","USC00410337",61.9,40.4
"1334857","USC00410337",62.3,40.7
"1334858","USC00410337",62.6,41.1
"1334859","USC00410337",63,41.4
"1334860","USC00410337",63.3,41.7
"1334861","USC00410337",63.7,42.1
"1334862","USC00410337",63.9,42.3
"1334863","USC00410337",64.1,42.5
"1334864","USC00410337",64.5,42.8
"1334865","USC00410337",64.9,43.2
"1334866","USC00410337",65.3,43.6
"1334867","USC00410337",65.7,44
"1334868","USC00410337",66.1,44.4
"1334869","USC00410337",66.5,44.8
"1334870","USC00410337",67,45.2
"1334871","USC00410337",67.4,45.6
"1334872","USC00410337",67.8,46
"1334873","USC00410337",68.2,46.3
"1334874","USC00410337",68.6,46.7
"1334875","USC00410337",69.1,47.1
"1334876","USC00410337",69.5,47.5
"1334877","USC00410337",69.9,47.9
"1334878","USC00410337",70.3,48.3
"1334879","USC00410337",70.6,48.6
"1334880","USC00410337",71,49
"1334881","USC00410337",71.4,49.3
"1334882","USC00410337",71.7,49.7
"1334883","USC00410337",72,50
"1334884","USC00410337",72.4,50.3
"1334885","USC00410337",72.7,50.6
"1334886","USC00410337",73,50.9
"1334887","USC00410337",73.2,51.2
"1334888","USC00410337",73.5,51.5
"1334889","USC00410337",73.7,51.7
"1334890","USC00410337",74,52
"1334891","USC00410337",74.2,52.2
"1334892","USC00410337",74.4,52.4
"1334893","USC00410337",74.5,52.6
"1334894","USC00410337",74.7,52.8
"1334895","USC00410337",74.8,53
"1334896","USC00410337",75,53.2
"1334897","USC00410337",75.1,53.3
"1334898","USC00410337",75.2,53.5
"1334899","USC00410337",75.3,53.6
"1334900","USC00410337",75.4,53.8
"1334901","USC00410337",75.4,53.9
"1334902","USC00410337",75.5,54
"1334903","USC00410337",75.6,54.1
"1334904","USC00410337",75.6,54.3
"1334905","USC00410337",75.7,54.4
"1334906","USC00410337",75.7,54.5
"1334907","USC00410337",75.8,54.6
"1334908","USC00410337",75.8,54.7
"1334909","USC00410337",75.9,54.8
"1334910","USC00410337",75.9,55
"1334911","USC00410337",76,55.1
"1334912","USC00410337",76,55.2
"1334913","USC00410337",76.1,55.4
"1334914","USC00410337",76.1,55.5
"1334915","USC00410337",76.2,55.7
"1334916","USC00410337",76.3,55.8
"1334917","USC00410337",76.4,56
"1334918","USC00410337",76.5,56.2
"1334919","USC00410337",76.7,56.4
"1334920","USC00410337",76.8,56.6
"1334921","USC00410337",77,56.9
"1334922","USC00410337",77.1,57.1
"1334923","USC00410337",77.3,57.4
"1334924","USC00410337",77.5,57.7
"1334925","USC00410337",77.8,58
"1334926","USC00410337",78,58.3
"1334927","USC00410337",78.2,58.6
"1334928","USC00410337",78.5,58.9
"1334929","USC00410337",78.8,59.3
"1334930","USC00410337",79.1,59.6
"1334931","USC00410337",79.4,60
"1334932","USC00410337",79.7,60.4
"1334933","USC00410337",80,60.8
"1334934","USC00410337",80.4,61.2
"1334935","USC00410337",80.7,61.6
"1334936","USC00410337",81.1,62
"1334937","USC00410337",81.5,62.4
"1334938","USC00410337",81.8,62.9
"1334939","USC00410337",82.2,63.3
"1334940","USC00410337",82.6,63.7
"1334941","USC00410337",83,64.2
"1334942","USC00410337",83.4,64.6
"1334943","USC00410337",83.8,65.1
"1334944","USC00410337",84.2,65.5
"1334945","USC00410337",84.6,65.9
"1334946","USC00410337",85,66.4
"1334947","USC00410337",85.4,66.8
"1334948","USC00410337",85.7,67.2
"1334949","USC00410337",86.1,67.6
"1334950","USC00410337",86.5,68
"1334951","USC00410337",86.8,68.4
"1334952","USC00410337",87.2,68.8
"1334953","USC00410337",87.5,69.1
"1334954","USC00410337",87.9,69.5
"1334955","USC00410337",88.2,69.8
"1334956","USC00410337",88.5,70.1
"1334957","USC00410337",88.8,70.4
"1334958","USC00410337",89.1,70.7
"1334959","USC00410337",89.4,71
"1334960","USC00410337",89.6,71.3
"1334961","USC00410337",89.9,71.5
"1334962","USC00410337",90.1,71.7
"1334963","USC00410337",90.4,72
"1334964","USC00410337",90.6,72.2
"1334965","USC00410337",90.8,72.3
"1334966","USC00410337",91,72.5
"1334967","USC00410337",91.2,72.7
"1334968","USC00410337",91.3,72.8
"1334969","USC00410337",91.5,72.9
"1334970","USC00410337",91.7,73.1
"1334971","USC00410337",91.8,73.2
"1334972","USC00410337",92,73.3
"1334973","USC00410337",92.1,73.4
"1334974","USC00410337",92.2,73.4
"1334975","USC00410337",92.4,73.5
"1334976","USC00410337",92.5,73.6
"1334977","USC00410337",92.6,73.6
"1334978","USC00410337",92.7,73.7
"1334979","USC00410337",92.8,73.8
"1334980","USC00410337",92.9,73.8
"1334981","USC00410337",93,73.9
"1334982","USC00410337",93.2,73.9
"1334983","USC00410337",93.3,73.9
"1334984","USC00410337",93.4,74
"1334985","USC00410337",93.5,74
"1334986","USC00410337",93.6,74.1
"1334987","USC00410337",93.7,74.1
"1334988","USC00410337",93.8,74.2
"1334989","USC00410337",93.9,74.2
"1334990","USC00410337",94.1,74.3
"1334991","USC00410337",94.2,74.4
"1334992","USC00410337",94.3,74.4
"1334993","USC00410337",94.4,74.5
"1334994","USC00410337",94.5,74.6
"1334995","USC00410337",94.7,74.7
"1334996","USC00410337",94.8,74.7
"1334997","USC00410337",94.9,74.8
"1334998","USC00410337",95,74.9
"1334999","USC00410337",95.2,75
"1335000","USC00410337",95.3,75.1
"1335001","USC00410337",95.4,75.2
"1335002","USC00410337",95.5,75.3
"1335003","USC00410337",95.6,75.4
"1335004","USC00410337",95.7,75.5
"1335005","USC00410337",95.9,75.6
"1335006","USC00410337",96,75.7
"1335007","USC00410337",96.1,75.9
"1335008","USC00410337",96.1,76
"1335009","USC00410337",96.2,76.1
"1335010","USC00410337",96.3,76.2
"1335011","USC00410337",96.4,76.3
"1335012","USC00410337",96.5,76.4
"1335013","USC00410337",96.5,76.4
"1335014","USC00410337",96.6,76.5
"1335015","USC00410337",96.6,76.6
"1335016","USC00410337",96.6,76.7
"1335017","USC00410337",96.6,76.7
"1335018","USC00410337",96.7,76.8
"1335019","USC00410337",96.7,76.8
"1335020","USC00410337",96.6,76.9
"1335021","USC00410337",96.6,76.9
"1335022","USC00410337",96.6,76.9
"1335023","USC00410337",96.5,76.9
"1335024","USC00410337",96.5,76.9
"1335025","USC00410337",96.4,76.9
"1335026","USC00410337",96.4,76.9
"1335027","USC00410337",96.3,76.9
"1335028","USC00410337",96.2,76.8
"1335029","USC00410337",96.1,76.8
"1335030","USC00410337",96,76.7
"1335031","USC00410337",95.9,76.6
"1335032","USC00410337",95.7,76.5
"1335033","USC00410337",95.6,76.4
"1335034","USC00410337",95.4,76.3
"1335035","USC00410337",95.3,76.1
"1335036","USC00410337",95.1,76
"1335037","USC00410337",94.9,75.8
"1335038","USC00410337",94.8,75.6
"1335039","USC00410337",94.6,75.4
"1335040","USC00410337",94.4,75.2
"1335041","USC00410337",94.2,75
"1335042","USC00410337",94,74.8
"1335043","USC00410337",93.8,74.6
"1335044","USC00410337",93.6,74.3
"1335045","USC00410337",93.3,74.1
"1335046","USC00410337",93.1,73.8
"1335047","USC00410337",92.9,73.5
"1335048","USC00410337",92.7,73.2
"1335049","USC00410337",92.4,72.9
"1335050","USC00410337",92.2,72.6
"1335051","USC00410337",91.9,72.3
"1335052","USC00410337",91.7,72
"1335053","USC00410337",91.4,71.7
"1335054","USC00410337",91.1,71.3
"1335055","USC00410337",90.9,71
"1335056","USC00410337",90.6,70.6
"1335057","USC00410337",90.3,70.2
"1335058","USC00410337",90,69.9
"1335059","USC00410337",89.7,69.5
"1335060","USC00410337",89.4,69.1
"1335061","USC00410337",89.1,68.7
"1335062","USC00410337",88.8,68.3
"1335063","USC00410337",88.5,67.9
"1335064","USC00410337",88.2,67.5
"1335065","USC00410337",87.9,67.1
"1335066","USC00410337",87.6,66.7
"1335067","USC00410337",87.2,66.2
"1335068","USC00410337",86.9,65.8
"1335069","USC00410337",86.6,65.4
"1335070","USC00410337",86.2,65
"1335071","USC00410337",85.9,64.5
"1335072","USC00410337",85.5,64.1
"1335073","USC00410337",85.1,63.6
"1335074","USC00410337",84.8,63.2
"1335075","USC00410337",84.4,62.8
"1335076","USC00410337",84,62.3
"1335077","USC00410337",83.6,61.9
"1335078","USC00410337",83.3,61.4
"1335079","USC00410337",82.9,61
"1335080","USC00410337",82.5,60.6
"1335081","USC00410337",82.1,60.1
"1335082","USC00410337",81.7,59.7
"1335083","USC00410337",81.3,59.2
"1335084","USC00410337",80.9,58.8
"1335085","USC00410337",80.5,58.4
"1335086","USC00410337",80.1,58
"1335087","USC00410337",79.7,57.5
"1335088","USC00410337",79.3,57.1
"1335089","USC00410337",78.9,56.7
"1335090","USC00410337",78.5,56.3
"1335091","USC00410337",78.1,55.9
"1335092","USC00410337",77.7,55.5
"1335093","USC00410337",77.3,55.1
"1335094","USC00410337",77,54.7
"1335095","USC00410337",76.6,54.3
"1335096","USC00410337",76.2,54
"1335097","USC00410337",75.8,53.6
"1335098","USC00410337",75.4,53.2
"1335099","USC00410337",75,52.9
"1335100","USC00410337",74.7,52.5
"1335101","USC00410337",74.3,52.2
"1335102","USC00410337",73.9,51.8
"1335103","USC00410337",73.6,51.5
"1335104","USC00410337",73.2,51.2
"1335105","USC00410337",72.9,50.9
"1335106","USC00410337",72.5,50.5
"1335107","USC00410337",72.2,50.2
"1335108","USC00410337",71.8,49.9
"1335109","USC00410337",71.5,49.6
"1335110","USC00410337",71.1,49.3
"1335111","USC00410337",70.8,49
"1335112","USC00410337",70.4,48.7
"1335113","USC00410337",70.1,48.4
"1335114","USC00410337",69.8,48.1
"1335115","USC00410337",69.4,47.8
"1335116","USC00410337",69.1,47.6
"1335117","USC00410337",68.8,47.3
"1335118","USC00410337",68.4,47
"1335119","USC00410337",68.1,46.7
"1335120","USC00410337",67.8,46.4
"1335121","USC00410337",67.4,46.1
"1335122","USC00410337",67.1,45.9
"1335123","USC00410337",66.8,45.6
"1335124","USC00410337",66.4,45.3
"1335125","USC00410337",66.1,45
"1335126","USC00410337",65.7,44.7
"1335127","USC00410337",65.4,44.4
"1335128","USC00410337",65,44.1
"1335129","USC00410337",64.7,43.8
"1335130","USC00410337",64.4,43.5
"1335131","USC00410337",64,43.2
"1335132","USC00410337",63.7,43
"1335133","USC00410337",63.3,42.7
"1335134","USC00410337",63,42.4
"1335135","USC00410337",62.6,42.1
"1335136","USC00410337",62.3,41.8
"1335137","USC00410337",61.9,41.5
"1335138","USC00410337",61.6,41.2
"1335139","USC00410337",61.3,40.9
"1335140","USC00410337",60.9,40.6
"1335141","USC00410337",60.6,40.3
"1335142","USC00410337",60.3,40
"1335143","USC00410337",60,39.7
"1335144","USC00410337",59.7,39.4
"1335145","USC00410337",59.4,39.1
"1335146","USC00410337",59.1,38.8
"1335147","USC00410337",58.8,38.6
"1335148","USC00410337",58.5,38.3
"1335149","USC00410337",58.2,38
"1335150","USC00410337",58,37.8
"1335151","USC00410337",57.7,37.5
"1335152","USC00410337",57.5,37.3
"1335153","USC00410337",57.2,37.1
"1335154","USC00410337",57,36.8
"1335155","USC00410337",56.8,36.6
"1335156","USC00410337",56.6,36.4
"1335157","USC00410337",56.5,36.2
"1335158","USC00410337",56.3,36
"1335159","USC00410337",56.1,35.9
"1335160","USC00410337",56,35.7
"1335161","USC00410337",55.9,35.6
"1335162","USC00410337",55.8,35.4
"1335163","USC00410337",55.7,35.3
"1335164","USC00410337",55.6,35.2
"1335165","USC00410337",55.5,35.1
"1335166","USC00410337",55.5,35
"1335167","USC00410337",55.4,34.9
"1335168","USC00410337",55.4,34.8
"1336633","USC00410433",59.9,37.3
"1336634","USC00410433",59.9,37.2
"1336635","USC00410433",59.9,37.2
"1336636","USC00410433",60,37.1
"1336637","USC00410433",60,37.1
"1336638","USC00410433",60,37.1
"1336639","USC00410433",60.1,37
"1336640","USC00410433",60.2,37
"1336641","USC00410433",60.2,37
"1336642","USC00410433",60.3,37
"1336643","USC00410433",60.4,37
"1336644","USC00410433",60.5,37
"1336645","USC00410433",60.6,37
"1336646","USC00410433",60.6,37
"1336647","USC00410433",60.7,37
"1336648","USC00410433",60.9,37.1
"1336649","USC00410433",61,37.1
"1336650","USC00410433",61.1,37.1
"1336651","USC00410433",61.2,37.2
"1336652","USC00410433",61.3,37.2
"1336653","USC00410433",61.4,37.3
"1336654","USC00410433",61.5,37.3
"1336655","USC00410433",61.7,37.4
"1336656","USC00410433",61.8,37.5
"1336657","USC00410433",61.9,37.6
"1336658","USC00410433",62,37.7
"1336659","USC00410433",62.1,37.8
"1336660","USC00410433",62.3,37.9
"1336661","USC00410433",62.4,38
"1336662","USC00410433",62.5,38.1
"1336663","USC00410433",62.6,38.2
"1336664","USC00410433",62.8,38.3
"1336665","USC00410433",62.9,38.5
"1336666","USC00410433",63,38.6
"1336667","USC00410433",63.2,38.8
"1336668","USC00410433",63.3,38.9
"1336669","USC00410433",63.5,39.1
"1336670","USC00410433",63.6,39.3
"1336671","USC00410433",63.7,39.5
"1336672","USC00410433",63.9,39.6
"1336673","USC00410433",64,39.8
"1336674","USC00410433",64.2,40.1
"1336675","USC00410433",64.4,40.3
"1336676","USC00410433",64.5,40.5
"1336677","USC00410433",64.7,40.7
"1336678","USC00410433",64.9,41
"1336679","USC00410433",65.1,41.2
"1336680","USC00410433",65.3,41.5
"1336681","USC00410433",65.5,41.7
"1336682","USC00410433",65.7,42
"1336683","USC00410433",65.9,42.3
"1336684","USC00410433",66.1,42.6
"1336685","USC00410433",66.4,42.9
"1336686","USC00410433",66.6,43.2
"1336687","USC00410433",66.9,43.5
"1336688","USC00410433",67.1,43.8
"1336689","USC00410433",67.4,44.1
"1336690","USC00410433",67.7,44.4
"1336691","USC00410433",68,44.7
"1336692","USC00410433",68.1,44.9
"1336693","USC00410433",68.2,45
"1336694","USC00410433",68.5,45.3
"1336695","USC00410433",68.9,45.7
"1336696","USC00410433",69.2,46
"1336697","USC00410433",69.5,46.3
"1336698","USC00410433",69.8,46.6
"1336699","USC00410433",70.2,46.9
"1336700","USC00410433",70.5,47.2
"1336701","USC00410433",70.8,47.6
"1336702","USC00410433",71.2,47.9
"1336703","USC00410433",71.5,48.2
"1336704","USC00410433",71.9,48.4
"1336705","USC00410433",72.2,48.7
"1336706","USC00410433",72.6,49
"1336707","USC00410433",72.9,49.3
"1336708","USC00410433",73.2,49.6
"1336709","USC00410433",73.6,49.8
"1336710","USC00410433",73.9,50.1
"1336711","USC00410433",74.2,50.3
"1336712","USC00410433",74.6,50.6
"1336713","USC00410433",74.9,50.8
"1336714","USC00410433",75.2,51
"1336715","USC00410433",75.5,51.2
"1336716","USC00410433",75.8,51.4
"1336717","USC00410433",76,51.6
"1336718","USC00410433",76.3,51.8
"1336719","USC00410433",76.5,52
"1336720","USC00410433",76.8,52.2
"1336721","USC00410433",77,52.4
"1336722","USC00410433",77.2,52.5
"1336723","USC00410433",77.4,52.7
"1336724","USC00410433",77.6,52.9
"1336725","USC00410433",77.8,53
"1336726","USC00410433",78,53.2
"1336727","USC00410433",78.1,53.3
"1336728","USC00410433",78.3,53.4
"1336729","USC00410433",78.4,53.6
"1336730","USC00410433",78.5,53.7
"1336731","USC00410433",78.6,53.9
"1336732","USC00410433",78.7,54
"1336733","USC00410433",78.8,54.2
"1336734","USC00410433",78.9,54.3
"1336735","USC00410433",79,54.5
"1336736","USC00410433",79.1,54.6
"1336737","USC00410433",79.1,54.8
"1336738","USC00410433",79.2,55
"1336739","USC00410433",79.3,55.2
"1336740","USC00410433",79.3,55.3
"1336741","USC00410433",79.4,55.5
"1336742","USC00410433",79.5,55.7
"1336743","USC00410433",79.5,55.9
"1336744","USC00410433",79.6,56.2
"1336745","USC00410433",79.7,56.4
"1336746","USC00410433",79.8,56.6
"1336747","USC00410433",79.9,56.9
"1336748","USC00410433",80,57.1
"1336749","USC00410433",80.1,57.4
"1336750","USC00410433",80.2,57.6
"1336751","USC00410433",80.3,57.9
"1336752","USC00410433",80.5,58.2
"1336753","USC00410433",80.6,58.5
"1336754","USC00410433",80.8,58.8
"1336755","USC00410433",81,59.1
"1336756","USC00410433",81.2,59.5
"1336757","USC00410433",81.4,59.8
"1336758","USC00410433",81.6,60.1
"1336759","USC00410433",81.8,60.5
"1336760","USC00410433",82.1,60.8
"1336761","USC00410433",82.4,61.2
"1336762","USC00410433",82.6,61.5
"1336763","USC00410433",82.9,61.9
"1336764","USC00410433",83.2,62.2
"1336765","USC00410433",83.5,62.6
"1336766","USC00410433",83.9,63
"1336767","USC00410433",84.2,63.3
"1336768","USC00410433",84.5,63.7
"1336769","USC00410433",84.9,64
"1336770","USC00410433",85.2,64.4
"1336771","USC00410433",85.6,64.7
"1336772","USC00410433",86,65.1
"1336773","USC00410433",86.3,65.4
"1336774","USC00410433",86.7,65.7
"1336775","USC00410433",87,66.1
"1336776","USC00410433",87.4,66.4
"1336777","USC00410433",87.8,66.7
"1336778","USC00410433",88.1,67
"1336779","USC00410433",88.5,67.3
"1336780","USC00410433",88.8,67.5
"1336781","USC00410433",89.2,67.8
"1336782","USC00410433",89.5,68.1
"1336783","USC00410433",89.8,68.3
"1336784","USC00410433",90.1,68.5
"1336785","USC00410433",90.4,68.8
"1336786","USC00410433",90.7,69
"1336787","USC00410433",91,69.2
"1336788","USC00410433",91.2,69.4
"1336789","USC00410433",91.5,69.6
"1336790","USC00410433",91.7,69.7
"1336791","USC00410433",91.9,69.9
"1336792","USC00410433",92.1,70.1
"1336793","USC00410433",92.3,70.2
"1336794","USC00410433",92.4,70.3
"1336795","USC00410433",92.6,70.5
"1336796","USC00410433",92.7,70.6
"1336797","USC00410433",92.9,70.7
"1336798","USC00410433",93,70.8
"1336799","USC00410433",93.1,70.9
"1336800","USC00410433",93.1,71
"1336801","USC00410433",93.2,71
"1336802","USC00410433",93.3,71.1
"1336803","USC00410433",93.3,71.2
"1336804","USC00410433",93.4,71.3
"1336805","USC00410433",93.4,71.3
"1336806","USC00410433",93.5,71.4
"1336807","USC00410433",93.5,71.5
"1336808","USC00410433",93.5,71.5
"1336809","USC00410433",93.5,71.6
"1336810","USC00410433",93.5,71.6
"1336811","USC00410433",93.6,71.7
"1336812","USC00410433",93.6,71.7
"1336813","USC00410433",93.6,71.8
"1336814","USC00410433",93.6,71.9
"1336815","USC00410433",93.7,71.9
"1336816","USC00410433",93.7,72
"1336817","USC00410433",93.7,72
"1336818","USC00410433",93.8,72.1
"1336819","USC00410433",93.8,72.2
"1336820","USC00410433",93.9,72.2
"1336821","USC00410433",94,72.3
"1336822","USC00410433",94,72.4
"1336823","USC00410433",94.1,72.4
"1336824","USC00410433",94.2,72.5
"1336825","USC00410433",94.3,72.6
"1336826","USC00410433",94.4,72.6
"1336827","USC00410433",94.6,72.7
"1336828","USC00410433",94.7,72.8
"1336829","USC00410433",94.8,72.9
"1336830","USC00410433",95,72.9
"1336831","USC00410433",95.1,73
"1336832","USC00410433",95.3,73.1
"1336833","USC00410433",95.4,73.1
"1336834","USC00410433",95.6,73.2
"1336835","USC00410433",95.8,73.3
"1336836","USC00410433",96,73.3
"1336837","USC00410433",96.1,73.4
"1336838","USC00410433",96.3,73.5
"1336839","USC00410433",96.5,73.5
"1336840","USC00410433",96.7,73.6
"1336841","USC00410433",96.8,73.6
"1336842","USC00410433",97,73.7
"1336843","USC00410433",97.1,73.7
"1336844","USC00410433",97.3,73.7
"1336845","USC00410433",97.4,73.8
"1336846","USC00410433",97.6,73.8
"1336847","USC00410433",97.7,73.8
"1336848","USC00410433",97.8,73.8
"1336849","USC00410433",97.9,73.8
"1336850","USC00410433",98,73.8
"1336851","USC00410433",98.1,73.8
"1336852","USC00410433",98.2,73.8
"1336853","USC00410433",98.2,73.8
"1336854","USC00410433",98.2,73.7
"1336855","USC00410433",98.2,73.7
"1336856","USC00410433",98.2,73.7
"1336857","USC00410433",98.2,73.6
"1336858","USC00410433",98.2,73.6
"1336859","USC00410433",98.1,73.5
"1336860","USC00410433",98.1,73.4
"1336861","USC00410433",98,73.4
"1336862","USC00410433",97.8,73.3
"1336863","USC00410433",97.7,73.2
"1336864","USC00410433",97.6,73.1
"1336865","USC00410433",97.4,73
"1336866","USC00410433",97.2,72.9
"1336867","USC00410433",97,72.8
"1336868","USC00410433",96.8,72.7
"1336869","USC00410433",96.6,72.5
"1336870","USC00410433",96.4,72.4
"1336871","USC00410433",96.1,72.3
"1336872","USC00410433",95.9,72.1
"1336873","USC00410433",95.6,72
"1336874","USC00410433",95.3,71.8
"1336875","USC00410433",95,71.6
"1336876","USC00410433",94.8,71.4
"1336877","USC00410433",94.4,71.3
"1336878","USC00410433",94.1,71.1
"1336879","USC00410433",93.8,70.9
"1336880","USC00410433",93.5,70.7
"1336881","USC00410433",93.2,70.4
"1336882","USC00410433",92.9,70.2
"1336883","USC00410433",92.5,70
"1336884","USC00410433",92.2,69.8
"1336885","USC00410433",91.9,69.5
"1336886","USC00410433",91.6,69.3
"1336887","USC00410433",91.2,69
"1336888","USC00410433",90.9,68.7
"1336889","USC00410433",90.6,68.5
"1336890","USC00410433",90.3,68.2
"1336891","USC00410433",90,67.9
"1336892","USC00410433",89.6,67.6
"1336893","USC00410433",89.3,67.3
"1336894","USC00410433",89,67
"1336895","USC00410433",88.7,66.7
"1336896","USC00410433",88.4,66.4
"1336897","USC00410433",88.1,66
"1336898","USC00410433",87.8,65.7
"1336899","USC00410433",87.6,65.4
"1336900","USC00410433",87.3,65
"1336901","USC00410433",87,64.7
"1336902","USC00410433",86.7,64.3
"1336903","USC00410433",86.4,64
"1336904","USC00410433",86.2,63.6
"1336905","USC00410433",85.9,63.2
"1336906","USC00410433",85.6,62.9
"1336907","USC00410433",85.3,62.5
"1336908","USC00410433",85.1,62.1
"1336909","USC00410433",84.8,61.7
"1336910","USC00410433",84.5,61.4
"1336911","USC00410433",84.3,61
"1336912","USC00410433",84,60.6
"1336913","USC00410433",83.7,60.2
"1336914","USC00410433",83.4,59.8
"1336915","USC00410433",83.1,59.4
"1336916","USC00410433",82.9,59.1
"1336917","USC00410433",82.6,58.7
"1336918","USC00410433",82.3,58.3
"1336919","USC00410433",82,57.9
"1336920","USC00410433",81.7,57.5
"1336921","USC00410433",81.4,57.2
"1336922","USC00410433",81.1,56.8
"1336923","USC00410433",80.8,56.4
"1336924","USC00410433",80.4,56.1
"1336925","USC00410433",80.1,55.7
"1336926","USC00410433",79.8,55.3
"1336927","USC00410433",79.5,55
"1336928","USC00410433",79.1,54.6
"1336929","USC00410433",78.8,54.3
"1336930","USC00410433",78.4,53.9
"1336931","USC00410433",78.1,53.6
"1336932","USC00410433",77.7,53.3
"1336933","USC00410433",77.4,52.9
"1336934","USC00410433",77,52.6
"1336935","USC00410433",76.6,52.3
"1336936","USC00410433",76.3,52
"1336937","USC00410433",75.9,51.7
"1336938","USC00410433",75.5,51.4
"1336939","USC00410433",75.1,51
"1336940","USC00410433",74.8,50.7
"1336941","USC00410433",74.4,50.4
"1336942","USC00410433",74,50.2
"1336943","USC00410433",73.6,49.9
"1336944","USC00410433",73.2,49.6
"1336945","USC00410433",72.8,49.3
"1336946","USC00410433",72.5,49
"1336947","USC00410433",72.1,48.7
"1336948","USC00410433",71.7,48.4
"1336949","USC00410433",71.3,48.1
"1336950","USC00410433",70.9,47.9
"1336951","USC00410433",70.6,47.6
"1336952","USC00410433",70.2,47.3
"1336953","USC00410433",69.8,47
"1336954","USC00410433",69.4,46.7
"1336955","USC00410433",69.1,46.5
"1336956","USC00410433",68.7,46.2
"1336957","USC00410433",68.4,45.9
"1336958","USC00410433",68,45.6
"1336959","USC00410433",67.7,45.4
"1336960","USC00410433",67.3,45.1
"1336961","USC00410433",67,44.8
"1336962","USC00410433",66.6,44.6
"1336963","USC00410433",66.3,44.3
"1336964","USC00410433",66,44
"1336965","USC00410433",65.7,43.7
"1336966","USC00410433",65.3,43.5
"1336967","USC00410433",65,43.2
"1336968","USC00410433",64.7,42.9
"1336969","USC00410433",64.4,42.7
"1336970","USC00410433",64.2,42.4
"1336971","USC00410433",63.9,42.2
"1336972","USC00410433",63.6,41.9
"1336973","USC00410433",63.3,41.7
"1336974","USC00410433",63.1,41.4
"1336975","USC00410433",62.8,41.2
"1336976","USC00410433",62.6,40.9
"1336977","USC00410433",62.4,40.7
"1336978","USC00410433",62.2,40.5
"1336979","USC00410433",61.9,40.3
"1336980","USC00410433",61.7,40
"1336981","USC00410433",61.5,39.8
"1336982","USC00410433",61.4,39.6
"1336983","USC00410433",61.2,39.4
"1336984","USC00410433",61,39.2
"1336985","USC00410433",60.9,39.1
"1336986","USC00410433",60.7,38.9
"1336987","USC00410433",60.6,38.7
"1336988","USC00410433",60.5,38.6
"1336989","USC00410433",60.4,38.4
"1336990","USC00410433",60.3,38.3
"1336991","USC00410433",60.2,38.1
"1336992","USC00410433",60.1,38
"1336993","USC00410433",60.1,37.9
"1336994","USC00410433",60,37.8
"1336995","USC00410433",60,37.7
"1336996","USC00410433",59.9,37.6
"1336997","USC00410433",59.9,37.5
"1336998","USC00410433",59.9,37.4
"1357495","USC00412011",65.7,46.2
"1357496","USC00412011",65.6,46.1
"1357497","USC00412011",65.6,46
"1357498","USC00412011",65.5,45.9
"1357499","USC00412011",65.4,45.8
"1357500","USC00412011",65.4,45.7
"1357501","USC00412011",65.3,45.7
"1357502","USC00412011",65.3,45.6
"1357503","USC00412011",65.3,45.6
"1357504","USC00412011",65.3,45.6
"1357505","USC00412011",65.3,45.5
"1357506","USC00412011",65.3,45.5
"1357507","USC00412011",65.4,45.5
"1357508","USC00412011",65.4,45.5
"1357509","USC00412011",65.5,45.6
"1357510","USC00412011",65.5,45.6
"1357511","USC00412011",65.6,45.6
"1357512","USC00412011",65.7,45.7
"1357513","USC00412011",65.8,45.8
"1357514","USC00412011",65.9,45.8
"1357515","USC00412011",66,45.9
"1357516","USC00412011",66.1,46
"1357517","USC00412011",66.2,46.1
"1357518","USC00412011",66.3,46.2
"1357519","USC00412011",66.5,46.3
"1357520","USC00412011",66.6,46.5
"1357521","USC00412011",66.8,46.6
"1357522","USC00412011",66.9,46.8
"1357523","USC00412011",67.1,46.9
"1357524","USC00412011",67.3,47.1
"1357525","USC00412011",67.4,47.2
"1357526","USC00412011",67.6,47.4
"1357527","USC00412011",67.8,47.6
"1357528","USC00412011",67.9,47.8
"1357529","USC00412011",68.1,48
"1357530","USC00412011",68.3,48.2
"1357531","USC00412011",68.5,48.4
"1357532","USC00412011",68.6,48.6
"1357533","USC00412011",68.8,48.9
"1357534","USC00412011",69,49.1
"1357535","USC00412011",69.2,49.3
"1357536","USC00412011",69.3,49.6
"1357537","USC00412011",69.5,49.8
"1357538","USC00412011",69.7,50.1
"1357539","USC00412011",69.8,50.3
"1357540","USC00412011",70,50.6
"1357541","USC00412011",70.2,50.9
"1357542","USC00412011",70.3,51.1
"1357543","USC00412011",70.5,51.4
"1357544","USC00412011",70.7,51.7
"1357545","USC00412011",70.8,52
"1357546","USC00412011",71,52.2
"1357547","USC00412011",71.2,52.5
"1357548","USC00412011",71.3,52.8
"1357549","USC00412011",71.5,53.1
"1357550","USC00412011",71.7,53.4
"1357551","USC00412011",71.8,53.7
"1357552","USC00412011",72,54
"1357553","USC00412011",72.2,54.2
"1357554","USC00412011",72.2,54.4
"1357555","USC00412011",72.3,54.5
"1357556","USC00412011",72.5,54.8
"1357557","USC00412011",72.7,55.1
"1357558","USC00412011",72.8,55.4
"1357559","USC00412011",73,55.7
"1357560","USC00412011",73.2,56
"1357561","USC00412011",73.4,56.2
"1357562","USC00412011",73.6,56.5
"1357563","USC00412011",73.8,56.8
"1357564","USC00412011",74,57.1
"1357565","USC00412011",74.2,57.3
"1357566","USC00412011",74.4,57.6
"1357567","USC00412011",74.6,57.9
"1357568","USC00412011",74.8,58.1
"1357569","USC00412011",75,58.4
"1357570","USC00412011",75.2,58.6
"1357571","USC00412011",75.4,58.8
"1357572","USC00412011",75.7,59.1
"1357573","USC00412011",75.9,59.3
"1357574","USC00412011",76.1,59.5
"1357575","USC00412011",76.3,59.7
"1357576","USC00412011",76.5,59.9
"1357577","USC00412011",76.8,60.2
"1357578","USC00412011",77,60.3
"1357579","USC00412011",77.2,60.5
"1357580","USC00412011",77.4,60.7
"1357581","USC00412011",77.7,60.9
"1357582","USC00412011",77.9,61.1
"1357583","USC00412011",78.1,61.2
"1357584","USC00412011",78.3,61.4
"1357585","USC00412011",78.5,61.6
"1357586","USC00412011",78.7,61.7
"1357587","USC00412011",78.9,61.9
"1357588","USC00412011",79.1,62
"1357589","USC00412011",79.3,62.2
"1357590","USC00412011",79.5,62.3
"1357591","USC00412011",79.7,62.5
"1357592","USC00412011",79.8,62.6
"1357593","USC00412011",80,62.7
"1357594","USC00412011",80.2,62.9
"1357595","USC00412011",80.3,63
"1357596","USC00412011",80.5,63.1
"1357597","USC00412011",80.6,63.3
"1357598","USC00412011",80.8,63.4
"1357599","USC00412011",80.9,63.6
"1357600","USC00412011",81.1,63.7
"1357601","USC00412011",81.2,63.9
"1357602","USC00412011",81.3,64
"1357603","USC00412011",81.4,64.2
"1357604","USC00412011",81.6,64.3
"1357605","USC00412011",81.7,64.5
"1357606","USC00412011",81.8,64.7
"1357607","USC00412011",81.9,64.8
"1357608","USC00412011",82,65
"1357609","USC00412011",82.1,65.2
"1357610","USC00412011",82.3,65.4
"1357611","USC00412011",82.4,65.6
"1357612","USC00412011",82.5,65.8
"1357613","USC00412011",82.6,66
"1357614","USC00412011",82.8,66.2
"1357615","USC00412011",82.9,66.5
"1357616","USC00412011",83,66.7
"1357617","USC00412011",83.1,66.9
"1357618","USC00412011",83.3,67.2
"1357619","USC00412011",83.4,67.4
"1357620","USC00412011",83.6,67.7
"1357621","USC00412011",83.7,68
"1357622","USC00412011",83.9,68.2
"1357623","USC00412011",84.1,68.5
"1357624","USC00412011",84.3,68.8
"1357625","USC00412011",84.4,69
"1357626","USC00412011",84.6,69.3
"1357627","USC00412011",84.8,69.6
"1357628","USC00412011",85,69.9
"1357629","USC00412011",85.2,70.1
"1357630","USC00412011",85.4,70.4
"1357631","USC00412011",85.7,70.7
"1357632","USC00412011",85.9,71
"1357633","USC00412011",86.1,71.2
"1357634","USC00412011",86.3,71.5
"1357635","USC00412011",86.6,71.8
"1357636","USC00412011",86.8,72
"1357637","USC00412011",87,72.3
"1357638","USC00412011",87.3,72.5
"1357639","USC00412011",87.5,72.7
"1357640","USC00412011",87.7,73
"1357641","USC00412011",87.9,73.2
"1357642","USC00412011",88.2,73.4
"1357643","USC00412011",88.4,73.6
"1357644","USC00412011",88.6,73.8
"1357645","USC00412011",88.8,74
"1357646","USC00412011",89,74.2
"1357647","USC00412011",89.2,74.3
"1357648","USC00412011",89.4,74.5
"1357649","USC00412011",89.6,74.6
"1357650","USC00412011",89.8,74.8
"1357651","USC00412011",89.9,74.9
"1357652","USC00412011",90.1,75
"1357653","USC00412011",90.2,75.1
"1357654","USC00412011",90.4,75.2
"1357655","USC00412011",90.5,75.3
"1357656","USC00412011",90.6,75.3
"1357657","USC00412011",90.7,75.4
"1357658","USC00412011",90.8,75.5
"1357659","USC00412011",90.9,75.5
"1357660","USC00412011",90.9,75.6
"1357661","USC00412011",91,75.6
"1357662","USC00412011",91.1,75.6
"1357663","USC00412011",91.1,75.6
"1357664","USC00412011",91.1,75.7
"1357665","USC00412011",91.2,75.7
"1357666","USC00412011",91.2,75.7
"1357667","USC00412011",91.2,75.7
"1357668","USC00412011",91.2,75.7
"1357669","USC00412011",91.2,75.7
"1357670","USC00412011",91.2,75.7
"1357671","USC00412011",91.2,75.7
"1357672","USC00412011",91.1,75.7
"1357673","USC00412011",91.1,75.7
"1357674","USC00412011",91.1,75.7
"1357675","USC00412011",91.1,75.7
"1357676","USC00412011",91.1,75.8
"1357677","USC00412011",91.1,75.8
"1357678","USC00412011",91,75.8
"1357679","USC00412011",91,75.8
"1357680","USC00412011",91,75.8
"1357681","USC00412011",91,75.8
"1357682","USC00412011",91,75.9
"1357683","USC00412011",91,75.9
"1357684","USC00412011",91,75.9
"1357685","USC00412011",91,76
"1357686","USC00412011",91.1,76
"1357687","USC00412011",91.1,76.1
"1357688","USC00412011",91.1,76.1
"1357689","USC00412011",91.2,76.2
"1357690","USC00412011",91.2,76.2
"1357691","USC00412011",91.3,76.3
"1357692","USC00412011",91.4,76.3
"1357693","USC00412011",91.4,76.4
"1357694","USC00412011",91.5,76.5
"1357695","USC00412011",91.6,76.5
"1357696","USC00412011",91.7,76.6
"1357697","USC00412011",91.8,76.7
"1357698","USC00412011",91.9,76.7
"1357699","USC00412011",92,76.8
"1357700","USC00412011",92.1,76.9
"1357701","USC00412011",92.2,76.9
"1357702","USC00412011",92.3,77
"1357703","USC00412011",92.4,77
"1357704","USC00412011",92.6,77.1
"1357705","USC00412011",92.7,77.1
"1357706","USC00412011",92.8,77.2
"1357707","USC00412011",92.9,77.2
"1357708","USC00412011",93,77.3
"1357709","USC00412011",93.1,77.3
"1357710","USC00412011",93.2,77.3
"1357711","USC00412011",93.3,77.3
"1357712","USC00412011",93.4,77.4
"1357713","USC00412011",93.4,77.4
"1357714","USC00412011",93.5,77.4
"1357715","USC00412011",93.6,77.4
"1357716","USC00412011",93.6,77.4
"1357717","USC00412011",93.6,77.3
"1357718","USC00412011",93.7,77.3
"1357719","USC00412011",93.7,77.3
"1357720","USC00412011",93.7,77.3
"1357721","USC00412011",93.7,77.2
"1357722","USC00412011",93.7,77.2
"1357723","USC00412011",93.6,77.1
"1357724","USC00412011",93.6,77.1
"1357725","USC00412011",93.5,77
"1357726","USC00412011",93.5,76.9
"1357727","USC00412011",93.4,76.9
"1357728","USC00412011",93.3,76.8
"1357729","USC00412011",93.2,76.7
"1357730","USC00412011",93.1,76.6
"1357731","USC00412011",93,76.5
"1357732","USC00412011",92.9,76.4
"1357733","USC00412011",92.7,76.3
"1357734","USC00412011",92.6,76.2
"1357735","USC00412011",92.4,76.1
"1357736","USC00412011",92.3,76
"1357737","USC00412011",92.1,75.9
"1357738","USC00412011",92,75.7
"1357739","USC00412011",91.8,75.6
"1357740","USC00412011",91.6,75.5
"1357741","USC00412011",91.5,75.4
"1357742","USC00412011",91.3,75.2
"1357743","USC00412011",91.1,75.1
"1357744","USC00412011",90.9,75
"1357745","USC00412011",90.8,74.8
"1357746","USC00412011",90.6,74.7
"1357747","USC00412011",90.4,74.5
"1357748","USC00412011",90.2,74.4
"1357749","USC00412011",90.1,74.2
"1357750","USC00412011",89.9,74.1
"1357751","USC00412011",89.7,73.9
"1357752","USC00412011",89.6,73.7
"1357753","USC00412011",89.4,73.6
"1357754","USC00412011",89.2,73.4
"1357755","USC00412011",89.1,73.2
"1357756","USC00412011",88.9,73
"1357757","USC00412011",88.8,72.8
"1357758","USC00412011",88.6,72.6
"1357759","USC00412011",88.5,72.4
"1357760","USC00412011",88.3,72.2
"1357761","USC00412011",88.2,72
"1357762","USC00412011",88.1,71.8
"1357763","USC00412011",87.9,71.6
"1357764","USC00412011",87.8,71.3
"1357765","USC00412011",87.6,71.1
"1357766","USC00412011",87.5,70.9
"1357767","USC00412011",87.4,70.6
"1357768","USC00412011",87.2,70.4
"1357769","USC00412011",87.1,70.1
"1357770","USC00412011",86.9,69.8
"1357771","USC00412011",86.7,69.6
"1357772","USC00412011",86.6,69.3
"1357773","USC00412011",86.4,69
"1357774","USC00412011",86.3,68.7
"1357775","USC00412011",86.1,68.4
"1357776","USC00412011",85.9,68.1
"1357777","USC00412011",85.7,67.8
"1357778","USC00412011",85.5,67.5
"1357779","USC00412011",85.3,67.1
"1357780","USC00412011",85.1,66.8
"1357781","USC00412011",84.9,66.5
"1357782","USC00412011",84.7,66.2
"1357783","USC00412011",84.4,65.8
"1357784","USC00412011",84.2,65.5
"1357785","USC00412011",83.9,65.1
"1357786","USC00412011",83.7,64.8
"1357787","USC00412011",83.4,64.5
"1357788","USC00412011",83.1,64.1
"1357789","USC00412011",82.9,63.8
"1357790","USC00412011",82.6,63.4
"1357791","USC00412011",82.3,63.1
"1357792","USC00412011",82,62.7
"1357793","USC00412011",81.7,62.4
"1357794","USC00412011",81.4,62.1
"1357795","USC00412011",81.1,61.7
"1357796","USC00412011",80.8,61.4
"1357797","USC00412011",80.4,61
"1357798","USC00412011",80.1,60.7
"1357799","USC00412011",79.8,60.4
"1357800","USC00412011",79.5,60.1
"1357801","USC00412011",79.1,59.7
"1357802","USC00412011",78.8,59.4
"1357803","USC00412011",78.5,59.1
"1357804","USC00412011",78.2,58.8
"1357805","USC00412011",77.8,58.5
"1357806","USC00412011",77.5,58.2
"1357807","USC00412011",77.2,57.9
"1357808","USC00412011",76.9,57.6
"1357809","USC00412011",76.6,57.3
"1357810","USC00412011",76.3,57.1
"1357811","USC00412011",76,56.8
"1357812","USC00412011",75.7,56.5
"1357813","USC00412011",75.4,56.3
"1357814","USC00412011",75.1,56
"1357815","USC00412011",74.8,55.7
"1357816","USC00412011",74.5,55.5
"1357817","USC00412011",74.2,55.2
"1357818","USC00412011",74,55
"1357819","USC00412011",73.7,54.7
"1357820","USC00412011",73.4,54.5
"1357821","USC00412011",73.2,54.3
"1357822","USC00412011",72.9,54
"1357823","USC00412011",72.7,53.8
"1357824","USC00412011",72.4,53.6
"1357825","USC00412011",72.2,53.3
"1357826","USC00412011",72,53.1
"1357827","USC00412011",71.7,52.9
"1357828","USC00412011",71.5,52.6
"1357829","USC00412011",71.3,52.4
"1357830","USC00412011",71.1,52.2
"1357831","USC00412011",70.9,51.9
"1357832","USC00412011",70.7,51.7
"1357833","USC00412011",70.4,51.5
"1357834","USC00412011",70.2,51.3
"1357835","USC00412011",70,51
"1357836","USC00412011",69.8,50.8
"1357837","USC00412011",69.6,50.6
"1357838","USC00412011",69.4,50.4
"1357839","USC00412011",69.2,50.2
"1357840","USC00412011",69,49.9
"1357841","USC00412011",68.8,49.7
"1357842","USC00412011",68.6,49.5
"1357843","USC00412011",68.5,49.3
"1357844","USC00412011",68.3,49.1
"1357845","USC00412011",68.1,48.9
"1357846","USC00412011",67.9,48.7
"1357847","USC00412011",67.7,48.5
"1357848","USC00412011",67.5,48.3
"1357849","USC00412011",67.4,48.1
"1357850","USC00412011",67.2,47.9
"1357851","USC00412011",67,47.7
"1357852","USC00412011",66.9,47.5
"1357853","USC00412011",66.7,47.3
"1357854","USC00412011",66.6,47.2
"1357855","USC00412011",66.4,47
"1357856","USC00412011",66.3,46.8
"1357857","USC00412011",66.2,46.7
"1357858","USC00412011",66,46.6
"1357859","USC00412011",65.9,46.4
"1357860","USC00412011",65.8,46.3
"1382383","USC00414333",63.8,45
"1382384","USC00414333",63.7,44.9
"1382385","USC00414333",63.7,44.8
"1382386","USC00414333",63.6,44.7
"1382387","USC00414333",63.6,44.6
"1382388","USC00414333",63.5,44.5
"1382389","USC00414333",63.5,44.4
"1382390","USC00414333",63.5,44.4
"1382391","USC00414333",63.5,44.3
"1382392","USC00414333",63.5,44.3
"1382393","USC00414333",63.5,44.3
"1382394","USC00414333",63.5,44.3
"1382395","USC00414333",63.6,44.3
"1382396","USC00414333",63.6,44.3
"1382397","USC00414333",63.6,44.3
"1382398","USC00414333",63.7,44.4
"1382399","USC00414333",63.8,44.4
"1382400","USC00414333",63.8,44.5
"1382401","USC00414333",63.9,44.5
"1382402","USC00414333",64,44.6
"1382403","USC00414333",64.1,44.7
"1382404","USC00414333",64.2,44.8
"1382405","USC00414333",64.3,44.9
"1382406","USC00414333",64.4,45.1
"1382407","USC00414333",64.5,45.2
"1382408","USC00414333",64.6,45.3
"1382409","USC00414333",64.7,45.5
"1382410","USC00414333",64.9,45.6
"1382411","USC00414333",65,45.8
"1382412","USC00414333",65.1,46
"1382413","USC00414333",65.3,46.2
"1382414","USC00414333",65.4,46.4
"1382415","USC00414333",65.6,46.6
"1382416","USC00414333",65.7,46.8
"1382417","USC00414333",65.9,47
"1382418","USC00414333",66,47.2
"1382419","USC00414333",66.2,47.4
"1382420","USC00414333",66.3,47.6
"1382421","USC00414333",66.5,47.9
"1382422","USC00414333",66.7,48.1
"1382423","USC00414333",66.8,48.3
"1382424","USC00414333",67,48.6
"1382425","USC00414333",67.2,48.8
"1382426","USC00414333",67.3,49.1
"1382427","USC00414333",67.5,49.3
"1382428","USC00414333",67.7,49.6
"1382429","USC00414333",67.9,49.8
"1382430","USC00414333",68.1,50.1
"1382431","USC00414333",68.3,50.3
"1382432","USC00414333",68.4,50.6
"1382433","USC00414333",68.6,50.8
"1382434","USC00414333",68.8,51.1
"1382435","USC00414333",69,51.3
"1382436","USC00414333",69.2,51.6
"1382437","USC00414333",69.4,51.8
"1382438","USC00414333",69.6,52.1
"1382439","USC00414333",69.9,52.3
"1382440","USC00414333",70.1,52.6
"1382441","USC00414333",70.3,52.8
"1382442","USC00414333",70.4,52.9
"1382443","USC00414333",70.5,53.1
"1382444","USC00414333",70.7,53.3
"1382445","USC00414333",71,53.5
"1382446","USC00414333",71.2,53.8
"1382447","USC00414333",71.4,54
"1382448","USC00414333",71.6,54.2
"1382449","USC00414333",71.9,54.5
"1382450","USC00414333",72.1,54.7
"1382451","USC00414333",72.3,54.9
"1382452","USC00414333",72.6,55.1
"1382453","USC00414333",72.8,55.3
"1382454","USC00414333",73.1,55.5
"1382455","USC00414333",73.3,55.7
"1382456","USC00414333",73.5,55.9
"1382457","USC00414333",73.8,56.1
"1382458","USC00414333",74,56.3
"1382459","USC00414333",74.2,56.5
"1382460","USC00414333",74.4,56.7
"1382461","USC00414333",74.7,56.9
"1382462","USC00414333",74.9,57.1
"1382463","USC00414333",75.1,57.2
"1382464","USC00414333",75.3,57.4
"1382465","USC00414333",75.5,57.6
"1382466","USC00414333",75.7,57.8
"1382467","USC00414333",75.9,57.9
"1382468","USC00414333",76.1,58.1
"1382469","USC00414333",76.3,58.3
"1382470","USC00414333",76.5,58.4
"1382471","USC00414333",76.7,58.6
"1382472","USC00414333",76.8,58.7
"1382473","USC00414333",77,58.9
"1382474","USC00414333",77.1,59.1
"1382475","USC00414333",77.3,59.2
"1382476","USC00414333",77.5,59.4
"1382477","USC00414333",77.6,59.5
"1382478","USC00414333",77.7,59.7
"1382479","USC00414333",77.9,59.8
"1382480","USC00414333",78,60
"1382481","USC00414333",78.1,60.2
"1382482","USC00414333",78.3,60.3
"1382483","USC00414333",78.4,60.5
"1382484","USC00414333",78.5,60.7
"1382485","USC00414333",78.6,60.8
"1382486","USC00414333",78.7,61
"1382487","USC00414333",78.9,61.2
"1382488","USC00414333",79,61.4
"1382489","USC00414333",79.1,61.5
"1382490","USC00414333",79.2,61.7
"1382491","USC00414333",79.3,61.9
"1382492","USC00414333",79.5,62.1
"1382493","USC00414333",79.6,62.3
"1382494","USC00414333",79.7,62.5
"1382495","USC00414333",79.9,62.7
"1382496","USC00414333",80,63
"1382497","USC00414333",80.2,63.2
"1382498","USC00414333",80.4,63.4
"1382499","USC00414333",80.5,63.7
"1382500","USC00414333",80.7,63.9
"1382501","USC00414333",80.9,64.1
"1382502","USC00414333",81.1,64.4
"1382503","USC00414333",81.3,64.6
"1382504","USC00414333",81.5,64.9
"1382505","USC00414333",81.7,65.2
"1382506","USC00414333",81.9,65.5
"1382507","USC00414333",82.2,65.7
"1382508","USC00414333",82.4,66
"1382509","USC00414333",82.7,66.3
"1382510","USC00414333",82.9,66.6
"1382511","USC00414333",83.2,66.9
"1382512","USC00414333",83.4,67.2
"1382513","USC00414333",83.7,67.5
"1382514","USC00414333",84,67.8
"1382515","USC00414333",84.3,68.1
"1382516","USC00414333",84.6,68.4
"1382517","USC00414333",84.9,68.7
"1382518","USC00414333",85.2,69
"1382519","USC00414333",85.5,69.3
"1382520","USC00414333",85.8,69.6
"1382521","USC00414333",86.1,69.9
"1382522","USC00414333",86.4,70.1
"1382523","USC00414333",86.7,70.4
"1382524","USC00414333",87,70.7
"1382525","USC00414333",87.3,71
"1382526","USC00414333",87.5,71.3
"1382527","USC00414333",87.8,71.6
"1382528","USC00414333",88.1,71.8
"1382529","USC00414333",88.4,72.1
"1382530","USC00414333",88.6,72.3
"1382531","USC00414333",88.9,72.6
"1382532","USC00414333",89.1,72.8
"1382533","USC00414333",89.3,73.1
"1382534","USC00414333",89.5,73.3
"1382535","USC00414333",89.7,73.5
"1382536","USC00414333",89.9,73.7
"1382537","USC00414333",90.1,73.9
"1382538","USC00414333",90.3,74.1
"1382539","USC00414333",90.4,74.3
"1382540","USC00414333",90.6,74.4
"1382541","USC00414333",90.7,74.6
"1382542","USC00414333",90.8,74.7
"1382543","USC00414333",90.9,74.9
"1382544","USC00414333",91,75
"1382545","USC00414333",91.1,75.1
"1382546","USC00414333",91.2,75.2
"1382547","USC00414333",91.2,75.3
"1382548","USC00414333",91.3,75.4
"1382549","USC00414333",91.3,75.5
"1382550","USC00414333",91.3,75.6
"1382551","USC00414333",91.3,75.7
"1382552","USC00414333",91.3,75.8
"1382553","USC00414333",91.3,75.8
"1382554","USC00414333",91.3,75.9
"1382555","USC00414333",91.3,75.9
"1382556","USC00414333",91.3,76
"1382557","USC00414333",91.3,76
"1382558","USC00414333",91.3,76
"1382559","USC00414333",91.3,76.1
"1382560","USC00414333",91.3,76.1
"1382561","USC00414333",91.3,76.1
"1382562","USC00414333",91.2,76.1
"1382563","USC00414333",91.2,76.1
"1382564","USC00414333",91.2,76.2
"1382565","USC00414333",91.2,76.2
"1382566","USC00414333",91.2,76.2
"1382567","USC00414333",91.2,76.2
"1382568","USC00414333",91.3,76.2
"1382569","USC00414333",91.3,76.2
"1382570","USC00414333",91.3,76.2
"1382571","USC00414333",91.3,76.3
"1382572","USC00414333",91.4,76.3
"1382573","USC00414333",91.4,76.3
"1382574","USC00414333",91.5,76.3
"1382575","USC00414333",91.5,76.3
"1382576","USC00414333",91.6,76.3
"1382577","USC00414333",91.7,76.4
"1382578","USC00414333",91.8,76.4
"1382579","USC00414333",91.8,76.4
"1382580","USC00414333",91.9,76.4
"1382581","USC00414333",92,76.5
"1382582","USC00414333",92.1,76.5
"1382583","USC00414333",92.2,76.5
"1382584","USC00414333",92.3,76.6
"1382585","USC00414333",92.5,76.6
"1382586","USC00414333",92.6,76.6
"1382587","USC00414333",92.7,76.7
"1382588","USC00414333",92.8,76.7
"1382589","USC00414333",92.9,76.8
"1382590","USC00414333",93,76.8
"1382591","USC00414333",93.1,76.8
"1382592","USC00414333",93.2,76.9
"1382593","USC00414333",93.3,76.9
"1382594","USC00414333",93.4,77
"1382595","USC00414333",93.5,77
"1382596","USC00414333",93.6,77
"1382597","USC00414333",93.7,77.1
"1382598","USC00414333",93.7,77.1
"1382599","USC00414333",93.8,77.1
"1382600","USC00414333",93.8,77.2
"1382601","USC00414333",93.9,77.2
"1382602","USC00414333",93.9,77.2
"1382603","USC00414333",93.9,77.2
"1382604","USC00414333",93.9,77.2
"1382605","USC00414333",93.9,77.3
"1382606","USC00414333",93.9,77.3
"1382607","USC00414333",93.8,77.3
"1382608","USC00414333",93.8,77.3
"1382609","USC00414333",93.7,77.3
"1382610","USC00414333",93.7,77.2
"1382611","USC00414333",93.6,77.2
"1382612","USC00414333",93.5,77.2
"1382613","USC00414333",93.4,77.2
"1382614","USC00414333",93.3,77.1
"1382615","USC00414333",93.2,77.1
"1382616","USC00414333",93.1,77
"1382617","USC00414333",92.9,77
"1382618","USC00414333",92.8,76.9
"1382619","USC00414333",92.6,76.9
"1382620","USC00414333",92.5,76.8
"1382621","USC00414333",92.3,76.7
"1382622","USC00414333",92.2,76.6
"1382623","USC00414333",92,76.5
"1382624","USC00414333",91.8,76.4
"1382625","USC00414333",91.6,76.3
"1382626","USC00414333",91.5,76.2
"1382627","USC00414333",91.3,76
"1382628","USC00414333",91.1,75.9
"1382629","USC00414333",90.9,75.8
"1382630","USC00414333",90.7,75.6
"1382631","USC00414333",90.5,75.4
"1382632","USC00414333",90.3,75.3
"1382633","USC00414333",90.2,75.1
"1382634","USC00414333",90,74.9
"1382635","USC00414333",89.8,74.7
"1382636","USC00414333",89.6,74.5
"1382637","USC00414333",89.4,74.3
"1382638","USC00414333",89.3,74.1
"1382639","USC00414333",89.1,73.9
"1382640","USC00414333",88.9,73.7
"1382641","USC00414333",88.7,73.4
"1382642","USC00414333",88.6,73.2
"1382643","USC00414333",88.4,72.9
"1382644","USC00414333",88.2,72.7
"1382645","USC00414333",88.1,72.4
"1382646","USC00414333",87.9,72.1
"1382647","USC00414333",87.7,71.8
"1382648","USC00414333",87.6,71.5
"1382649","USC00414333",87.4,71.2
"1382650","USC00414333",87.3,70.9
"1382651","USC00414333",87.1,70.6
"1382652","USC00414333",86.9,70.3
"1382653","USC00414333",86.8,69.9
"1382654","USC00414333",86.6,69.6
"1382655","USC00414333",86.4,69.3
"1382656","USC00414333",86.2,68.9
"1382657","USC00414333",86.1,68.6
"1382658","USC00414333",85.9,68.2
"1382659","USC00414333",85.7,67.9
"1382660","USC00414333",85.5,67.5
"1382661","USC00414333",85.3,67.1
"1382662","USC00414333",85.1,66.7
"1382663","USC00414333",84.9,66.4
"1382664","USC00414333",84.6,66
"1382665","USC00414333",84.4,65.6
"1382666","USC00414333",84.2,65.2
"1382667","USC00414333",83.9,64.8
"1382668","USC00414333",83.7,64.5
"1382669","USC00414333",83.4,64.1
"1382670","USC00414333",83.2,63.7
"1382671","USC00414333",82.9,63.3
"1382672","USC00414333",82.6,62.9
"1382673","USC00414333",82.4,62.6
"1382674","USC00414333",82.1,62.2
"1382675","USC00414333",81.8,61.8
"1382676","USC00414333",81.5,61.4
"1382677","USC00414333",81.2,61.1
"1382678","USC00414333",80.9,60.7
"1382679","USC00414333",80.6,60.3
"1382680","USC00414333",80.2,60
"1382681","USC00414333",79.9,59.6
"1382682","USC00414333",79.6,59.3
"1382683","USC00414333",79.3,59
"1382684","USC00414333",78.9,58.6
"1382685","USC00414333",78.6,58.3
"1382686","USC00414333",78.3,58
"1382687","USC00414333",77.9,57.7
"1382688","USC00414333",77.6,57.4
"1382689","USC00414333",77.3,57.1
"1382690","USC00414333",77,56.8
"1382691","USC00414333",76.6,56.5
"1382692","USC00414333",76.3,56.2
"1382693","USC00414333",76,55.9
"1382694","USC00414333",75.7,55.7
"1382695","USC00414333",75.3,55.4
"1382696","USC00414333",75,55.2
"1382697","USC00414333",74.7,54.9
"1382698","USC00414333",74.4,54.7
"1382699","USC00414333",74.1,54.4
"1382700","USC00414333",73.8,54.2
"1382701","USC00414333",73.5,54
"1382702","USC00414333",73.2,53.8
"1382703","USC00414333",72.9,53.5
"1382704","USC00414333",72.6,53.3
"1382705","USC00414333",72.3,53.1
"1382706","USC00414333",72.1,52.9
"1382707","USC00414333",71.8,52.7
"1382708","USC00414333",71.5,52.5
"1382709","USC00414333",71.3,52.3
"1382710","USC00414333",71,52.1
"1382711","USC00414333",70.7,51.9
"1382712","USC00414333",70.5,51.7
"1382713","USC00414333",70.2,51.5
"1382714","USC00414333",70,51.3
"1382715","USC00414333",69.8,51.2
"1382716","USC00414333",69.5,51
"1382717","USC00414333",69.3,50.8
"1382718","USC00414333",69,50.6
"1382719","USC00414333",68.8,50.4
"1382720","USC00414333",68.6,50.2
"1382721","USC00414333",68.4,50
"1382722","USC00414333",68.1,49.8
"1382723","USC00414333",67.9,49.6
"1382724","USC00414333",67.7,49.4
"1382725","USC00414333",67.5,49.2
"1382726","USC00414333",67.3,49
"1382727","USC00414333",67.1,48.8
"1382728","USC00414333",66.9,48.6
"1382729","USC00414333",66.7,48.4
"1382730","USC00414333",66.5,48.2
"1382731","USC00414333",66.3,48
"1382732","USC00414333",66.1,47.8
"1382733","USC00414333",65.9,47.6
"1382734","USC00414333",65.7,47.4
"1382735","USC00414333",65.6,47.2
"1382736","USC00414333",65.4,47.1
"1382737","USC00414333",65.2,46.9
"1382738","USC00414333",65.1,46.7
"1382739","USC00414333",64.9,46.5
"1382740","USC00414333",64.8,46.3
"1382741","USC00414333",64.6,46.1
"1382742","USC00414333",64.5,46
"1382743","USC00414333",64.4,45.8
"1382744","USC00414333",64.2,45.7
"1382745","USC00414333",64.1,45.5
"1382746","USC00414333",64,45.4
"1382747","USC00414333",63.9,45.2
"1382748","USC00414333",63.9,45.1
"1394095","USC00415409",53.2,27.7
"1394096","USC00415409",53.3,27.7
"1394097","USC00415409",53.4,27.7
"1394098","USC00415409",53.6,27.7
"1394099","USC00415409",53.7,27.8
"1394100","USC00415409",53.9,27.8
"1394101","USC00415409",54,27.8
"1394102","USC00415409",54.2,27.9
"1394103","USC00415409",54.4,28
"1394104","USC00415409",54.6,28
"1394105","USC00415409",54.8,28.1
"1394106","USC00415409",55,28.2
"1394107","USC00415409",55.2,28.3
"1394108","USC00415409",55.4,28.3
"1394109","USC00415409",55.6,28.4
"1394110","USC00415409",55.8,28.5
"1394111","USC00415409",56,28.6
"1394112","USC00415409",56.2,28.6
"1394113","USC00415409",56.3,28.7
"1394114","USC00415409",56.5,28.8
"1394115","USC00415409",56.7,28.9
"1394116","USC00415409",56.9,28.9
"1394117","USC00415409",57,29
"1394118","USC00415409",57.2,29.1
"1394119","USC00415409",57.3,29.1
"1394120","USC00415409",57.5,29.2
"1394121","USC00415409",57.6,29.2
"1394122","USC00415409",57.7,29.3
"1394123","USC00415409",57.8,29.4
"1394124","USC00415409",57.9,29.4
"1394125","USC00415409",58,29.5
"1394126","USC00415409",58.1,29.5
"1394127","USC00415409",58.2,29.6
"1394128","USC00415409",58.3,29.6
"1394129","USC00415409",58.3,29.7
"1394130","USC00415409",58.4,29.8
"1394131","USC00415409",58.5,29.9
"1394132","USC00415409",58.6,29.9
"1394133","USC00415409",58.6,30
"1394134","USC00415409",58.7,30.1
"1394135","USC00415409",58.8,30.2
"1394136","USC00415409",58.9,30.3
"1394137","USC00415409",59,30.4
"1394138","USC00415409",59.1,30.6
"1394139","USC00415409",59.2,30.7
"1394140","USC00415409",59.3,30.9
"1394141","USC00415409",59.4,31.1
"1394142","USC00415409",59.6,31.2
"1394143","USC00415409",59.8,31.4
"1394144","USC00415409",59.9,31.6
"1394145","USC00415409",60.1,31.9
"1394146","USC00415409",60.3,32.1
"1394147","USC00415409",60.6,32.4
"1394148","USC00415409",60.8,32.6
"1394149","USC00415409",61.1,32.9
"1394150","USC00415409",61.3,33.2
"1394151","USC00415409",61.6,33.5
"1394152","USC00415409",62,33.9
"1394153","USC00415409",62.3,34.2
"1394154","USC00415409",62.5,34.4
"1394155","USC00415409",62.7,34.6
"1394156","USC00415409",63,34.9
"1394157","USC00415409",63.4,35.3
"1394158","USC00415409",63.8,35.7
"1394159","USC00415409",64.2,36.1
"1394160","USC00415409",64.7,36.5
"1394161","USC00415409",65.1,36.9
"1394162","USC00415409",65.6,37.3
"1394163","USC00415409",66,37.7
"1394164","USC00415409",66.5,38.1
"1394165","USC00415409",67,38.5
"1394166","USC00415409",67.5,38.9
"1394167","USC00415409",67.9,39.3
"1394168","USC00415409",68.4,39.7
"1394169","USC00415409",68.9,40.2
"1394170","USC00415409",69.4,40.6
"1394171","USC00415409",69.9,40.9
"1394172","USC00415409",70.3,41.3
"1394173","USC00415409",70.8,41.7
"1394174","USC00415409",71.2,42.1
"1394175","USC00415409",71.7,42.4
"1394176","USC00415409",72.1,42.8
"1394177","USC00415409",72.5,43.1
"1394178","USC00415409",72.9,43.4
"1394179","USC00415409",73.3,43.7
"1394180","USC00415409",73.6,44
"1394181","USC00415409",74,44.3
"1394182","USC00415409",74.3,44.5
"1394183","USC00415409",74.6,44.8
"1394184","USC00415409",74.8,45
"1394185","USC00415409",75.1,45.2
"1394186","USC00415409",75.3,45.4
"1394187","USC00415409",75.5,45.6
"1394188","USC00415409",75.7,45.8
"1394189","USC00415409",75.9,46
"1394190","USC00415409",76.1,46.1
"1394191","USC00415409",76.2,46.3
"1394192","USC00415409",76.3,46.4
"1394193","USC00415409",76.4,46.6
"1394194","USC00415409",76.5,46.7
"1394195","USC00415409",76.5,46.8
"1394196","USC00415409",76.6,47
"1394197","USC00415409",76.6,47.1
"1394198","USC00415409",76.7,47.2
"1394199","USC00415409",76.7,47.3
"1394200","USC00415409",76.7,47.5
"1394201","USC00415409",76.8,47.6
"1394202","USC00415409",76.8,47.7
"1394203","USC00415409",76.8,47.9
"1394204","USC00415409",76.8,48
"1394205","USC00415409",76.9,48.2
"1394206","USC00415409",76.9,48.4
"1394207","USC00415409",77,48.6
"1394208","USC00415409",77,48.8
"1394209","USC00415409",77.1,49
"1394210","USC00415409",77.2,49.2
"1394211","USC00415409",77.3,49.4
"1394212","USC00415409",77.4,49.7
"1394213","USC00415409",77.5,49.9
"1394214","USC00415409",77.7,50.2
"1394215","USC00415409",77.9,50.5
"1394216","USC00415409",78.1,50.8
"1394217","USC00415409",78.3,51.2
"1394218","USC00415409",78.5,51.5
"1394219","USC00415409",78.8,51.9
"1394220","USC00415409",79,52.2
"1394221","USC00415409",79.3,52.6
"1394222","USC00415409",79.7,53
"1394223","USC00415409",80,53.4
"1394224","USC00415409",80.3,53.8
"1394225","USC00415409",80.7,54.3
"1394226","USC00415409",81.1,54.7
"1394227","USC00415409",81.5,55.2
"1394228","USC00415409",81.9,55.6
"1394229","USC00415409",82.4,56.1
"1394230","USC00415409",82.8,56.5
"1394231","USC00415409",83.3,57
"1394232","USC00415409",83.7,57.4
"1394233","USC00415409",84.2,57.9
"1394234","USC00415409",84.6,58.4
"1394235","USC00415409",85.1,58.8
"1394236","USC00415409",85.6,59.3
"1394237","USC00415409",86,59.7
"1394238","USC00415409",86.5,60.1
"1394239","USC00415409",86.9,60.6
"1394240","USC00415409",87.4,61
"1394241","USC00415409",87.8,61.4
"1394242","USC00415409",88.2,61.8
"1394243","USC00415409",88.6,62.2
"1394244","USC00415409",89,62.5
"1394245","USC00415409",89.4,62.9
"1394246","USC00415409",89.8,63.2
"1394247","USC00415409",90.1,63.6
"1394248","USC00415409",90.4,63.9
"1394249","USC00415409",90.7,64.2
"1394250","USC00415409",91,64.4
"1394251","USC00415409",91.2,64.7
"1394252","USC00415409",91.5,65
"1394253","USC00415409",91.7,65.2
"1394254","USC00415409",91.9,65.4
"1394255","USC00415409",92,65.6
"1394256","USC00415409",92.2,65.8
"1394257","USC00415409",92.3,66
"1394258","USC00415409",92.4,66.2
"1394259","USC00415409",92.5,66.3
"1394260","USC00415409",92.6,66.5
"1394261","USC00415409",92.6,66.6
"1394262","USC00415409",92.7,66.8
"1394263","USC00415409",92.7,66.9
"1394264","USC00415409",92.7,67
"1394265","USC00415409",92.7,67.1
"1394266","USC00415409",92.7,67.2
"1394267","USC00415409",92.6,67.3
"1394268","USC00415409",92.6,67.4
"1394269","USC00415409",92.6,67.5
"1394270","USC00415409",92.5,67.6
"1394271","USC00415409",92.5,67.7
"1394272","USC00415409",92.4,67.8
"1394273","USC00415409",92.4,67.9
"1394274","USC00415409",92.3,68
"1394275","USC00415409",92.3,68.1
"1394276","USC00415409",92.2,68.2
"1394277","USC00415409",92.2,68.3
"1394278","USC00415409",92.2,68.4
"1394279","USC00415409",92.2,68.5
"1394280","USC00415409",92.1,68.6
"1394281","USC00415409",92.1,68.7
"1394282","USC00415409",92.1,68.9
"1394283","USC00415409",92.1,69
"1394284","USC00415409",92.2,69.1
"1394285","USC00415409",92.2,69.2
"1394286","USC00415409",92.2,69.4
"1394287","USC00415409",92.3,69.5
"1394288","USC00415409",92.3,69.6
"1394289","USC00415409",92.4,69.7
"1394290","USC00415409",92.5,69.9
"1394291","USC00415409",92.5,70
"1394292","USC00415409",92.6,70.1
"1394293","USC00415409",92.7,70.2
"1394294","USC00415409",92.8,70.4
"1394295","USC00415409",92.9,70.5
"1394296","USC00415409",93,70.6
"1394297","USC00415409",93.1,70.7
"1394298","USC00415409",93.2,70.8
"1394299","USC00415409",93.3,70.9
"1394300","USC00415409",93.4,71
"1394301","USC00415409",93.5,71
"1394302","USC00415409",93.6,71.1
"1394303","USC00415409",93.7,71.1
"1394304","USC00415409",93.7,71.2
"1394305","USC00415409",93.8,71.2
"1394306","USC00415409",93.9,71.2
"1394307","USC00415409",93.9,71.3
"1394308","USC00415409",93.9,71.3
"1394309","USC00415409",94,71.2
"1394310","USC00415409",94,71.2
"1394311","USC00415409",94,71.2
"1394312","USC00415409",94,71.1
"1394313","USC00415409",93.9,71.1
"1394314","USC00415409",93.9,71
"1394315","USC00415409",93.8,70.9
"1394316","USC00415409",93.7,70.8
"1394317","USC00415409",93.6,70.7
"1394318","USC00415409",93.5,70.6
"1394319","USC00415409",93.4,70.4
"1394320","USC00415409",93.2,70.3
"1394321","USC00415409",93.1,70.1
"1394322","USC00415409",92.9,70
"1394323","USC00415409",92.7,69.8
"1394324","USC00415409",92.5,69.6
"1394325","USC00415409",92.3,69.4
"1394326","USC00415409",92.1,69.2
"1394327","USC00415409",91.8,69
"1394328","USC00415409",91.6,68.7
"1394329","USC00415409",91.3,68.5
"1394330","USC00415409",91,68.3
"1394331","USC00415409",90.8,68
"1394332","USC00415409",90.5,67.8
"1394333","USC00415409",90.2,67.5
"1394334","USC00415409",89.9,67.3
"1394335","USC00415409",89.6,67
"1394336","USC00415409",89.3,66.7
"1394337","USC00415409",89,66.5
"1394338","USC00415409",88.6,66.2
"1394339","USC00415409",88.3,65.9
"1394340","USC00415409",88,65.6
"1394341","USC00415409",87.7,65.3
"1394342","USC00415409",87.4,65
"1394343","USC00415409",87.1,64.7
"1394344","USC00415409",86.8,64.4
"1394345","USC00415409",86.5,64.1
"1394346","USC00415409",86.2,63.8
"1394347","USC00415409",85.9,63.5
"1394348","USC00415409",85.6,63.2
"1394349","USC00415409",85.3,62.9
"1394350","USC00415409",85,62.6
"1394351","USC00415409",84.7,62.2
"1394352","USC00415409",84.4,61.9
"1394353","USC00415409",84.1,61.5
"1394354","USC00415409",83.8,61.2
"1394355","USC00415409",83.6,60.9
"1394356","USC00415409",83.3,60.5
"1394357","USC00415409",83,60.1
"1394358","USC00415409",82.8,59.8
"1394359","USC00415409",82.5,59.4
"1394360","USC00415409",82.3,59
"1394361","USC00415409",82,58.7
"1394362","USC00415409",81.8,58.3
"1394363","USC00415409",81.5,57.9
"1394364","USC00415409",81.2,57.5
"1394365","USC00415409",81,57.1
"1394366","USC00415409",80.7,56.7
"1394367","USC00415409",80.5,56.3
"1394368","USC00415409",80.2,55.9
"1394369","USC00415409",80,55.4
"1394370","USC00415409",79.7,55
"1394371","USC00415409",79.5,54.6
"1394372","USC00415409",79.2,54.2
"1394373","USC00415409",79,53.8
"1394374","USC00415409",78.7,53.3
"1394375","USC00415409",78.4,52.9
"1394376","USC00415409",78.2,52.5
"1394377","USC00415409",77.9,52
"1394378","USC00415409",77.6,51.6
"1394379","USC00415409",77.3,51.2
"1394380","USC00415409",77.1,50.8
"1394381","USC00415409",76.8,50.3
"1394382","USC00415409",76.5,49.9
"1394383","USC00415409",76.2,49.5
"1394384","USC00415409",75.9,49.1
"1394385","USC00415409",75.6,48.7
"1394386","USC00415409",75.3,48.2
"1394387","USC00415409",75,47.8
"1394388","USC00415409",74.7,47.4
"1394389","USC00415409",74.4,47
"1394390","USC00415409",74.1,46.7
"1394391","USC00415409",73.8,46.3
"1394392","USC00415409",73.5,45.9
"1394393","USC00415409",73.2,45.5
"1394394","USC00415409",72.8,45.1
"1394395","USC00415409",72.5,44.8
"1394396","USC00415409",72.2,44.4
"1394397","USC00415409",71.8,44.1
"1394398","USC00415409",71.5,43.7
"1394399","USC00415409",71.2,43.4
"1394400","USC00415409",70.8,43
"1394401","USC00415409",70.5,42.7
"1394402","USC00415409",70.2,42.4
"1394403","USC00415409",69.8,42.1
"1394404","USC00415409",69.5,41.7
"1394405","USC00415409",69.1,41.4
"1394406","USC00415409",68.7,41.1
"1394407","USC00415409",68.4,40.8
"1394408","USC00415409",68,40.5
"1394409","USC00415409",67.6,40.1
"1394410","USC00415409",67.3,39.8
"1394411","USC00415409",66.9,39.5
"1394412","USC00415409",66.5,39.2
"1394413","USC00415409",66.1,38.9
"1394414","USC00415409",65.7,38.6
"1394415","USC00415409",65.3,38.3
"1394416","USC00415409",64.9,37.9
"1394417","USC00415409",64.5,37.6
"1394418","USC00415409",64.1,37.3
"1394419","USC00415409",63.7,37
"1394420","USC00415409",63.3,36.7
"1394421","USC00415409",62.9,36.3
"1394422","USC00415409",62.5,36
"1394423","USC00415409",62.1,35.7
"1394424","USC00415409",61.6,35.4
"1394425","USC00415409",61.2,35
"1394426","USC00415409",60.8,34.7
"1394427","USC00415409",60.4,34.4
"1394428","USC00415409",60,34.1
"1394429","USC00415409",59.6,33.7
"1394430","USC00415409",59.2,33.4
"1394431","USC00415409",58.8,33.1
"1394432","USC00415409",58.4,32.8
"1394433","USC00415409",58,32.4
"1394434","USC00415409",57.6,32.1
"1394435","USC00415409",57.2,31.8
"1394436","USC00415409",56.8,31.5
"1394437","USC00415409",56.5,31.2
"1394438","USC00415409",56.2,30.9
"1394439","USC00415409",55.8,30.7
"1394440","USC00415409",55.5,30.4
"1394441","USC00415409",55.2,30.1
"1394442","USC00415409",54.9,29.9
"1394443","USC00415409",54.7,29.7
"1394444","USC00415409",54.4,29.4
"1394445","USC00415409",54.2,29.2
"1394446","USC00415409",54,29
"1394447","USC00415409",53.8,28.8
"1394448","USC00415409",53.6,28.7
"1394449","USC00415409",53.5,28.5
"1394450","USC00415409",53.3,28.4
"1394451","USC00415409",53.2,28.2
"1394452","USC00415409",53.1,28.1
"1394453","USC00415409",53.1,28
"1394454","USC00415409",53,27.9
"1394455","USC00415409",53,27.8
"1394456","USC00415409",53,27.8
"1394457","USC00415409",53,27.7
"1394458","USC00415409",53,27.7
"1394459","USC00415409",53.1,27.7
"1394460","USC00415409",53.1,27.7
"1417519","USC00417947",62.8,39
"1417520","USC00417947",62.8,38.9
"1417521","USC00417947",62.8,38.9
"1417522","USC00417947",62.8,38.8
"1417523","USC00417947",62.8,38.8
"1417524","USC00417947",62.8,38.8
"1417525","USC00417947",62.8,38.7
"1417526","USC00417947",62.8,38.7
"1417527","USC00417947",62.8,38.7
"1417528","USC00417947",62.9,38.7
"1417529","USC00417947",62.9,38.8
"1417530","USC00417947",63,38.8
"1417531","USC00417947",63,38.8
"1417532","USC00417947",63.1,38.8
"1417533","USC00417947",63.2,38.9
"1417534","USC00417947",63.3,38.9
"1417535","USC00417947",63.3,39
"1417536","USC00417947",63.4,39.1
"1417537","USC00417947",63.5,39.1
"1417538","USC00417947",63.6,39.2
"1417539","USC00417947",63.7,39.3
"1417540","USC00417947",63.8,39.4
"1417541","USC00417947",64,39.5
"1417542","USC00417947",64.1,39.6
"1417543","USC00417947",64.2,39.7
"1417544","USC00417947",64.3,39.8
"1417545","USC00417947",64.5,39.9
"1417546","USC00417947",64.6,40
"1417547","USC00417947",64.8,40.1
"1417548","USC00417947",64.9,40.3
"1417549","USC00417947",65.1,40.4
"1417550","USC00417947",65.2,40.5
"1417551","USC00417947",65.4,40.7
"1417552","USC00417947",65.5,40.8
"1417553","USC00417947",65.7,41
"1417554","USC00417947",65.9,41.2
"1417555","USC00417947",66,41.4
"1417556","USC00417947",66.2,41.5
"1417557","USC00417947",66.4,41.7
"1417558","USC00417947",66.6,41.9
"1417559","USC00417947",66.7,42.1
"1417560","USC00417947",66.9,42.4
"1417561","USC00417947",67.1,42.6
"1417562","USC00417947",67.3,42.8
"1417563","USC00417947",67.5,43
"1417564","USC00417947",67.7,43.3
"1417565","USC00417947",67.9,43.5
"1417566","USC00417947",68.1,43.8
"1417567","USC00417947",68.3,44.1
"1417568","USC00417947",68.5,44.3
"1417569","USC00417947",68.7,44.6
"1417570","USC00417947",68.9,44.9
"1417571","USC00417947",69.2,45.2
"1417572","USC00417947",69.4,45.5
"1417573","USC00417947",69.6,45.8
"1417574","USC00417947",69.8,46.1
"1417575","USC00417947",70.1,46.4
"1417576","USC00417947",70.3,46.8
"1417577","USC00417947",70.6,47.1
"1417578","USC00417947",70.7,47.2
"1417579","USC00417947",70.8,47.4
"1417580","USC00417947",71,47.7
"1417581","USC00417947",71.3,48.1
"1417582","USC00417947",71.5,48.4
"1417583","USC00417947",71.8,48.7
"1417584","USC00417947",72.1,49
"1417585","USC00417947",72.3,49.4
"1417586","USC00417947",72.6,49.7
"1417587","USC00417947",72.9,50
"1417588","USC00417947",73.1,50.3
"1417589","USC00417947",73.4,50.6
"1417590","USC00417947",73.7,51
"1417591","USC00417947",73.9,51.3
"1417592","USC00417947",74.2,51.5
"1417593","USC00417947",74.5,51.8
"1417594","USC00417947",74.7,52.1
"1417595","USC00417947",75,52.4
"1417596","USC00417947",75.3,52.6
"1417597","USC00417947",75.5,52.9
"1417598","USC00417947",75.8,53.1
"1417599","USC00417947",76.1,53.4
"1417600","USC00417947",76.3,53.6
"1417601","USC00417947",76.6,53.8
"1417602","USC00417947",76.8,54
"1417603","USC00417947",77.1,54.2
"1417604","USC00417947",77.3,54.4
"1417605","USC00417947",77.6,54.5
"1417606","USC00417947",77.8,54.7
"1417607","USC00417947",78,54.9
"1417608","USC00417947",78.2,55
"1417609","USC00417947",78.4,55.2
"1417610","USC00417947",78.6,55.3
"1417611","USC00417947",78.8,55.4
"1417612","USC00417947",79,55.5
"1417613","USC00417947",79.2,55.6
"1417614","USC00417947",79.4,55.8
"1417615","USC00417947",79.6,55.9
"1417616","USC00417947",79.8,56
"1417617","USC00417947",79.9,56.1
"1417618","USC00417947",80.1,56.2
"1417619","USC00417947",80.2,56.3
"1417620","USC00417947",80.4,56.4
"1417621","USC00417947",80.5,56.5
"1417622","USC00417947",80.7,56.6
"1417623","USC00417947",80.8,56.8
"1417624","USC00417947",80.9,56.9
"1417625","USC00417947",81,57
"1417626","USC00417947",81.2,57.2
"1417627","USC00417947",81.3,57.3
"1417628","USC00417947",81.4,57.5
"1417629","USC00417947",81.5,57.6
"1417630","USC00417947",81.7,57.8
"1417631","USC00417947",81.8,58
"1417632","USC00417947",81.9,58.2
"1417633","USC00417947",82,58.4
"1417634","USC00417947",82.2,58.6
"1417635","USC00417947",82.3,58.9
"1417636","USC00417947",82.4,59.1
"1417637","USC00417947",82.6,59.4
"1417638","USC00417947",82.7,59.7
"1417639","USC00417947",82.9,60
"1417640","USC00417947",83,60.3
"1417641","USC00417947",83.2,60.6
"1417642","USC00417947",83.4,60.9
"1417643","USC00417947",83.6,61.2
"1417644","USC00417947",83.7,61.5
"1417645","USC00417947",83.9,61.9
"1417646","USC00417947",84.1,62.2
"1417647","USC00417947",84.3,62.6
"1417648","USC00417947",84.5,63
"1417649","USC00417947",84.8,63.3
"1417650","USC00417947",85,63.7
"1417651","USC00417947",85.2,64.1
"1417652","USC00417947",85.4,64.5
"1417653","USC00417947",85.7,64.9
"1417654","USC00417947",85.9,65.2
"1417655","USC00417947",86.2,65.6
"1417656","USC00417947",86.4,66
"1417657","USC00417947",86.7,66.4
"1417658","USC00417947",86.9,66.7
"1417659","USC00417947",87.2,67.1
"1417660","USC00417947",87.5,67.4
"1417661","USC00417947",87.7,67.8
"1417662","USC00417947",88,68.1
"1417663","USC00417947",88.2,68.4
"1417664","USC00417947",88.5,68.7
"1417665","USC00417947",88.7,69
"1417666","USC00417947",89,69.3
"1417667","USC00417947",89.2,69.6
"1417668","USC00417947",89.5,69.9
"1417669","USC00417947",89.7,70.1
"1417670","USC00417947",90,70.4
"1417671","USC00417947",90.2,70.6
"1417672","USC00417947",90.4,70.8
"1417673","USC00417947",90.6,71
"1417674","USC00417947",90.8,71.2
"1417675","USC00417947",91,71.3
"1417676","USC00417947",91.2,71.5
"1417677","USC00417947",91.4,71.6
"1417678","USC00417947",91.5,71.8
"1417679","USC00417947",91.7,71.9
"1417680","USC00417947",91.8,72
"1417681","USC00417947",92,72.1
"1417682","USC00417947",92.1,72.2
"1417683","USC00417947",92.2,72.3
"1417684","USC00417947",92.3,72.3
"1417685","USC00417947",92.4,72.4
"1417686","USC00417947",92.5,72.5
"1417687","USC00417947",92.6,72.5
"1417688","USC00417947",92.7,72.6
"1417689","USC00417947",92.8,72.6
"1417690","USC00417947",92.8,72.6
"1417691","USC00417947",92.9,72.7
"1417692","USC00417947",92.9,72.7
"1417693","USC00417947",93,72.7
"1417694","USC00417947",93,72.8
"1417695","USC00417947",93.1,72.8
"1417696","USC00417947",93.1,72.8
"1417697","USC00417947",93.2,72.9
"1417698","USC00417947",93.2,72.9
"1417699","USC00417947",93.2,73
"1417700","USC00417947",93.3,73
"1417701","USC00417947",93.3,73.1
"1417702","USC00417947",93.4,73.1
"1417703","USC00417947",93.4,73.2
"1417704","USC00417947",93.5,73.3
"1417705","USC00417947",93.5,73.3
"1417706","USC00417947",93.6,73.4
"1417707","USC00417947",93.7,73.5
"1417708","USC00417947",93.8,73.5
"1417709","USC00417947",93.8,73.6
"1417710","USC00417947",93.9,73.7
"1417711","USC00417947",94,73.8
"1417712","USC00417947",94.1,73.9
"1417713","USC00417947",94.2,74
"1417714","USC00417947",94.3,74.1
"1417715","USC00417947",94.4,74.2
"1417716","USC00417947",94.5,74.3
"1417717","USC00417947",94.7,74.4
"1417718","USC00417947",94.8,74.5
"1417719","USC00417947",94.9,74.6
"1417720","USC00417947",95.1,74.7
"1417721","USC00417947",95.2,74.8
"1417722","USC00417947",95.3,74.9
"1417723","USC00417947",95.5,75
"1417724","USC00417947",95.6,75.1
"1417725","USC00417947",95.8,75.1
"1417726","USC00417947",95.9,75.2
"1417727","USC00417947",96,75.3
"1417728","USC00417947",96.2,75.3
"1417729","USC00417947",96.3,75.4
"1417730","USC00417947",96.4,75.5
"1417731","USC00417947",96.5,75.5
"1417732","USC00417947",96.6,75.5
"1417733","USC00417947",96.7,75.6
"1417734","USC00417947",96.8,75.6
"1417735","USC00417947",96.9,75.6
"1417736","USC00417947",97,75.6
"1417737","USC00417947",97,75.6
"1417738","USC00417947",97.1,75.6
"1417739","USC00417947",97.1,75.5
"1417740","USC00417947",97.1,75.5
"1417741","USC00417947",97.1,75.4
"1417742","USC00417947",97.1,75.4
"1417743","USC00417947",97.1,75.3
"1417744","USC00417947",97.1,75.3
"1417745","USC00417947",97,75.2
"1417746","USC00417947",97,75.1
"1417747","USC00417947",96.9,75
"1417748","USC00417947",96.8,74.9
"1417749","USC00417947",96.7,74.8
"1417750","USC00417947",96.5,74.7
"1417751","USC00417947",96.4,74.5
"1417752","USC00417947",96.2,74.4
"1417753","USC00417947",96.1,74.3
"1417754","USC00417947",95.9,74.1
"1417755","USC00417947",95.7,74
"1417756","USC00417947",95.5,73.8
"1417757","USC00417947",95.3,73.7
"1417758","USC00417947",95,73.5
"1417759","USC00417947",94.8,73.3
"1417760","USC00417947",94.5,73.2
"1417761","USC00417947",94.3,73
"1417762","USC00417947",94,72.8
"1417763","USC00417947",93.8,72.6
"1417764","USC00417947",93.5,72.4
"1417765","USC00417947",93.2,72.2
"1417766","USC00417947",92.9,72
"1417767","USC00417947",92.6,71.8
"1417768","USC00417947",92.4,71.6
"1417769","USC00417947",92.1,71.4
"1417770","USC00417947",91.8,71.2
"1417771","USC00417947",91.5,70.9
"1417772","USC00417947",91.2,70.7
"1417773","USC00417947",90.9,70.5
"1417774","USC00417947",90.6,70.2
"1417775","USC00417947",90.4,70
"1417776","USC00417947",90.1,69.7
"1417777","USC00417947",89.8,69.5
"1417778","USC00417947",89.5,69.2
"1417779","USC00417947",89.3,68.9
"1417780","USC00417947",89,68.6
"1417781","USC00417947",88.8,68.4
"1417782","USC00417947",88.5,68.1
"1417783","USC00417947",88.3,67.8
"1417784","USC00417947",88,67.5
"1417785","USC00417947",87.8,67.2
"1417786","USC00417947",87.5,66.8
"1417787","USC00417947",87.3,66.5
"1417788","USC00417947",87.1,66.2
"1417789","USC00417947",86.9,65.8
"1417790","USC00417947",86.7,65.5
"1417791","USC00417947",86.4,65.2
"1417792","USC00417947",86.2,64.8
"1417793","USC00417947",86,64.4
"1417794","USC00417947",85.8,64.1
"1417795","USC00417947",85.6,63.7
"1417796","USC00417947",85.4,63.3
"1417797","USC00417947",85.2,63
"1417798","USC00417947",85,62.6
"1417799","USC00417947",84.7,62.2
"1417800","USC00417947",84.5,61.8
"1417801","USC00417947",84.3,61.4
"1417802","USC00417947",84.1,61
"1417803","USC00417947",83.8,60.6
"1417804","USC00417947",83.6,60.2
"1417805","USC00417947",83.4,59.8
"1417806","USC00417947",83.1,59.4
"1417807","USC00417947",82.9,59
"1417808","USC00417947",82.6,58.6
"1417809","USC00417947",82.4,58.2
"1417810","USC00417947",82.1,57.9
"1417811","USC00417947",81.8,57.5
"1417812","USC00417947",81.5,57.1
"1417813","USC00417947",81.3,56.7
"1417814","USC00417947",81,56.3
"1417815","USC00417947",80.7,56
"1417816","USC00417947",80.4,55.6
"1417817","USC00417947",80,55.2
"1417818","USC00417947",79.7,54.9
"1417819","USC00417947",79.4,54.5
"1417820","USC00417947",79.1,54.2
"1417821","USC00417947",78.7,53.8
"1417822","USC00417947",78.4,53.5
"1417823","USC00417947",78,53.1
"1417824","USC00417947",77.7,52.8
"1417825","USC00417947",77.3,52.5
"1417826","USC00417947",77,52.2
"1417827","USC00417947",76.6,51.9
"1417828","USC00417947",76.2,51.6
"1417829","USC00417947",75.9,51.3
"1417830","USC00417947",75.5,51
"1417831","USC00417947",75.1,50.7
"1417832","USC00417947",74.8,50.4
"1417833","USC00417947",74.4,50.1
"1417834","USC00417947",74,49.8
"1417835","USC00417947",73.7,49.6
"1417836","USC00417947",73.3,49.3
"1417837","USC00417947",72.9,49
"1417838","USC00417947",72.6,48.7
"1417839","USC00417947",72.2,48.5
"1417840","USC00417947",71.8,48.2
"1417841","USC00417947",71.5,48
"1417842","USC00417947",71.2,47.7
"1417843","USC00417947",70.8,47.4
"1417844","USC00417947",70.5,47.2
"1417845","USC00417947",70.1,46.9
"1417846","USC00417947",69.8,46.7
"1417847","USC00417947",69.5,46.4
"1417848","USC00417947",69.2,46.2
"1417849","USC00417947",68.9,45.9
"1417850","USC00417947",68.6,45.7
"1417851","USC00417947",68.3,45.4
"1417852","USC00417947",68,45.1
"1417853","USC00417947",67.7,44.9
"1417854","USC00417947",67.5,44.6
"1417855","USC00417947",67.2,44.4
"1417856","USC00417947",66.9,44.1
"1417857","USC00417947",66.7,43.9
"1417858","USC00417947",66.4,43.6
"1417859","USC00417947",66.2,43.4
"1417860","USC00417947",66,43.2
"1417861","USC00417947",65.8,42.9
"1417862","USC00417947",65.6,42.7
"1417863","USC00417947",65.4,42.5
"1417864","USC00417947",65.2,42.2
"1417865","USC00417947",65,42
"1417866","USC00417947",64.8,41.8
"1417867","USC00417947",64.6,41.6
"1417868","USC00417947",64.4,41.4
"1417869","USC00417947",64.3,41.2
"1417870","USC00417947",64.1,41
"1417871","USC00417947",64,40.8
"1417872","USC00417947",63.9,40.6
"1417873","USC00417947",63.7,40.4
"1417874","USC00417947",63.6,40.2
"1417875","USC00417947",63.5,40.1
"1417876","USC00417947",63.4,39.9
"1417877","USC00417947",63.3,39.8
"1417878","USC00417947",63.2,39.7
"1417879","USC00417947",63.1,39.5
"1417880","USC00417947",63.1,39.4
"1417881","USC00417947",63,39.3
"1417882","USC00417947",62.9,39.2
"1417883","USC00417947",62.9,39.1
"1417884","USC00417947",62.9,39
"1510117","USC00446147",50.7,34.1
"1510118","USC00446147",50.5,33.9
"1510119","USC00446147",50.3,33.7
"1510120","USC00446147",50.1,33.5
"1510121","USC00446147",49.9,33.3
"1510122","USC00446147",49.7,33.2
"1510123","USC00446147",49.6,33
"1510124","USC00446147",49.4,32.8
"1510125","USC00446147",49.3,32.6
"1510126","USC00446147",49.1,32.5
"1510127","USC00446147",49,32.3
"1510128","USC00446147",48.9,32.2
"1510129","USC00446147",48.8,32
"1510130","USC00446147",48.7,31.9
"1510131","USC00446147",48.6,31.8
"1510132","USC00446147",48.5,31.7
"1510133","USC00446147",48.5,31.6
"1510134","USC00446147",48.5,31.5
"1510135","USC00446147",48.4,31.4
"1510136","USC00446147",48.4,31.4
"1510137","USC00446147",48.5,31.3
"1510138","USC00446147",48.5,31.3
"1510139","USC00446147",48.5,31.3
"1510140","USC00446147",48.6,31.2
"1510141","USC00446147",48.7,31.2
"1510142","USC00446147",48.8,31.3
"1510143","USC00446147",48.9,31.3
"1510144","USC00446147",49,31.3
"1510145","USC00446147",49.1,31.4
"1510146","USC00446147",49.2,31.4
"1510147","USC00446147",49.4,31.5
"1510148","USC00446147",49.5,31.6
"1510149","USC00446147",49.7,31.7
"1510150","USC00446147",49.9,31.8
"1510151","USC00446147",50.1,31.9
"1510152","USC00446147",50.3,32
"1510153","USC00446147",50.4,32.1
"1510154","USC00446147",50.6,32.3
"1510155","USC00446147",50.8,32.4
"1510156","USC00446147",51,32.6
"1510157","USC00446147",51.3,32.7
"1510158","USC00446147",51.5,32.9
"1510159","USC00446147",51.7,33.1
"1510160","USC00446147",51.9,33.3
"1510161","USC00446147",52.1,33.5
"1510162","USC00446147",52.3,33.6
"1510163","USC00446147",52.5,33.8
"1510164","USC00446147",52.7,34
"1510165","USC00446147",52.9,34.2
"1510166","USC00446147",53.1,34.4
"1510167","USC00446147",53.3,34.7
"1510168","USC00446147",53.5,34.9
"1510169","USC00446147",53.7,35.1
"1510170","USC00446147",53.9,35.3
"1510171","USC00446147",54.1,35.5
"1510172","USC00446147",54.3,35.7
"1510173","USC00446147",54.5,35.9
"1510174","USC00446147",54.7,36.1
"1510175","USC00446147",54.9,36.4
"1510176","USC00446147",55,36.5
"1510177","USC00446147",55.1,36.6
"1510178","USC00446147",55.3,36.8
"1510179","USC00446147",55.5,37
"1510180","USC00446147",55.8,37.2
"1510181","USC00446147",56,37.5
"1510182","USC00446147",56.2,37.7
"1510183","USC00446147",56.4,37.9
"1510184","USC00446147",56.6,38.1
"1510185","USC00446147",56.8,38.3
"1510186","USC00446147",57.1,38.6
"1510187","USC00446147",57.3,38.8
"1510188","USC00446147",57.6,39
"1510189","USC00446147",57.8,39.3
"1510190","USC00446147",58.1,39.5
"1510191","USC00446147",58.3,39.7
"1510192","USC00446147",58.6,40
"1510193","USC00446147",58.9,40.2
"1510194","USC00446147",59.2,40.5
"1510195","USC00446147",59.5,40.7
"1510196","USC00446147",59.8,41
"1510197","USC00446147",60.1,41.2
"1510198","USC00446147",60.4,41.5
"1510199","USC00446147",60.8,41.8
"1510200","USC00446147",61.1,42
"1510201","USC00446147",61.4,42.3
"1510202","USC00446147",61.8,42.6
"1510203","USC00446147",62.1,42.9
"1510204","USC00446147",62.5,43.2
"1510205","USC00446147",62.9,43.4
"1510206","USC00446147",63.3,43.7
"1510207","USC00446147",63.6,44
"1510208","USC00446147",64,44.3
"1510209","USC00446147",64.4,44.7
"1510210","USC00446147",64.8,45
"1510211","USC00446147",65.2,45.3
"1510212","USC00446147",65.6,45.6
"1510213","USC00446147",65.9,45.9
"1510214","USC00446147",66.3,46.3
"1510215","USC00446147",66.7,46.6
"1510216","USC00446147",67.1,46.9
"1510217","USC00446147",67.5,47.2
"1510218","USC00446147",67.8,47.6
"1510219","USC00446147",68.2,47.9
"1510220","USC00446147",68.6,48.3
"1510221","USC00446147",68.9,48.6
"1510222","USC00446147",69.3,48.9
"1510223","USC00446147",69.6,49.3
"1510224","USC00446147",69.9,49.6
"1510225","USC00446147",70.3,49.9
"1510226","USC00446147",70.6,50.3
"1510227","USC00446147",70.9,50.6
"1510228","USC00446147",71.2,50.9
"1510229","USC00446147",71.5,51.3
"1510230","USC00446147",71.8,51.6
"1510231","USC00446147",72.1,51.9
"1510232","USC00446147",72.3,52.3
"1510233","USC00446147",72.6,52.6
"1510234","USC00446147",72.9,52.9
"1510235","USC00446147",73.1,53.2
"1510236","USC00446147",73.4,53.6
"1510237","USC00446147",73.6,53.9
"1510238","USC00446147",73.8,54.2
"1510239","USC00446147",74.1,54.5
"1510240","USC00446147",74.3,54.8
"1510241","USC00446147",74.5,55.1
"1510242","USC00446147",74.7,55.4
"1510243","USC00446147",74.9,55.7
"1510244","USC00446147",75.1,56
"1510245","USC00446147",75.3,56.3
"1510246","USC00446147",75.5,56.6
"1510247","USC00446147",75.7,56.9
"1510248","USC00446147",75.9,57.2
"1510249","USC00446147",76.2,57.5
"1510250","USC00446147",76.4,57.8
"1510251","USC00446147",76.6,58.1
"1510252","USC00446147",76.8,58.4
"1510253","USC00446147",77,58.6
"1510254","USC00446147",77.2,58.9
"1510255","USC00446147",77.4,59.2
"1510256","USC00446147",77.7,59.5
"1510257","USC00446147",77.9,59.8
"1510258","USC00446147",78.1,60.1
"1510259","USC00446147",78.4,60.3
"1510260","USC00446147",78.6,60.6
"1510261","USC00446147",78.8,60.9
"1510262","USC00446147",79.1,61.2
"1510263","USC00446147",79.4,61.5
"1510264","USC00446147",79.6,61.7
"1510265","USC00446147",79.9,62
"1510266","USC00446147",80.1,62.3
"1510267","USC00446147",80.4,62.6
"1510268","USC00446147",80.7,62.8
"1510269","USC00446147",81,63.1
"1510270","USC00446147",81.2,63.4
"1510271","USC00446147",81.5,63.7
"1510272","USC00446147",81.8,63.9
"1510273","USC00446147",82.1,64.2
"1510274","USC00446147",82.3,64.5
"1510275","USC00446147",82.6,64.7
"1510276","USC00446147",82.9,65
"1510277","USC00446147",83.2,65.3
"1510278","USC00446147",83.4,65.5
"1510279","USC00446147",83.7,65.8
"1510280","USC00446147",83.9,66
"1510281","USC00446147",84.2,66.3
"1510282","USC00446147",84.5,66.5
"1510283","USC00446147",84.7,66.8
"1510284","USC00446147",84.9,67
"1510285","USC00446147",85.2,67.2
"1510286","USC00446147",85.4,67.4
"1510287","USC00446147",85.6,67.7
"1510288","USC00446147",85.8,67.9
"1510289","USC00446147",86,68.1
"1510290","USC00446147",86.2,68.3
"1510291","USC00446147",86.4,68.5
"1510292","USC00446147",86.6,68.7
"1510293","USC00446147",86.8,68.9
"1510294","USC00446147",86.9,69
"1510295","USC00446147",87.1,69.2
"1510296","USC00446147",87.2,69.4
"1510297","USC00446147",87.4,69.5
"1510298","USC00446147",87.5,69.7
"1510299","USC00446147",87.6,69.8
"1510300","USC00446147",87.7,69.9
"1510301","USC00446147",87.8,70.1
"1510302","USC00446147",87.9,70.2
"1510303","USC00446147",88,70.3
"1510304","USC00446147",88.1,70.4
"1510305","USC00446147",88.1,70.5
"1510306","USC00446147",88.2,70.6
"1510307","USC00446147",88.2,70.7
"1510308","USC00446147",88.3,70.8
"1510309","USC00446147",88.3,70.8
"1510310","USC00446147",88.4,70.9
"1510311","USC00446147",88.4,71
"1510312","USC00446147",88.4,71
"1510313","USC00446147",88.4,71.1
"1510314","USC00446147",88.4,71.1
"1510315","USC00446147",88.4,71.2
"1510316","USC00446147",88.4,71.2
"1510317","USC00446147",88.4,71.2
"1510318","USC00446147",88.4,71.2
"1510319","USC00446147",88.4,71.3
"1510320","USC00446147",88.4,71.3
"1510321","USC00446147",88.3,71.3
"1510322","USC00446147",88.3,71.3
"1510323","USC00446147",88.3,71.3
"1510324","USC00446147",88.2,71.3
"1510325","USC00446147",88.2,71.3
"1510326","USC00446147",88.1,71.3
"1510327","USC00446147",88.1,71.3
"1510328","USC00446147",88,71.2
"1510329","USC00446147",87.9,71.2
"1510330","USC00446147",87.9,71.2
"1510331","USC00446147",87.8,71.2
"1510332","USC00446147",87.7,71.1
"1510333","USC00446147",87.6,71.1
"1510334","USC00446147",87.5,71.1
"1510335","USC00446147",87.4,71
"1510336","USC00446147",87.3,71
"1510337","USC00446147",87.2,70.9
"1510338","USC00446147",87.1,70.9
"1510339","USC00446147",86.9,70.8
"1510340","USC00446147",86.8,70.7
"1510341","USC00446147",86.7,70.7
"1510342","USC00446147",86.5,70.6
"1510343","USC00446147",86.4,70.5
"1510344","USC00446147",86.2,70.5
"1510345","USC00446147",86.1,70.4
"1510346","USC00446147",85.9,70.3
"1510347","USC00446147",85.8,70.2
"1510348","USC00446147",85.6,70.1
"1510349","USC00446147",85.4,70
"1510350","USC00446147",85.2,69.9
"1510351","USC00446147",85.1,69.8
"1510352","USC00446147",84.9,69.7
"1510353","USC00446147",84.7,69.6
"1510354","USC00446147",84.5,69.4
"1510355","USC00446147",84.3,69.3
"1510356","USC00446147",84.1,69.2
"1510357","USC00446147",83.9,69
"1510358","USC00446147",83.7,68.9
"1510359","USC00446147",83.5,68.7
"1510360","USC00446147",83.3,68.6
"1510361","USC00446147",83.1,68.4
"1510362","USC00446147",82.9,68.3
"1510363","USC00446147",82.7,68.1
"1510364","USC00446147",82.5,67.9
"1510365","USC00446147",82.4,67.7
"1510366","USC00446147",82.2,67.5
"1510367","USC00446147",82,67.3
"1510368","USC00446147",81.8,67.1
"1510369","USC00446147",81.6,66.9
"1510370","USC00446147",81.4,66.7
"1510371","USC00446147",81.2,66.5
"1510372","USC00446147",81,66.2
"1510373","USC00446147",80.8,66
"1510374","USC00446147",80.6,65.7
"1510375","USC00446147",80.4,65.5
"1510376","USC00446147",80.2,65.2
"1510377","USC00446147",80,65
"1510378","USC00446147",79.8,64.7
"1510379","USC00446147",79.6,64.4
"1510380","USC00446147",79.3,64.1
"1510381","USC00446147",79.1,63.8
"1510382","USC00446147",78.9,63.5
"1510383","USC00446147",78.7,63.2
"1510384","USC00446147",78.5,62.9
"1510385","USC00446147",78.2,62.6
"1510386","USC00446147",78,62.2
"1510387","USC00446147",77.7,61.9
"1510388","USC00446147",77.5,61.6
"1510389","USC00446147",77.2,61.2
"1510390","USC00446147",77,60.8
"1510391","USC00446147",76.7,60.5
"1510392","USC00446147",76.4,60.1
"1510393","USC00446147",76.1,59.7
"1510394","USC00446147",75.8,59.3
"1510395","USC00446147",75.5,58.9
"1510396","USC00446147",75.2,58.5
"1510397","USC00446147",74.8,58.1
"1510398","USC00446147",74.5,57.7
"1510399","USC00446147",74.1,57.3
"1510400","USC00446147",73.8,56.9
"1510401","USC00446147",73.4,56.5
"1510402","USC00446147",73,56
"1510403","USC00446147",72.6,55.6
"1510404","USC00446147",72.2,55.2
"1510405","USC00446147",71.8,54.7
"1510406","USC00446147",71.4,54.3
"1510407","USC00446147",70.9,53.8
"1510408","USC00446147",70.5,53.4
"1510409","USC00446147",70.1,52.9
"1510410","USC00446147",69.6,52.5
"1510411","USC00446147",69.2,52
"1510412","USC00446147",68.7,51.6
"1510413","USC00446147",68.3,51.1
"1510414","USC00446147",67.8,50.7
"1510415","USC00446147",67.3,50.3
"1510416","USC00446147",66.9,49.8
"1510417","USC00446147",66.4,49.4
"1510418","USC00446147",66,49
"1510419","USC00446147",65.5,48.5
"1510420","USC00446147",65.1,48.1
"1510421","USC00446147",64.6,47.7
"1510422","USC00446147",64.2,47.3
"1510423","USC00446147",63.8,46.9
"1510424","USC00446147",63.3,46.5
"1510425","USC00446147",62.9,46.1
"1510426","USC00446147",62.5,45.8
"1510427","USC00446147",62.1,45.4
"1510428","USC00446147",61.8,45.1
"1510429","USC00446147",61.4,44.7
"1510430","USC00446147",61,44.4
"1510431","USC00446147",60.7,44
"1510432","USC00446147",60.4,43.7
"1510433","USC00446147",60,43.4
"1510434","USC00446147",59.7,43.1
"1510435","USC00446147",59.4,42.8
"1510436","USC00446147",59.2,42.6
"1510437","USC00446147",58.9,42.3
"1510438","USC00446147",58.7,42.1
"1510439","USC00446147",58.4,41.8
"1510440","USC00446147",58.2,41.6
"1510441","USC00446147",58,41.4
"1510442","USC00446147",57.8,41.1
"1510443","USC00446147",57.6,40.9
"1510444","USC00446147",57.4,40.7
"1510445","USC00446147",57.2,40.5
"1510446","USC00446147",57.1,40.4
"1510447","USC00446147",56.9,40.2
"1510448","USC00446147",56.8,40
"1510449","USC00446147",56.6,39.8
"1510450","USC00446147",56.5,39.7
"1510451","USC00446147",56.4,39.5
"1510452","USC00446147",56.2,39.4
"1510453","USC00446147",56.1,39.2
"1510454","USC00446147",56,39.1
"1510455","USC00446147",55.9,38.9
"1510456","USC00446147",55.7,38.8
"1510457","USC00446147",55.6,38.6
"1510458","USC00446147",55.5,38.5
"1510459","USC00446147",55.3,38.3
"1510460","USC00446147",55.2,38.2
"1510461","USC00446147",55.1,38
"1510462","USC00446147",54.9,37.9
"1510463","USC00446147",54.8,37.7
"1510464","USC00446147",54.6,37.6
"1510465","USC00446147",54.4,37.4
"1510466","USC00446147",54.3,37.3
"1510467","USC00446147",54.1,37.1
"1510468","USC00446147",53.9,36.9
"1510469","USC00446147",53.7,36.8
"1510470","USC00446147",53.5,36.6
"1510471","USC00446147",53.3,36.4
"1510472","USC00446147",53.1,36.2
"1510473","USC00446147",52.9,36.1
"1510474","USC00446147",52.7,35.9
"1510475","USC00446147",52.5,35.7
"1510476","USC00446147",52.3,35.5
"1510477","USC00446147",52.1,35.3
"1510478","USC00446147",51.8,35.1
"1510479","USC00446147",51.6,34.9
"1510480","USC00446147",51.4,34.7
"1510481","USC00446147",51.2,34.5
"1510482","USC00446147",51,34.3
"1554403","USC00457941",32.1,21
"1554404","USC00457941",32.1,21.1
"1554405","USC00457941",32.2,21.2
"1554406","USC00457941",32.3,21.3
"1554407","USC00457941",32.4,21.4
"1554408","USC00457941",32.5,21.5
"1554409","USC00457941",32.6,21.6
"1554410","USC00457941",32.7,21.7
"1554411","USC00457941",32.8,21.8
"1554412","USC00457941",32.9,21.9
"1554413","USC00457941",33,22.1
"1554414","USC00457941",33.1,22.2
"1554415","USC00457941",33.2,22.3
"1554416","USC00457941",33.3,22.4
"1554417","USC00457941",33.3,22.4
"1554418","USC00457941",33.4,22.5
"1554419","USC00457941",33.5,22.6
"1554420","USC00457941",33.6,22.7
"1554421","USC00457941",33.7,22.7
"1554422","USC00457941",33.7,22.8
"1554423","USC00457941",33.8,22.8
"1554424","USC00457941",33.9,22.9
"1554425","USC00457941",34,22.9
"1554426","USC00457941",34.1,22.9
"1554427","USC00457941",34.2,23
"1554428","USC00457941",34.2,23
"1554429","USC00457941",34.3,23
"1554430","USC00457941",34.4,23
"1554431","USC00457941",34.5,23
"1554432","USC00457941",34.7,23
"1554433","USC00457941",34.8,22.9
"1554434","USC00457941",34.9,22.9
"1554435","USC00457941",35,22.9
"1554436","USC00457941",35.2,22.9
"1554437","USC00457941",35.4,22.9
"1554438","USC00457941",35.5,22.9
"1554439","USC00457941",35.7,22.9
"1554440","USC00457941",35.9,22.9
"1554441","USC00457941",36.1,22.9
"1554442","USC00457941",36.3,22.9
"1554443","USC00457941",36.6,22.9
"1554444","USC00457941",36.8,22.9
"1554445","USC00457941",37.1,23
"1554446","USC00457941",37.3,23
"1554447","USC00457941",37.6,23
"1554448","USC00457941",37.9,23.1
"1554449","USC00457941",38.2,23.2
"1554450","USC00457941",38.5,23.3
"1554451","USC00457941",38.8,23.4
"1554452","USC00457941",39.2,23.5
"1554453","USC00457941",39.5,23.6
"1554454","USC00457941",39.9,23.7
"1554455","USC00457941",40.2,23.9
"1554456","USC00457941",40.6,24
"1554457","USC00457941",41,24.2
"1554458","USC00457941",41.3,24.4
"1554459","USC00457941",41.7,24.5
"1554460","USC00457941",42.1,24.7
"1554461","USC00457941",42.5,25
"1554462","USC00457941",42.7,25.1
"1554463","USC00457941",42.8,25.2
"1554464","USC00457941",43.2,25.4
"1554465","USC00457941",43.6,25.6
"1554466","USC00457941",44,25.9
"1554467","USC00457941",44.3,26.1
"1554468","USC00457941",44.7,26.4
"1554469","USC00457941",45,26.6
"1554470","USC00457941",45.4,26.9
"1554471","USC00457941",45.7,27.1
"1554472","USC00457941",46.1,27.4
"1554473","USC00457941",46.4,27.6
"1554474","USC00457941",46.7,27.9
"1554475","USC00457941",47,28.1
"1554476","USC00457941",47.3,28.3
"1554477","USC00457941",47.6,28.6
"1554478","USC00457941",47.9,28.8
"1554479","USC00457941",48.2,29
"1554480","USC00457941",48.4,29.3
"1554481","USC00457941",48.7,29.5
"1554482","USC00457941",48.9,29.7
"1554483","USC00457941",49.2,29.9
"1554484","USC00457941",49.4,30
"1554485","USC00457941",49.6,30.2
"1554486","USC00457941",49.9,30.4
"1554487","USC00457941",50.1,30.6
"1554488","USC00457941",50.3,30.7
"1554489","USC00457941",50.6,30.9
"1554490","USC00457941",50.8,31
"1554491","USC00457941",51,31.1
"1554492","USC00457941",51.2,31.3
"1554493","USC00457941",51.5,31.4
"1554494","USC00457941",51.7,31.5
"1554495","USC00457941",51.9,31.6
"1554496","USC00457941",52.2,31.7
"1554497","USC00457941",52.4,31.8
"1554498","USC00457941",52.7,31.9
"1554499","USC00457941",53,32
"1554500","USC00457941",53.3,32.1
"1554501","USC00457941",53.5,32.2
"1554502","USC00457941",53.8,32.4
"1554503","USC00457941",54.2,32.5
"1554504","USC00457941",54.5,32.6
"1554505","USC00457941",54.8,32.7
"1554506","USC00457941",55.2,32.8
"1554507","USC00457941",55.5,33
"1554508","USC00457941",55.9,33.1
"1554509","USC00457941",56.3,33.3
"1554510","USC00457941",56.7,33.4
"1554511","USC00457941",57,33.6
"1554512","USC00457941",57.5,33.8
"1554513","USC00457941",57.9,34
"1554514","USC00457941",58.3,34.2
"1554515","USC00457941",58.7,34.4
"1554516","USC00457941",59.1,34.6
"1554517","USC00457941",59.6,34.9
"1554518","USC00457941",60,35.1
"1554519","USC00457941",60.4,35.4
"1554520","USC00457941",60.9,35.6
"1554521","USC00457941",61.3,35.9
"1554522","USC00457941",61.7,36.2
"1554523","USC00457941",62.1,36.5
"1554524","USC00457941",62.6,36.8
"1554525","USC00457941",63,37.1
"1554526","USC00457941",63.4,37.4
"1554527","USC00457941",63.7,37.7
"1554528","USC00457941",64.1,38
"1554529","USC00457941",64.5,38.4
"1554530","USC00457941",64.8,38.7
"1554531","USC00457941",65.2,39
"1554532","USC00457941",65.5,39.3
"1554533","USC00457941",65.8,39.7
"1554534","USC00457941",66.1,40
"1554535","USC00457941",66.3,40.3
"1554536","USC00457941",66.6,40.6
"1554537","USC00457941",66.8,40.9
"1554538","USC00457941",67.1,41.2
"1554539","USC00457941",67.3,41.5
"1554540","USC00457941",67.5,41.8
"1554541","USC00457941",67.6,42.1
"1554542","USC00457941",67.8,42.3
"1554543","USC00457941",67.9,42.6
"1554544","USC00457941",68.1,42.8
"1554545","USC00457941",68.2,43
"1554546","USC00457941",68.3,43.3
"1554547","USC00457941",68.4,43.5
"1554548","USC00457941",68.5,43.7
"1554549","USC00457941",68.6,43.9
"1554550","USC00457941",68.7,44
"1554551","USC00457941",68.8,44.2
"1554552","USC00457941",68.8,44.4
"1554553","USC00457941",68.9,44.5
"1554554","USC00457941",69,44.6
"1554555","USC00457941",69.1,44.8
"1554556","USC00457941",69.2,44.9
"1554557","USC00457941",69.3,45
"1554558","USC00457941",69.4,45.1
"1554559","USC00457941",69.6,45.2
"1554560","USC00457941",69.7,45.3
"1554561","USC00457941",69.9,45.4
"1554562","USC00457941",70,45.5
"1554563","USC00457941",70.2,45.6
"1554564","USC00457941",70.4,45.7
"1554565","USC00457941",70.7,45.8
"1554566","USC00457941",70.9,45.9
"1554567","USC00457941",71.2,46
"1554568","USC00457941",71.5,46.1
"1554569","USC00457941",71.8,46.2
"1554570","USC00457941",72.1,46.3
"1554571","USC00457941",72.4,46.4
"1554572","USC00457941",72.8,46.5
"1554573","USC00457941",73.2,46.6
"1554574","USC00457941",73.6,46.8
"1554575","USC00457941",74,46.9
"1554576","USC00457941",74.4,47.1
"1554577","USC00457941",74.9,47.2
"1554578","USC00457941",75.3,47.4
"1554579","USC00457941",75.8,47.6
"1554580","USC00457941",76.3,47.8
"1554581","USC00457941",76.8,48
"1554582","USC00457941",77.3,48.2
"1554583","USC00457941",77.8,48.4
"1554584","USC00457941",78.3,48.6
"1554585","USC00457941",78.8,48.8
"1554586","USC00457941",79.4,49
"1554587","USC00457941",79.9,49.3
"1554588","USC00457941",80.4,49.5
"1554589","USC00457941",80.9,49.7
"1554590","USC00457941",81.4,50
"1554591","USC00457941",81.8,50.2
"1554592","USC00457941",82.3,50.5
"1554593","USC00457941",82.8,50.7
"1554594","USC00457941",83.2,51
"1554595","USC00457941",83.6,51.2
"1554596","USC00457941",84,51.4
"1554597","USC00457941",84.4,51.6
"1554598","USC00457941",84.8,51.9
"1554599","USC00457941",85.1,52.1
"1554600","USC00457941",85.4,52.3
"1554601","USC00457941",85.7,52.5
"1554602","USC00457941",86,52.6
"1554603","USC00457941",86.2,52.8
"1554604","USC00457941",86.4,53
"1554605","USC00457941",86.6,53.1
"1554606","USC00457941",86.8,53.2
"1554607","USC00457941",86.9,53.4
"1554608","USC00457941",87,53.5
"1554609","USC00457941",87.1,53.5
"1554610","USC00457941",87.1,53.6
"1554611","USC00457941",87.2,53.7
"1554612","USC00457941",87.2,53.7
"1554613","USC00457941",87.1,53.7
"1554614","USC00457941",87.1,53.7
"1554615","USC00457941",87,53.7
"1554616","USC00457941",87,53.7
"1554617","USC00457941",86.9,53.6
"1554618","USC00457941",86.7,53.6
"1554619","USC00457941",86.6,53.5
"1554620","USC00457941",86.4,53.4
"1554621","USC00457941",86.3,53.3
"1554622","USC00457941",86.1,53.2
"1554623","USC00457941",85.9,53
"1554624","USC00457941",85.7,52.9
"1554625","USC00457941",85.5,52.7
"1554626","USC00457941",85.3,52.6
"1554627","USC00457941",85.1,52.4
"1554628","USC00457941",84.8,52.2
"1554629","USC00457941",84.6,52
"1554630","USC00457941",84.3,51.8
"1554631","USC00457941",84.1,51.6
"1554632","USC00457941",83.8,51.4
"1554633","USC00457941",83.6,51.1
"1554634","USC00457941",83.3,50.9
"1554635","USC00457941",83.1,50.7
"1554636","USC00457941",82.8,50.4
"1554637","USC00457941",82.5,50.2
"1554638","USC00457941",82.3,49.9
"1554639","USC00457941",82,49.7
"1554640","USC00457941",81.7,49.4
"1554641","USC00457941",81.5,49.2
"1554642","USC00457941",81.2,48.9
"1554643","USC00457941",80.9,48.7
"1554644","USC00457941",80.6,48.4
"1554645","USC00457941",80.3,48.1
"1554646","USC00457941",80,47.9
"1554647","USC00457941",79.7,47.6
"1554648","USC00457941",79.4,47.3
"1554649","USC00457941",79.1,47.1
"1554650","USC00457941",78.7,46.8
"1554651","USC00457941",78.4,46.5
"1554652","USC00457941",78.1,46.2
"1554653","USC00457941",77.7,45.9
"1554654","USC00457941",77.3,45.7
"1554655","USC00457941",77,45.4
"1554656","USC00457941",76.6,45.1
"1554657","USC00457941",76.2,44.8
"1554658","USC00457941",75.7,44.5
"1554659","USC00457941",75.3,44.2
"1554660","USC00457941",74.9,43.9
"1554661","USC00457941",74.4,43.6
"1554662","USC00457941",73.9,43.3
"1554663","USC00457941",73.4,42.9
"1554664","USC00457941",72.9,42.6
"1554665","USC00457941",72.4,42.3
"1554666","USC00457941",71.9,42
"1554667","USC00457941",71.4,41.7
"1554668","USC00457941",70.8,41.3
"1554669","USC00457941",70.3,41
"1554670","USC00457941",69.7,40.6
"1554671","USC00457941",69.1,40.3
"1554672","USC00457941",68.5,40
"1554673","USC00457941",67.9,39.6
"1554674","USC00457941",67.3,39.3
"1554675","USC00457941",66.7,39
"1554676","USC00457941",66.1,38.6
"1554677","USC00457941",65.5,38.3
"1554678","USC00457941",64.9,37.9
"1554679","USC00457941",64.3,37.6
"1554680","USC00457941",63.7,37.3
"1554681","USC00457941",63,36.9
"1554682","USC00457941",62.4,36.6
"1554683","USC00457941",61.8,36.3
"1554684","USC00457941",61.2,36
"1554685","USC00457941",60.6,35.7
"1554686","USC00457941",60,35.4
"1554687","USC00457941",59.4,35.1
"1554688","USC00457941",58.8,34.8
"1554689","USC00457941",58.2,34.5
"1554690","USC00457941",57.6,34.2
"1554691","USC00457941",57.1,34
"1554692","USC00457941",56.5,33.7
"1554693","USC00457941",56,33.5
"1554694","USC00457941",55.4,33.2
"1554695","USC00457941",54.9,33
"1554696","USC00457941",54.3,32.8
"1554697","USC00457941",53.8,32.5
"1554698","USC00457941",53.3,32.3
"1554699","USC00457941",52.8,32.1
"1554700","USC00457941",52.3,31.9
"1554701","USC00457941",51.8,31.7
"1554702","USC00457941",51.3,31.5
"1554703","USC00457941",50.9,31.4
"1554704","USC00457941",50.4,31.2
"1554705","USC00457941",49.9,31
"1554706","USC00457941",49.5,30.9
"1554707","USC00457941",49,30.7
"1554708","USC00457941",48.6,30.5
"1554709","USC00457941",48.1,30.4
"1554710","USC00457941",47.7,30.2
"1554711","USC00457941",47.2,30
"1554712","USC00457941",46.8,29.9
"1554713","USC00457941",46.4,29.7
"1554714","USC00457941",45.9,29.5
"1554715","USC00457941",45.5,29.4
"1554716","USC00457941",45,29.2
"1554717","USC00457941",44.6,29
"1554718","USC00457941",44.2,28.8
"1554719","USC00457941",43.7,28.6
"1554720","USC00457941",43.3,28.4
"1554721","USC00457941",42.8,28.2
"1554722","USC00457941",42.4,28
"1554723","USC00457941",41.9,27.8
"1554724","USC00457941",41.5,27.6
"1554725","USC00457941",41.1,27.3
"1554726","USC00457941",40.6,27.1
"1554727","USC00457941",40.2,26.9
"1554728","USC00457941",39.7,26.6
"1554729","USC00457941",39.3,26.4
"1554730","USC00457941",38.9,26.1
"1554731","USC00457941",38.5,25.9
"1554732","USC00457941",38,25.6
"1554733","USC00457941",37.6,25.3
"1554734","USC00457941",37.2,25.1
"1554735","USC00457941",36.8,24.8
"1554736","USC00457941",36.4,24.5
"1554737","USC00457941",36.1,24.3
"1554738","USC00457941",35.7,24
"1554739","USC00457941",35.3,23.7
"1554740","USC00457941",35,23.5
"1554741","USC00457941",34.7,23.2
"1554742","USC00457941",34.4,23
"1554743","USC00457941",34.1,22.7
"1554744","USC00457941",33.8,22.5
"1554745","USC00457941",33.5,22.3
"1554746","USC00457941",33.3,22.1
"1554747","USC00457941",33,21.9
"1554748","USC00457941",32.8,21.7
"1554749","USC00457941",32.6,21.5
"1554750","USC00457941",32.5,21.4
"1554751","USC00457941",32.3,21.2
"1554752","USC00457941",32.2,21.1
"1554753","USC00457941",32,20.9
"1554754","USC00457941",31.9,20.8
"1554755","USC00457941",31.8,20.7
"1554756","USC00457941",31.8,20.7
"1554757","USC00457941",31.7,20.6
"1554758","USC00457941",31.7,20.6
"1554759","USC00457941",31.7,20.5
"1554760","USC00457941",31.6,20.5
"1554761","USC00457941",31.7,20.5
"1554762","USC00457941",31.7,20.5
"1554763","USC00457941",31.7,20.6
"1554764","USC00457941",31.7,20.6
"1554765","USC00457941",31.8,20.7
"1554766","USC00457941",31.8,20.7
"1554767","USC00457941",31.9,20.8
"1554768","USC00457941",32,20.9
"1584415","USC00470273",29.4,14.4
"1584416","USC00470273",29.3,14.2
"1584417","USC00470273",29.2,14
"1584418","USC00470273",29.1,13.8
"1584419","USC00470273",29,13.7
"1584420","USC00470273",29,13.5
"1584421","USC00470273",28.9,13.3
"1584422","USC00470273",28.8,13.2
"1584423","USC00470273",28.7,13
"1584424","USC00470273",28.6,12.8
"1584425","USC00470273",28.5,12.7
"1584426","USC00470273",28.4,12.5
"1584427","USC00470273",28.3,12.3
"1584428","USC00470273",28.3,12.2
"1584429","USC00470273",28.2,12
"1584430","USC00470273",28.1,11.9
"1584431","USC00470273",28,11.7
"1584432","USC00470273",27.9,11.6
"1584433","USC00470273",27.8,11.4
"1584434","USC00470273",27.7,11.3
"1584435","USC00470273",27.6,11.1
"1584436","USC00470273",27.5,11
"1584437","USC00470273",27.4,10.9
"1584438","USC00470273",27.4,10.8
"1584439","USC00470273",27.3,10.7
"1584440","USC00470273",27.2,10.6
"1584441","USC00470273",27.2,10.5
"1584442","USC00470273",27.1,10.4
"1584443","USC00470273",27.1,10.3
"1584444","USC00470273",27.1,10.3
"1584445","USC00470273",27,10.3
"1584446","USC00470273",27,10.2
"1584447","USC00470273",27.1,10.2
"1584448","USC00470273",27.1,10.3
"1584449","USC00470273",27.2,10.3
"1584450","USC00470273",27.2,10.4
"1584451","USC00470273",27.3,10.4
"1584452","USC00470273",27.4,10.5
"1584453","USC00470273",27.6,10.6
"1584454","USC00470273",27.7,10.8
"1584455","USC00470273",27.9,10.9
"1584456","USC00470273",28.1,11.1
"1584457","USC00470273",28.3,11.3
"1584458","USC00470273",28.6,11.6
"1584459","USC00470273",28.9,11.8
"1584460","USC00470273",29.2,12.1
"1584461","USC00470273",29.5,12.4
"1584462","USC00470273",29.9,12.7
"1584463","USC00470273",30.3,13
"1584464","USC00470273",30.7,13.4
"1584465","USC00470273",31.1,13.7
"1584466","USC00470273",31.5,14.1
"1584467","USC00470273",32,14.5
"1584468","USC00470273",32.5,14.9
"1584469","USC00470273",33,15.4
"1584470","USC00470273",33.5,15.8
"1584471","USC00470273",34,16.3
"1584472","USC00470273",34.6,16.7
"1584473","USC00470273",35.2,17.2
"1584474","USC00470273",35.5,17.5
"1584475","USC00470273",35.7,17.7
"1584476","USC00470273",36.3,18.2
"1584477","USC00470273",36.9,18.7
"1584478","USC00470273",37.5,19.2
"1584479","USC00470273",38.1,19.7
"1584480","USC00470273",38.7,20.3
"1584481","USC00470273",39.4,20.8
"1584482","USC00470273",40,21.3
"1584483","USC00470273",40.6,21.8
"1584484","USC00470273",41.2,22.3
"1584485","USC00470273",41.8,22.8
"1584486","USC00470273",42.4,23.3
"1584487","USC00470273",43,23.8
"1584488","USC00470273",43.6,24.3
"1584489","USC00470273",44.1,24.8
"1584490","USC00470273",44.7,25.2
"1584491","USC00470273",45.2,25.7
"1584492","USC00470273",45.8,26.1
"1584493","USC00470273",46.3,26.6
"1584494","USC00470273",46.8,27
"1584495","USC00470273",47.3,27.4
"1584496","USC00470273",47.8,27.8
"1584497","USC00470273",48.3,28.2
"1584498","USC00470273",48.7,28.6
"1584499","USC00470273",49.2,29
"1584500","USC00470273",49.6,29.3
"1584501","USC00470273",50,29.7
"1584502","USC00470273",50.5,30
"1584503","USC00470273",50.9,30.4
"1584504","USC00470273",51.2,30.7
"1584505","USC00470273",51.6,31
"1584506","USC00470273",52,31.3
"1584507","USC00470273",52.4,31.6
"1584508","USC00470273",52.7,31.9
"1584509","USC00470273",53.1,32.2
"1584510","USC00470273",53.4,32.5
"1584511","USC00470273",53.8,32.8
"1584512","USC00470273",54.1,33.1
"1584513","USC00470273",54.4,33.4
"1584514","USC00470273",54.8,33.7
"1584515","USC00470273",55.1,34
"1584516","USC00470273",55.5,34.3
"1584517","USC00470273",55.8,34.6
"1584518","USC00470273",56.1,34.9
"1584519","USC00470273",56.5,35.2
"1584520","USC00470273",56.8,35.5
"1584521","USC00470273",57.2,35.8
"1584522","USC00470273",57.6,36.2
"1584523","USC00470273",57.9,36.5
"1584524","USC00470273",58.3,36.9
"1584525","USC00470273",58.7,37.2
"1584526","USC00470273",59.1,37.6
"1584527","USC00470273",59.5,37.9
"1584528","USC00470273",59.9,38.3
"1584529","USC00470273",60.3,38.7
"1584530","USC00470273",60.7,39.1
"1584531","USC00470273",61.2,39.5
"1584532","USC00470273",61.6,39.9
"1584533","USC00470273",62,40.3
"1584534","USC00470273",62.5,40.7
"1584535","USC00470273",62.9,41.2
"1584536","USC00470273",63.4,41.6
"1584537","USC00470273",63.8,42
"1584538","USC00470273",64.3,42.5
"1584539","USC00470273",64.7,42.9
"1584540","USC00470273",65.2,43.4
"1584541","USC00470273",65.7,43.8
"1584542","USC00470273",66.1,44.3
"1584543","USC00470273",66.6,44.7
"1584544","USC00470273",67,45.2
"1584545","USC00470273",67.5,45.7
"1584546","USC00470273",67.9,46.1
"1584547","USC00470273",68.3,46.6
"1584548","USC00470273",68.8,47
"1584549","USC00470273",69.2,47.5
"1584550","USC00470273",69.6,47.9
"1584551","USC00470273",70,48.3
"1584552","USC00470273",70.4,48.7
"1584553","USC00470273",70.8,49.2
"1584554","USC00470273",71.2,49.6
"1584555","USC00470273",71.6,50
"1584556","USC00470273",71.9,50.4
"1584557","USC00470273",72.3,50.8
"1584558","USC00470273",72.6,51.2
"1584559","USC00470273",72.9,51.5
"1584560","USC00470273",73.3,51.9
"1584561","USC00470273",73.6,52.2
"1584562","USC00470273",73.9,52.6
"1584563","USC00470273",74.1,52.9
"1584564","USC00470273",74.4,53.2
"1584565","USC00470273",74.7,53.6
"1584566","USC00470273",75,53.9
"1584567","USC00470273",75.2,54.2
"1584568","USC00470273",75.5,54.5
"1584569","USC00470273",75.7,54.7
"1584570","USC00470273",75.9,55
"1584571","USC00470273",76.2,55.3
"1584572","USC00470273",76.4,55.5
"1584573","USC00470273",76.6,55.8
"1584574","USC00470273",76.8,56
"1584575","USC00470273",77,56.3
"1584576","USC00470273",77.2,56.5
"1584577","USC00470273",77.5,56.7
"1584578","USC00470273",77.7,57
"1584579","USC00470273",77.9,57.2
"1584580","USC00470273",78.1,57.4
"1584581","USC00470273",78.3,57.6
"1584582","USC00470273",78.5,57.8
"1584583","USC00470273",78.7,58
"1584584","USC00470273",78.9,58.3
"1584585","USC00470273",79,58.5
"1584586","USC00470273",79.2,58.7
"1584587","USC00470273",79.4,58.9
"1584588","USC00470273",79.6,59.1
"1584589","USC00470273",79.8,59.2
"1584590","USC00470273",80,59.4
"1584591","USC00470273",80.2,59.6
"1584592","USC00470273",80.4,59.8
"1584593","USC00470273",80.6,60
"1584594","USC00470273",80.8,60.2
"1584595","USC00470273",80.9,60.3
"1584596","USC00470273",81.1,60.5
"1584597","USC00470273",81.3,60.7
"1584598","USC00470273",81.4,60.8
"1584599","USC00470273",81.6,61
"1584600","USC00470273",81.8,61.2
"1584601","USC00470273",81.9,61.3
"1584602","USC00470273",82,61.5
"1584603","USC00470273",82.2,61.6
"1584604","USC00470273",82.3,61.7
"1584605","USC00470273",82.4,61.8
"1584606","USC00470273",82.5,62
"1584607","USC00470273",82.6,62.1
"1584608","USC00470273",82.7,62.2
"1584609","USC00470273",82.8,62.3
"1584610","USC00470273",82.8,62.3
"1584611","USC00470273",82.9,62.4
"1584612","USC00470273",82.9,62.5
"1584613","USC00470273",82.9,62.5
"1584614","USC00470273",83,62.6
"1584615","USC00470273",83,62.6
"1584616","USC00470273",83,62.6
"1584617","USC00470273",82.9,62.6
"1584618","USC00470273",82.9,62.6
"1584619","USC00470273",82.9,62.6
"1584620","USC00470273",82.9,62.6
"1584621","USC00470273",82.8,62.6
"1584622","USC00470273",82.7,62.6
"1584623","USC00470273",82.7,62.5
"1584624","USC00470273",82.6,62.4
"1584625","USC00470273",82.5,62.4
"1584626","USC00470273",82.4,62.3
"1584627","USC00470273",82.3,62.2
"1584628","USC00470273",82.2,62.1
"1584629","USC00470273",82.1,62
"1584630","USC00470273",82,61.9
"1584631","USC00470273",81.9,61.8
"1584632","USC00470273",81.8,61.7
"1584633","USC00470273",81.7,61.6
"1584634","USC00470273",81.6,61.4
"1584635","USC00470273",81.5,61.3
"1584636","USC00470273",81.3,61.1
"1584637","USC00470273",81.2,61
"1584638","USC00470273",81.1,60.8
"1584639","USC00470273",81,60.7
"1584640","USC00470273",80.9,60.5
"1584641","USC00470273",80.8,60.3
"1584642","USC00470273",80.6,60.2
"1584643","USC00470273",80.5,60
"1584644","USC00470273",80.4,59.8
"1584645","USC00470273",80.3,59.6
"1584646","USC00470273",80.2,59.4
"1584647","USC00470273",80.1,59.2
"1584648","USC00470273",79.9,59
"1584649","USC00470273",79.8,58.8
"1584650","USC00470273",79.7,58.6
"1584651","USC00470273",79.6,58.4
"1584652","USC00470273",79.4,58.2
"1584653","USC00470273",79.3,58
"1584654","USC00470273",79.2,57.7
"1584655","USC00470273",79,57.5
"1584656","USC00470273",78.9,57.3
"1584657","USC00470273",78.7,57
"1584658","USC00470273",78.6,56.8
"1584659","USC00470273",78.4,56.5
"1584660","USC00470273",78.2,56.3
"1584661","USC00470273",78,56
"1584662","USC00470273",77.8,55.7
"1584663","USC00470273",77.6,55.5
"1584664","USC00470273",77.4,55.2
"1584665","USC00470273",77.1,54.9
"1584666","USC00470273",76.9,54.6
"1584667","USC00470273",76.6,54.3
"1584668","USC00470273",76.4,54
"1584669","USC00470273",76.1,53.7
"1584670","USC00470273",75.8,53.3
"1584671","USC00470273",75.4,53
"1584672","USC00470273",75.1,52.7
"1584673","USC00470273",74.8,52.3
"1584674","USC00470273",74.4,52
"1584675","USC00470273",74,51.6
"1584676","USC00470273",73.6,51.2
"1584677","USC00470273",73.2,50.9
"1584678","USC00470273",72.8,50.5
"1584679","USC00470273",72.4,50.1
"1584680","USC00470273",72,49.7
"1584681","USC00470273",71.5,49.3
"1584682","USC00470273",71.1,48.9
"1584683","USC00470273",70.6,48.5
"1584684","USC00470273",70.1,48.1
"1584685","USC00470273",69.6,47.7
"1584686","USC00470273",69.2,47.3
"1584687","USC00470273",68.7,46.9
"1584688","USC00470273",68.2,46.5
"1584689","USC00470273",67.7,46
"1584690","USC00470273",67.2,45.6
"1584691","USC00470273",66.7,45.2
"1584692","USC00470273",66.2,44.8
"1584693","USC00470273",65.6,44.4
"1584694","USC00470273",65.1,44
"1584695","USC00470273",64.6,43.5
"1584696","USC00470273",64.1,43.1
"1584697","USC00470273",63.7,42.7
"1584698","USC00470273",63.2,42.3
"1584699","USC00470273",62.7,41.9
"1584700","USC00470273",62.2,41.5
"1584701","USC00470273",61.7,41.1
"1584702","USC00470273",61.2,40.7
"1584703","USC00470273",60.8,40.4
"1584704","USC00470273",60.3,40
"1584705","USC00470273",59.9,39.6
"1584706","USC00470273",59.4,39.2
"1584707","USC00470273",59,38.8
"1584708","USC00470273",58.5,38.5
"1584709","USC00470273",58.1,38.1
"1584710","USC00470273",57.7,37.7
"1584711","USC00470273",57.2,37.4
"1584712","USC00470273",56.8,37
"1584713","USC00470273",56.4,36.7
"1584714","USC00470273",56,36.3
"1584715","USC00470273",55.6,36
"1584716","USC00470273",55.1,35.6
"1584717","USC00470273",54.7,35.3
"1584718","USC00470273",54.3,34.9
"1584719","USC00470273",53.9,34.6
"1584720","USC00470273",53.5,34.2
"1584721","USC00470273",53.1,33.9
"1584722","USC00470273",52.6,33.5
"1584723","USC00470273",52.2,33.2
"1584724","USC00470273",51.8,32.8
"1584725","USC00470273",51.3,32.4
"1584726","USC00470273",50.9,32.1
"1584727","USC00470273",50.4,31.7
"1584728","USC00470273",50,31.4
"1584729","USC00470273",49.5,31
"1584730","USC00470273",49,30.6
"1584731","USC00470273",48.5,30.2
"1584732","USC00470273",48,29.8
"1584733","USC00470273",47.6,29.5
"1584734","USC00470273",47,29.1
"1584735","USC00470273",46.5,28.7
"1584736","USC00470273",46,28.3
"1584737","USC00470273",45.5,27.9
"1584738","USC00470273",45,27.5
"1584739","USC00470273",44.5,27.1
"1584740","USC00470273",43.9,26.7
"1584741","USC00470273",43.4,26.3
"1584742","USC00470273",42.8,25.9
"1584743","USC00470273",42.3,25.5
"1584744","USC00470273",41.8,25.1
"1584745","USC00470273",41.2,24.7
"1584746","USC00470273",40.7,24.3
"1584747","USC00470273",40.2,23.9
"1584748","USC00470273",39.6,23.5
"1584749","USC00470273",39.1,23.1
"1584750","USC00470273",38.6,22.7
"1584751","USC00470273",38.1,22.4
"1584752","USC00470273",37.6,22
"1584753","USC00470273",37.1,21.6
"1584754","USC00470273",36.6,21.3
"1584755","USC00470273",36.2,20.9
"1584756","USC00470273",35.7,20.6
"1584757","USC00470273",35.3,20.2
"1584758","USC00470273",34.9,19.9
"1584759","USC00470273",34.5,19.6
"1584760","USC00470273",34.1,19.2
"1584761","USC00470273",33.7,18.9
"1584762","USC00470273",33.3,18.6
"1584763","USC00470273",33,18.3
"1584764","USC00470273",32.7,18.1
"1584765","USC00470273",32.4,17.8
"1584766","USC00470273",32.1,17.5
"1584767","USC00470273",31.8,17.3
"1584768","USC00470273",31.5,17
"1584769","USC00470273",31.3,16.8
"1584770","USC00470273",31.1,16.5
"1584771","USC00470273",30.9,16.3
"1584772","USC00470273",30.7,16.1
"1584773","USC00470273",30.5,15.9
"1584774","USC00470273",30.3,15.7
"1584775","USC00470273",30.2,15.5
"1584776","USC00470273",30,15.3
"1584777","USC00470273",29.9,15.1
"1584778","USC00470273",29.8,14.9
"1584779","USC00470273",29.6,14.7
"1584780","USC00470273",29.5,14.5
"1628701","USC00477964",32.9,18.8
"1628702","USC00477964",32.8,18.6
"1628703","USC00477964",32.6,18.4
"1628704","USC00477964",32.5,18.2
"1628705","USC00477964",32.3,18.1
"1628706","USC00477964",32.2,17.9
"1628707","USC00477964",32.1,17.7
"1628708","USC00477964",31.9,17.5
"1628709","USC00477964",31.8,17.3
"1628710","USC00477964",31.6,17.1
"1628711","USC00477964",31.5,16.9
"1628712","USC00477964",31.4,16.7
"1628713","USC00477964",31.2,16.5
"1628714","USC00477964",31.1,16.3
"1628715","USC00477964",31,16.2
"1628716","USC00477964",30.9,16
"1628717","USC00477964",30.7,15.8
"1628718","USC00477964",30.6,15.7
"1628719","USC00477964",30.5,15.5
"1628720","USC00477964",30.4,15.3
"1628721","USC00477964",30.3,15.2
"1628722","USC00477964",30.2,15.1
"1628723","USC00477964",30.1,14.9
"1628724","USC00477964",30,14.8
"1628725","USC00477964",29.9,14.7
"1628726","USC00477964",29.9,14.6
"1628727","USC00477964",29.8,14.6
"1628728","USC00477964",29.8,14.5
"1628729","USC00477964",29.7,14.4
"1628730","USC00477964",29.7,14.4
"1628731","USC00477964",29.7,14.4
"1628732","USC00477964",29.8,14.4
"1628733","USC00477964",29.8,14.4
"1628734","USC00477964",29.8,14.5
"1628735","USC00477964",29.9,14.5
"1628736","USC00477964",30,14.6
"1628737","USC00477964",30.1,14.7
"1628738","USC00477964",30.2,14.8
"1628739","USC00477964",30.4,14.9
"1628740","USC00477964",30.5,15.1
"1628741","USC00477964",30.7,15.3
"1628742","USC00477964",30.9,15.5
"1628743","USC00477964",31.1,15.7
"1628744","USC00477964",31.4,15.9
"1628745","USC00477964",31.6,16.2
"1628746","USC00477964",31.9,16.5
"1628747","USC00477964",32.2,16.8
"1628748","USC00477964",32.5,17.1
"1628749","USC00477964",32.8,17.4
"1628750","USC00477964",33.2,17.7
"1628751","USC00477964",33.5,18.1
"1628752","USC00477964",33.9,18.5
"1628753","USC00477964",34.3,18.9
"1628754","USC00477964",34.6,19.2
"1628755","USC00477964",35,19.7
"1628756","USC00477964",35.5,20.1
"1628757","USC00477964",35.9,20.5
"1628758","USC00477964",36.3,20.9
"1628759","USC00477964",36.7,21.4
"1628760","USC00477964",36.9,21.6
"1628761","USC00477964",37.2,21.8
"1628762","USC00477964",37.6,22.2
"1628763","USC00477964",38,22.7
"1628764","USC00477964",38.5,23.1
"1628765","USC00477964",38.9,23.6
"1628766","USC00477964",39.3,24
"1628767","USC00477964",39.8,24.5
"1628768","USC00477964",40.2,24.9
"1628769","USC00477964",40.6,25.3
"1628770","USC00477964",41,25.8
"1628771","USC00477964",41.4,26.2
"1628772","USC00477964",41.8,26.6
"1628773","USC00477964",42.2,27
"1628774","USC00477964",42.6,27.4
"1628775","USC00477964",43,27.8
"1628776","USC00477964",43.3,28.2
"1628777","USC00477964",43.7,28.6
"1628778","USC00477964",44,29
"1628779","USC00477964",44.4,29.3
"1628780","USC00477964",44.7,29.7
"1628781","USC00477964",45,30
"1628782","USC00477964",45.3,30.3
"1628783","USC00477964",45.6,30.7
"1628784","USC00477964",45.9,31
"1628785","USC00477964",46.2,31.3
"1628786","USC00477964",46.5,31.6
"1628787","USC00477964",46.7,31.9
"1628788","USC00477964",47,32.2
"1628789","USC00477964",47.3,32.5
"1628790","USC00477964",47.5,32.8
"1628791","USC00477964",47.8,33
"1628792","USC00477964",48,33.3
"1628793","USC00477964",48.3,33.6
"1628794","USC00477964",48.6,33.8
"1628795","USC00477964",48.8,34.1
"1628796","USC00477964",49.1,34.4
"1628797","USC00477964",49.3,34.6
"1628798","USC00477964",49.6,34.9
"1628799","USC00477964",49.9,35.1
"1628800","USC00477964",50.1,35.4
"1628801","USC00477964",50.4,35.7
"1628802","USC00477964",50.7,35.9
"1628803","USC00477964",51,36.2
"1628804","USC00477964",51.3,36.5
"1628805","USC00477964",51.6,36.7
"1628806","USC00477964",51.9,37
"1628807","USC00477964",52.3,37.3
"1628808","USC00477964",52.6,37.6
"1628809","USC00477964",53,37.9
"1628810","USC00477964",53.3,38.2
"1628811","USC00477964",53.7,38.5
"1628812","USC00477964",54,38.8
"1628813","USC00477964",54.4,39.1
"1628814","USC00477964",54.8,39.4
"1628815","USC00477964",55.2,39.7
"1628816","USC00477964",55.6,40.1
"1628817","USC00477964",56,40.4
"1628818","USC00477964",56.4,40.7
"1628819","USC00477964",56.9,41.1
"1628820","USC00477964",57.3,41.4
"1628821","USC00477964",57.7,41.7
"1628822","USC00477964",58.2,42.1
"1628823","USC00477964",58.6,42.4
"1628824","USC00477964",59,42.8
"1628825","USC00477964",59.5,43.1
"1628826","USC00477964",59.9,43.5
"1628827","USC00477964",60.3,43.9
"1628828","USC00477964",60.8,44.2
"1628829","USC00477964",61.2,44.6
"1628830","USC00477964",61.6,44.9
"1628831","USC00477964",62.1,45.3
"1628832","USC00477964",62.5,45.6
"1628833","USC00477964",62.9,46
"1628834","USC00477964",63.3,46.4
"1628835","USC00477964",63.7,46.7
"1628836","USC00477964",64.1,47.1
"1628837","USC00477964",64.5,47.4
"1628838","USC00477964",64.9,47.8
"1628839","USC00477964",65.3,48.1
"1628840","USC00477964",65.7,48.5
"1628841","USC00477964",66,48.8
"1628842","USC00477964",66.4,49.2
"1628843","USC00477964",66.8,49.5
"1628844","USC00477964",67.1,49.9
"1628845","USC00477964",67.5,50.2
"1628846","USC00477964",67.8,50.6
"1628847","USC00477964",68.1,50.9
"1628848","USC00477964",68.4,51.3
"1628849","USC00477964",68.8,51.6
"1628850","USC00477964",69.1,51.9
"1628851","USC00477964",69.4,52.3
"1628852","USC00477964",69.7,52.6
"1628853","USC00477964",70,53
"1628854","USC00477964",70.3,53.3
"1628855","USC00477964",70.6,53.7
"1628856","USC00477964",70.9,54
"1628857","USC00477964",71.2,54.3
"1628858","USC00477964",71.5,54.7
"1628859","USC00477964",71.7,55
"1628860","USC00477964",72,55.4
"1628861","USC00477964",72.3,55.7
"1628862","USC00477964",72.6,56.1
"1628863","USC00477964",72.9,56.4
"1628864","USC00477964",73.2,56.8
"1628865","USC00477964",73.5,57.1
"1628866","USC00477964",73.8,57.5
"1628867","USC00477964",74.1,57.8
"1628868","USC00477964",74.4,58.1
"1628869","USC00477964",74.6,58.5
"1628870","USC00477964",74.9,58.8
"1628871","USC00477964",75.2,59.2
"1628872","USC00477964",75.5,59.5
"1628873","USC00477964",75.8,59.8
"1628874","USC00477964",76.1,60.1
"1628875","USC00477964",76.4,60.5
"1628876","USC00477964",76.7,60.8
"1628877","USC00477964",77,61.1
"1628878","USC00477964",77.2,61.4
"1628879","USC00477964",77.5,61.7
"1628880","USC00477964",77.8,62
"1628881","USC00477964",78,62.3
"1628882","USC00477964",78.3,62.5
"1628883","USC00477964",78.6,62.8
"1628884","USC00477964",78.8,63.1
"1628885","USC00477964",79,63.3
"1628886","USC00477964",79.3,63.6
"1628887","USC00477964",79.5,63.8
"1628888","USC00477964",79.7,64
"1628889","USC00477964",79.9,64.2
"1628890","USC00477964",80.1,64.4
"1628891","USC00477964",80.3,64.6
"1628892","USC00477964",80.4,64.8
"1628893","USC00477964",80.6,64.9
"1628894","USC00477964",80.7,65.1
"1628895","USC00477964",80.9,65.2
"1628896","USC00477964",81,65.3
"1628897","USC00477964",81.1,65.4
"1628898","USC00477964",81.2,65.5
"1628899","USC00477964",81.3,65.6
"1628900","USC00477964",81.3,65.7
"1628901","USC00477964",81.4,65.8
"1628902","USC00477964",81.4,65.8
"1628903","USC00477964",81.5,65.9
"1628904","USC00477964",81.5,65.9
"1628905","USC00477964",81.5,65.9
"1628906","USC00477964",81.5,66
"1628907","USC00477964",81.5,66
"1628908","USC00477964",81.4,66
"1628909","USC00477964",81.4,66
"1628910","USC00477964",81.4,66
"1628911","USC00477964",81.3,65.9
"1628912","USC00477964",81.3,65.9
"1628913","USC00477964",81.2,65.9
"1628914","USC00477964",81.1,65.8
"1628915","USC00477964",81.1,65.8
"1628916","USC00477964",81,65.7
"1628917","USC00477964",80.9,65.6
"1628918","USC00477964",80.8,65.6
"1628919","USC00477964",80.7,65.5
"1628920","USC00477964",80.6,65.4
"1628921","USC00477964",80.5,65.4
"1628922","USC00477964",80.4,65.3
"1628923","USC00477964",80.3,65.2
"1628924","USC00477964",80.2,65.1
"1628925","USC00477964",80.1,65
"1628926","USC00477964",80,64.9
"1628927","USC00477964",79.9,64.8
"1628928","USC00477964",79.8,64.7
"1628929","USC00477964",79.7,64.5
"1628930","USC00477964",79.6,64.4
"1628931","USC00477964",79.5,64.3
"1628932","USC00477964",79.3,64.1
"1628933","USC00477964",79.2,64
"1628934","USC00477964",79.1,63.8
"1628935","USC00477964",79,63.7
"1628936","USC00477964",78.9,63.5
"1628937","USC00477964",78.7,63.4
"1628938","USC00477964",78.6,63.2
"1628939","USC00477964",78.4,63
"1628940","USC00477964",78.3,62.8
"1628941","USC00477964",78.1,62.6
"1628942","USC00477964",78,62.4
"1628943","USC00477964",77.8,62.1
"1628944","USC00477964",77.7,61.9
"1628945","USC00477964",77.5,61.7
"1628946","USC00477964",77.3,61.4
"1628947","USC00477964",77.1,61.1
"1628948","USC00477964",76.9,60.8
"1628949","USC00477964",76.7,60.6
"1628950","USC00477964",76.4,60.3
"1628951","USC00477964",76.2,59.9
"1628952","USC00477964",75.9,59.6
"1628953","USC00477964",75.7,59.3
"1628954","USC00477964",75.4,58.9
"1628955","USC00477964",75.1,58.6
"1628956","USC00477964",74.8,58.2
"1628957","USC00477964",74.5,57.9
"1628958","USC00477964",74.2,57.5
"1628959","USC00477964",73.9,57.1
"1628960","USC00477964",73.5,56.7
"1628961","USC00477964",73.2,56.3
"1628962","USC00477964",72.8,55.9
"1628963","USC00477964",72.4,55.4
"1628964","USC00477964",72,55
"1628965","USC00477964",71.6,54.6
"1628966","USC00477964",71.2,54.1
"1628967","USC00477964",70.8,53.7
"1628968","USC00477964",70.4,53.3
"1628969","USC00477964",70,52.8
"1628970","USC00477964",69.6,52.4
"1628971","USC00477964",69.1,51.9
"1628972","USC00477964",68.7,51.5
"1628973","USC00477964",68.3,51
"1628974","USC00477964",67.8,50.6
"1628975","USC00477964",67.4,50.1
"1628976","USC00477964",66.9,49.7
"1628977","USC00477964",66.5,49.3
"1628978","USC00477964",66,48.8
"1628979","USC00477964",65.6,48.4
"1628980","USC00477964",65.1,48
"1628981","USC00477964",64.7,47.5
"1628982","USC00477964",64.2,47.1
"1628983","USC00477964",63.8,46.7
"1628984","USC00477964",63.4,46.3
"1628985","USC00477964",62.9,45.9
"1628986","USC00477964",62.5,45.5
"1628987","USC00477964",62.1,45.1
"1628988","USC00477964",61.6,44.7
"1628989","USC00477964",61.2,44.3
"1628990","USC00477964",60.8,43.9
"1628991","USC00477964",60.4,43.6
"1628992","USC00477964",60,43.2
"1628993","USC00477964",59.5,42.8
"1628994","USC00477964",59.1,42.5
"1628995","USC00477964",58.7,42.1
"1628996","USC00477964",58.3,41.7
"1628997","USC00477964",57.9,41.4
"1628998","USC00477964",57.5,41
"1628999","USC00477964",57.1,40.7
"1629000","USC00477964",56.8,40.3
"1629001","USC00477964",56.4,40
"1629002","USC00477964",56,39.7
"1629003","USC00477964",55.6,39.3
"1629004","USC00477964",55.2,39
"1629005","USC00477964",54.8,38.6
"1629006","USC00477964",54.4,38.3
"1629007","USC00477964",54,37.9
"1629008","USC00477964",53.6,37.5
"1629009","USC00477964",53.2,37.2
"1629010","USC00477964",52.7,36.8
"1629011","USC00477964",52.3,36.5
"1629012","USC00477964",51.9,36.1
"1629013","USC00477964",51.5,35.7
"1629014","USC00477964",51.1,35.4
"1629015","USC00477964",50.6,35
"1629016","USC00477964",50.2,34.6
"1629017","USC00477964",49.8,34.2
"1629018","USC00477964",49.3,33.8
"1629019","USC00477964",48.9,33.4
"1629020","USC00477964",48.4,33
"1629021","USC00477964",48,32.7
"1629022","USC00477964",47.5,32.3
"1629023","USC00477964",47,31.9
"1629024","USC00477964",46.6,31.5
"1629025","USC00477964",46.1,31.1
"1629026","USC00477964",45.7,30.7
"1629027","USC00477964",45.2,30.3
"1629028","USC00477964",44.7,29.9
"1629029","USC00477964",44.3,29.5
"1629030","USC00477964",43.8,29.1
"1629031","USC00477964",43.4,28.7
"1629032","USC00477964",42.9,28.3
"1629033","USC00477964",42.5,28
"1629034","USC00477964",42,27.6
"1629035","USC00477964",41.6,27.2
"1629036","USC00477964",41.2,26.8
"1629037","USC00477964",40.8,26.5
"1629038","USC00477964",40.4,26.1
"1629039","USC00477964",40,25.8
"1629040","USC00477964",39.6,25.5
"1629041","USC00477964",39.2,25.1
"1629042","USC00477964",38.8,24.8
"1629043","USC00477964",38.4,24.5
"1629044","USC00477964",38.1,24.2
"1629045","USC00477964",37.8,23.9
"1629046","USC00477964",37.4,23.6
"1629047","USC00477964",37.1,23.3
"1629048","USC00477964",36.8,23
"1629049","USC00477964",36.5,22.8
"1629050","USC00477964",36.2,22.5
"1629051","USC00477964",36,22.2
"1629052","USC00477964",35.7,22
"1629053","USC00477964",35.5,21.8
"1629054","USC00477964",35.2,21.5
"1629055","USC00477964",35,21.3
"1629056","USC00477964",34.8,21.1
"1629057","USC00477964",34.6,20.9
"1629058","USC00477964",34.4,20.6
"1629059","USC00477964",34.2,20.4
"1629060","USC00477964",34,20.2
"1629061","USC00477964",33.9,20
"1629062","USC00477964",33.7,19.8
"1629063","USC00477964",33.5,19.6
"1629064","USC00477964",33.4,19.4
"1629065","USC00477964",33.2,19.2
"1629066","USC00477964",33,19
"1678477","USC00500275",21.8,11.6
"1678478","USC00500275",21.6,11.4
"1678479","USC00500275",21.5,11.2
"1678480","USC00500275",21.3,11
"1678481","USC00500275",21.1,10.8
"1678482","USC00500275",21,10.7
"1678483","USC00500275",20.9,10.5
"1678484","USC00500275",20.8,10.4
"1678485","USC00500275",20.7,10.3
"1678486","USC00500275",20.6,10.2
"1678487","USC00500275",20.5,10.1
"1678488","USC00500275",20.5,10.1
"1678489","USC00500275",20.4,10.1
"1678490","USC00500275",20.4,10.1
"1678491","USC00500275",20.4,10.1
"1678492","USC00500275",20.5,10.1
"1678493","USC00500275",20.5,10.1
"1678494","USC00500275",20.6,10.2
"1678495","USC00500275",20.7,10.3
"1678496","USC00500275",20.8,10.4
"1678497","USC00500275",20.9,10.5
"1678498","USC00500275",21.1,10.7
"1678499","USC00500275",21.2,10.8
"1678500","USC00500275",21.4,11
"1678501","USC00500275",21.6,11.1
"1678502","USC00500275",21.8,11.3
"1678503","USC00500275",22,11.5
"1678504","USC00500275",22.3,11.7
"1678505","USC00500275",22.5,11.9
"1678506","USC00500275",22.8,12.2
"1678507","USC00500275",23,12.4
"1678508","USC00500275",23.3,12.6
"1678509","USC00500275",23.6,12.8
"1678510","USC00500275",23.9,13
"1678511","USC00500275",24.2,13.3
"1678512","USC00500275",24.5,13.5
"1678513","USC00500275",24.8,13.7
"1678514","USC00500275",25,13.9
"1678515","USC00500275",25.3,14.1
"1678516","USC00500275",25.6,14.2
"1678517","USC00500275",25.9,14.4
"1678518","USC00500275",26.2,14.6
"1678519","USC00500275",26.5,14.7
"1678520","USC00500275",26.7,14.9
"1678521","USC00500275",27,15
"1678522","USC00500275",27.2,15.1
"1678523","USC00500275",27.5,15.2
"1678524","USC00500275",27.7,15.3
"1678525","USC00500275",27.9,15.4
"1678526","USC00500275",28.2,15.4
"1678527","USC00500275",28.4,15.5
"1678528","USC00500275",28.6,15.5
"1678529","USC00500275",28.8,15.6
"1678530","USC00500275",29,15.6
"1678531","USC00500275",29.2,15.6
"1678532","USC00500275",29.3,15.7
"1678533","USC00500275",29.5,15.7
"1678534","USC00500275",29.7,15.7
"1678535","USC00500275",29.8,15.7
"1678536","USC00500275",29.9,15.7
"1678537","USC00500275",30,15.7
"1678538","USC00500275",30.2,15.7
"1678539","USC00500275",30.3,15.7
"1678540","USC00500275",30.5,15.8
"1678541","USC00500275",30.6,15.8
"1678542","USC00500275",30.8,15.8
"1678543","USC00500275",31,15.9
"1678544","USC00500275",31.2,15.9
"1678545","USC00500275",31.3,16
"1678546","USC00500275",31.5,16.1
"1678547","USC00500275",31.7,16.2
"1678548","USC00500275",31.9,16.3
"1678549","USC00500275",32.2,16.4
"1678550","USC00500275",32.4,16.6
"1678551","USC00500275",32.6,16.8
"1678552","USC00500275",32.9,17
"1678553","USC00500275",33.2,17.2
"1678554","USC00500275",33.5,17.4
"1678555","USC00500275",33.8,17.7
"1678556","USC00500275",34.1,17.9
"1678557","USC00500275",34.4,18.2
"1678558","USC00500275",34.7,18.5
"1678559","USC00500275",35.1,18.9
"1678560","USC00500275",35.5,19.2
"1678561","USC00500275",35.9,19.6
"1678562","USC00500275",36.3,20
"1678563","USC00500275",36.7,20.4
"1678564","USC00500275",37.1,20.8
"1678565","USC00500275",37.6,21.3
"1678566","USC00500275",38,21.7
"1678567","USC00500275",38.5,22.2
"1678568","USC00500275",39,22.6
"1678569","USC00500275",39.4,23.1
"1678570","USC00500275",39.9,23.6
"1678571","USC00500275",40.4,24.1
"1678572","USC00500275",41,24.6
"1678573","USC00500275",41.5,25.1
"1678574","USC00500275",42,25.6
"1678575","USC00500275",42.5,26.1
"1678576","USC00500275",43.1,26.6
"1678577","USC00500275",43.6,27.1
"1678578","USC00500275",44.1,27.6
"1678579","USC00500275",44.6,28.1
"1678580","USC00500275",45.2,28.6
"1678581","USC00500275",45.7,29.1
"1678582","USC00500275",46.2,29.6
"1678583","USC00500275",46.7,30
"1678584","USC00500275",47.2,30.5
"1678585","USC00500275",47.7,30.9
"1678586","USC00500275",48.2,31.4
"1678587","USC00500275",48.7,31.8
"1678588","USC00500275",49.2,32.2
"1678589","USC00500275",49.7,32.6
"1678590","USC00500275",50.1,33
"1678591","USC00500275",50.6,33.4
"1678592","USC00500275",51,33.7
"1678593","USC00500275",51.5,34.1
"1678594","USC00500275",51.9,34.4
"1678595","USC00500275",52.3,34.7
"1678596","USC00500275",52.7,35.1
"1678597","USC00500275",53.1,35.4
"1678598","USC00500275",53.5,35.7
"1678599","USC00500275",53.8,36
"1678600","USC00500275",54.2,36.2
"1678601","USC00500275",54.5,36.5
"1678602","USC00500275",54.9,36.8
"1678603","USC00500275",55.2,37
"1678604","USC00500275",55.5,37.3
"1678605","USC00500275",55.8,37.6
"1678606","USC00500275",56.1,37.8
"1678607","USC00500275",56.4,38.1
"1678608","USC00500275",56.7,38.3
"1678609","USC00500275",57,38.6
"1678610","USC00500275",57.3,38.8
"1678611","USC00500275",57.5,39
"1678612","USC00500275",57.8,39.3
"1678613","USC00500275",58,39.5
"1678614","USC00500275",58.3,39.8
"1678615","USC00500275",58.5,40.1
"1678616","USC00500275",58.8,40.3
"1678617","USC00500275",59,40.6
"1678618","USC00500275",59.2,40.8
"1678619","USC00500275",59.4,41.1
"1678620","USC00500275",59.6,41.4
"1678621","USC00500275",59.9,41.6
"1678622","USC00500275",60.1,41.9
"1678623","USC00500275",60.3,42.2
"1678624","USC00500275",60.5,42.5
"1678625","USC00500275",60.7,42.8
"1678626","USC00500275",60.9,43.1
"1678627","USC00500275",61.1,43.3
"1678628","USC00500275",61.3,43.6
"1678629","USC00500275",61.5,43.9
"1678630","USC00500275",61.6,44.2
"1678631","USC00500275",61.8,44.5
"1678632","USC00500275",62,44.8
"1678633","USC00500275",62.2,45.1
"1678634","USC00500275",62.3,45.4
"1678635","USC00500275",62.5,45.6
"1678636","USC00500275",62.7,45.9
"1678637","USC00500275",62.8,46.2
"1678638","USC00500275",63,46.5
"1678639","USC00500275",63.1,46.7
"1678640","USC00500275",63.3,47
"1678641","USC00500275",63.4,47.2
"1678642","USC00500275",63.6,47.5
"1678643","USC00500275",63.7,47.7
"1678644","USC00500275",63.9,47.9
"1678645","USC00500275",64,48.2
"1678646","USC00500275",64.1,48.4
"1678647","USC00500275",64.3,48.6
"1678648","USC00500275",64.4,48.8
"1678649","USC00500275",64.5,49
"1678650","USC00500275",64.7,49.2
"1678651","USC00500275",64.8,49.4
"1678652","USC00500275",64.9,49.6
"1678653","USC00500275",65,49.7
"1678654","USC00500275",65.1,49.9
"1678655","USC00500275",65.2,50.1
"1678656","USC00500275",65.3,50.2
"1678657","USC00500275",65.5,50.4
"1678658","USC00500275",65.6,50.5
"1678659","USC00500275",65.7,50.7
"1678660","USC00500275",65.8,50.8
"1678661","USC00500275",65.9,50.9
"1678662","USC00500275",66,51
"1678663","USC00500275",66.1,51.2
"1678664","USC00500275",66.2,51.3
"1678665","USC00500275",66.2,51.4
"1678666","USC00500275",66.3,51.5
"1678667","USC00500275",66.4,51.6
"1678668","USC00500275",66.5,51.7
"1678669","USC00500275",66.6,51.8
"1678670","USC00500275",66.7,51.9
"1678671","USC00500275",66.7,52
"1678672","USC00500275",66.8,52.1
"1678673","USC00500275",66.9,52.2
"1678674","USC00500275",66.9,52.3
"1678675","USC00500275",67,52.4
"1678676","USC00500275",67,52.4
"1678677","USC00500275",67.1,52.5
"1678678","USC00500275",67.1,52.6
"1678679","USC00500275",67.1,52.6
"1678680","USC00500275",67.1,52.7
"1678681","USC00500275",67.2,52.7
"1678682","USC00500275",67.2,52.8
"1678683","USC00500275",67.2,52.8
"1678684","USC00500275",67.1,52.8
"1678685","USC00500275",67.1,52.8
"1678686","USC00500275",67.1,52.8
"1678687","USC00500275",67,52.8
"1678688","USC00500275",67,52.8
"1678689","USC00500275",66.9,52.8
"1678690","USC00500275",66.8,52.8
"1678691","USC00500275",66.7,52.7
"1678692","USC00500275",66.6,52.6
"1678693","USC00500275",66.5,52.6
"1678694","USC00500275",66.4,52.5
"1678695","USC00500275",66.2,52.4
"1678696","USC00500275",66.1,52.3
"1678697","USC00500275",65.9,52.1
"1678698","USC00500275",65.8,52
"1678699","USC00500275",65.6,51.8
"1678700","USC00500275",65.4,51.7
"1678701","USC00500275",65.2,51.5
"1678702","USC00500275",65,51.3
"1678703","USC00500275",64.7,51.1
"1678704","USC00500275",64.5,50.9
"1678705","USC00500275",64.3,50.7
"1678706","USC00500275",64,50.4
"1678707","USC00500275",63.8,50.2
"1678708","USC00500275",63.5,49.9
"1678709","USC00500275",63.3,49.7
"1678710","USC00500275",63,49.4
"1678711","USC00500275",62.7,49.1
"1678712","USC00500275",62.4,48.9
"1678713","USC00500275",62.2,48.6
"1678714","USC00500275",61.9,48.3
"1678715","USC00500275",61.6,48
"1678716","USC00500275",61.3,47.8
"1678717","USC00500275",61.1,47.5
"1678718","USC00500275",60.8,47.2
"1678719","USC00500275",60.5,46.9
"1678720","USC00500275",60.2,46.6
"1678721","USC00500275",60,46.3
"1678722","USC00500275",59.7,46.1
"1678723","USC00500275",59.4,45.8
"1678724","USC00500275",59.2,45.5
"1678725","USC00500275",58.9,45.3
"1678726","USC00500275",58.7,45
"1678727","USC00500275",58.4,44.8
"1678728","USC00500275",58.2,44.5
"1678729","USC00500275",57.9,44.3
"1678730","USC00500275",57.7,44
"1678731","USC00500275",57.4,43.8
"1678732","USC00500275",57.2,43.6
"1678733","USC00500275",56.9,43.4
"1678734","USC00500275",56.7,43.1
"1678735","USC00500275",56.5,42.9
"1678736","USC00500275",56.2,42.7
"1678737","USC00500275",56,42.5
"1678738","USC00500275",55.7,42.2
"1678739","USC00500275",55.4,42
"1678740","USC00500275",55.2,41.8
"1678741","USC00500275",54.9,41.6
"1678742","USC00500275",54.6,41.3
"1678743","USC00500275",54.3,41.1
"1678744","USC00500275",54,40.9
"1678745","USC00500275",53.7,40.6
"1678746","USC00500275",53.4,40.3
"1678747","USC00500275",53,40.1
"1678748","USC00500275",52.7,39.8
"1678749","USC00500275",52.3,39.5
"1678750","USC00500275",51.9,39.2
"1678751","USC00500275",51.5,38.9
"1678752","USC00500275",51.1,38.5
"1678753","USC00500275",50.7,38.2
"1678754","USC00500275",50.2,37.8
"1678755","USC00500275",49.7,37.4
"1678756","USC00500275",49.2,37
"1678757","USC00500275",48.7,36.6
"1678758","USC00500275",48.2,36.1
"1678759","USC00500275",47.7,35.7
"1678760","USC00500275",47.1,35.2
"1678761","USC00500275",46.5,34.7
"1678762","USC00500275",45.9,34.2
"1678763","USC00500275",45.3,33.7
"1678764","USC00500275",44.7,33.1
"1678765","USC00500275",44.1,32.6
"1678766","USC00500275",43.4,32
"1678767","USC00500275",42.8,31.4
"1678768","USC00500275",42.1,30.8
"1678769","USC00500275",41.5,30.2
"1678770","USC00500275",40.8,29.6
"1678771","USC00500275",40.1,29
"1678772","USC00500275",39.4,28.4
"1678773","USC00500275",38.8,27.8
"1678774","USC00500275",38.1,27.2
"1678775","USC00500275",37.4,26.6
"1678776","USC00500275",36.8,26
"1678777","USC00500275",36.1,25.4
"1678778","USC00500275",35.5,24.8
"1678779","USC00500275",34.8,24.2
"1678780","USC00500275",34.2,23.6
"1678781","USC00500275",33.6,23.1
"1678782","USC00500275",33,22.5
"1678783","USC00500275",32.4,22
"1678784","USC00500275",31.9,21.5
"1678785","USC00500275",31.3,21
"1678786","USC00500275",30.8,20.5
"1678787","USC00500275",30.3,20.1
"1678788","USC00500275",29.9,19.7
"1678789","USC00500275",29.4,19.2
"1678790","USC00500275",29,18.9
"1678791","USC00500275",28.6,18.5
"1678792","USC00500275",28.3,18.2
"1678793","USC00500275",27.9,17.9
"1678794","USC00500275",27.6,17.6
"1678795","USC00500275",27.3,17.3
"1678796","USC00500275",27.1,17.1
"1678797","USC00500275",26.8,16.9
"1678798","USC00500275",26.6,16.7
"1678799","USC00500275",26.4,16.5
"1678800","USC00500275",26.3,16.4
"1678801","USC00500275",26.1,16.3
"1678802","USC00500275",26,16.2
"1678803","USC00500275",25.9,16.1
"1678804","USC00500275",25.8,16
"1678805","USC00500275",25.7,15.9
"1678806","USC00500275",25.6,15.9
"1678807","USC00500275",25.6,15.9
"1678808","USC00500275",25.5,15.8
"1678809","USC00500275",25.5,15.8
"1678810","USC00500275",25.5,15.8
"1678811","USC00500275",25.5,15.8
"1678812","USC00500275",25.4,15.8
"1678813","USC00500275",25.4,15.8
"1678814","USC00500275",25.4,15.7
"1678815","USC00500275",25.4,15.7
"1678816","USC00500275",25.4,15.7
"1678817","USC00500275",25.4,15.7
"1678818","USC00500275",25.3,15.6
"1678819","USC00500275",25.3,15.6
"1678820","USC00500275",25.3,15.5
"1678821","USC00500275",25.2,15.5
"1678822","USC00500275",25.1,15.4
"1678823","USC00500275",25.1,15.3
"1678824","USC00500275",25,15.2
"1678825","USC00500275",24.9,15.1
"1678826","USC00500275",24.8,15
"1678827","USC00500275",24.7,14.8
"1678828","USC00500275",24.5,14.7
"1678829","USC00500275",24.4,14.5
"1678830","USC00500275",24.3,14.3
"1678831","USC00500275",24.1,14.1
"1678832","USC00500275",23.9,13.9
"1678833","USC00500275",23.8,13.7
"1678834","USC00500275",23.6,13.5
"1678835","USC00500275",23.4,13.3
"1678836","USC00500275",23.2,13.1
"1678837","USC00500275",23,12.9
"1678838","USC00500275",22.8,12.6
"1678839","USC00500275",22.6,12.4
"1678840","USC00500275",22.4,12.2
"1678841","USC00500275",22.2,12
"1678842","USC00500275",22,11.8
"1729351","USW00003171",67.1,43.5
"1729352","USW00003171",67.2,43.5
"1729353","USW00003171",67.4,43.6
"1729354","USW00003171",67.5,43.7
"1729355","USW00003171",67.7,43.7
"1729356","USW00003171",67.8,43.8
"1729357","USW00003171",67.9,43.8
"1729358","USW00003171",68.1,43.9
"1729359","USW00003171",68.2,43.9
"1729360","USW00003171",68.3,44
"1729361","USW00003171",68.4,44
"1729362","USW00003171",68.5,44
"1729363","USW00003171",68.6,44.1
"1729364","USW00003171",68.7,44.1
"1729365","USW00003171",68.8,44.1
"1729366","USW00003171",68.8,44.1
"1729367","USW00003171",68.9,44.1
"1729368","USW00003171",68.9,44.1
"1729369","USW00003171",69,44.1
"1729370","USW00003171",69,44.1
"1729371","USW00003171",69,44
"1729372","USW00003171",69,44
"1729373","USW00003171",69,44
"1729374","USW00003171",69,44
"1729375","USW00003171",69,43.9
"1729376","USW00003171",69,43.9
"1729377","USW00003171",69,43.9
"1729378","USW00003171",69,43.8
"1729379","USW00003171",68.9,43.8
"1729380","USW00003171",68.9,43.8
"1729381","USW00003171",68.9,43.8
"1729382","USW00003171",68.9,43.7
"1729383","USW00003171",68.8,43.7
"1729384","USW00003171",68.8,43.7
"1729385","USW00003171",68.8,43.7
"1729386","USW00003171",68.8,43.7
"1729387","USW00003171",68.8,43.7
"1729388","USW00003171",68.8,43.7
"1729389","USW00003171",68.8,43.7
"1729390","USW00003171",68.8,43.7
"1729391","USW00003171",68.8,43.7
"1729392","USW00003171",68.8,43.7
"1729393","USW00003171",68.8,43.8
"1729394","USW00003171",68.9,43.8
"1729395","USW00003171",68.9,43.8
"1729396","USW00003171",69,43.9
"1729397","USW00003171",69,44
"1729398","USW00003171",69.1,44
"1729399","USW00003171",69.2,44.1
"1729400","USW00003171",69.3,44.2
"1729401","USW00003171",69.4,44.3
"1729402","USW00003171",69.5,44.4
"1729403","USW00003171",69.6,44.5
"1729404","USW00003171",69.7,44.6
"1729405","USW00003171",69.8,44.7
"1729406","USW00003171",70,44.8
"1729407","USW00003171",70.1,45
"1729408","USW00003171",70.2,45.1
"1729409","USW00003171",70.4,45.2
"1729410","USW00003171",70.5,45.3
"1729411","USW00003171",70.5,45.4
"1729412","USW00003171",70.7,45.5
"1729413","USW00003171",70.8,45.6
"1729414","USW00003171",71,45.8
"1729415","USW00003171",71.2,45.9
"1729416","USW00003171",71.3,46.1
"1729417","USW00003171",71.5,46.2
"1729418","USW00003171",71.7,46.4
"1729419","USW00003171",71.8,46.5
"1729420","USW00003171",72,46.6
"1729421","USW00003171",72.2,46.8
"1729422","USW00003171",72.3,46.9
"1729423","USW00003171",72.5,47
"1729424","USW00003171",72.7,47.2
"1729425","USW00003171",72.8,47.3
"1729426","USW00003171",73,47.4
"1729427","USW00003171",73.1,47.5
"1729428","USW00003171",73.3,47.6
"1729429","USW00003171",73.4,47.7
"1729430","USW00003171",73.6,47.9
"1729431","USW00003171",73.7,48
"1729432","USW00003171",73.9,48.1
"1729433","USW00003171",74,48.2
"1729434","USW00003171",74.1,48.3
"1729435","USW00003171",74.3,48.4
"1729436","USW00003171",74.4,48.5
"1729437","USW00003171",74.5,48.6
"1729438","USW00003171",74.7,48.7
"1729439","USW00003171",74.8,48.7
"1729440","USW00003171",74.9,48.8
"1729441","USW00003171",75,48.9
"1729442","USW00003171",75.2,49
"1729443","USW00003171",75.3,49.1
"1729444","USW00003171",75.4,49.2
"1729445","USW00003171",75.5,49.3
"1729446","USW00003171",75.6,49.4
"1729447","USW00003171",75.7,49.5
"1729448","USW00003171",75.9,49.6
"1729449","USW00003171",76,49.7
"1729450","USW00003171",76.1,49.8
"1729451","USW00003171",76.2,49.9
"1729452","USW00003171",76.3,50
"1729453","USW00003171",76.4,50.2
"1729454","USW00003171",76.5,50.3
"1729455","USW00003171",76.7,50.4
"1729456","USW00003171",76.8,50.5
"1729457","USW00003171",76.9,50.7
"1729458","USW00003171",77,50.8
"1729459","USW00003171",77.1,50.9
"1729460","USW00003171",77.2,51.1
"1729461","USW00003171",77.3,51.2
"1729462","USW00003171",77.4,51.4
"1729463","USW00003171",77.5,51.5
"1729464","USW00003171",77.6,51.6
"1729465","USW00003171",77.7,51.8
"1729466","USW00003171",77.8,52
"1729467","USW00003171",77.9,52.1
"1729468","USW00003171",78,52.3
"1729469","USW00003171",78.1,52.4
"1729470","USW00003171",78.2,52.6
"1729471","USW00003171",78.3,52.7
"1729472","USW00003171",78.4,52.9
"1729473","USW00003171",78.5,53
"1729474","USW00003171",78.6,53.2
"1729475","USW00003171",78.7,53.3
"1729476","USW00003171",78.8,53.5
"1729477","USW00003171",78.9,53.6
"1729478","USW00003171",79,53.8
"1729479","USW00003171",79.1,53.9
"1729480","USW00003171",79.2,54
"1729481","USW00003171",79.3,54.2
"1729482","USW00003171",79.4,54.3
"1729483","USW00003171",79.5,54.4
"1729484","USW00003171",79.6,54.6
"1729485","USW00003171",79.7,54.7
"1729486","USW00003171",79.8,54.8
"1729487","USW00003171",80,55
"1729488","USW00003171",80.1,55.1
"1729489","USW00003171",80.2,55.2
"1729490","USW00003171",80.4,55.3
"1729491","USW00003171",80.5,55.4
"1729492","USW00003171",80.7,55.5
"1729493","USW00003171",80.9,55.7
"1729494","USW00003171",81,55.8
"1729495","USW00003171",81.2,55.9
"1729496","USW00003171",81.4,56
"1729497","USW00003171",81.6,56.1
"1729498","USW00003171",81.9,56.3
"1729499","USW00003171",82.1,56.4
"1729500","USW00003171",82.3,56.5
"1729501","USW00003171",82.6,56.6
"1729502","USW00003171",82.9,56.8
"1729503","USW00003171",83.1,56.9
"1729504","USW00003171",83.4,57.1
"1729505","USW00003171",83.7,57.2
"1729506","USW00003171",84,57.4
"1729507","USW00003171",84.3,57.5
"1729508","USW00003171",84.7,57.7
"1729509","USW00003171",85,57.8
"1729510","USW00003171",85.4,58
"1729511","USW00003171",85.7,58.2
"1729512","USW00003171",86.1,58.4
"1729513","USW00003171",86.4,58.6
"1729514","USW00003171",86.8,58.8
"1729515","USW00003171",87.1,59
"1729516","USW00003171",87.5,59.2
"1729517","USW00003171",87.9,59.4
"1729518","USW00003171",88.2,59.6
"1729519","USW00003171",88.6,59.8
"1729520","USW00003171",89,60
"1729521","USW00003171",89.3,60.2
"1729522","USW00003171",89.7,60.5
"1729523","USW00003171",90,60.7
"1729524","USW00003171",90.4,60.9
"1729525","USW00003171",90.7,61.1
"1729526","USW00003171",91,61.4
"1729527","USW00003171",91.3,61.6
"1729528","USW00003171",91.6,61.8
"1729529","USW00003171",91.9,62
"1729530","USW00003171",92.1,62.3
"1729531","USW00003171",92.4,62.5
"1729532","USW00003171",92.6,62.7
"1729533","USW00003171",92.9,62.9
"1729534","USW00003171",93.1,63.1
"1729535","USW00003171",93.3,63.3
"1729536","USW00003171",93.4,63.5
"1729537","USW00003171",93.6,63.7
"1729538","USW00003171",93.7,63.8
"1729539","USW00003171",93.9,64
"1729540","USW00003171",94,64.2
"1729541","USW00003171",94.1,64.3
"1729542","USW00003171",94.2,64.4
"1729543","USW00003171",94.2,64.6
"1729544","USW00003171",94.3,64.7
"1729545","USW00003171",94.3,64.8
"1729546","USW00003171",94.4,64.9
"1729547","USW00003171",94.4,65
"1729548","USW00003171",94.4,65.1
"1729549","USW00003171",94.4,65.1
"1729550","USW00003171",94.4,65.2
"1729551","USW00003171",94.4,65.2
"1729552","USW00003171",94.4,65.3
"1729553","USW00003171",94.4,65.3
"1729554","USW00003171",94.4,65.3
"1729555","USW00003171",94.3,65.4
"1729556","USW00003171",94.3,65.4
"1729557","USW00003171",94.3,65.4
"1729558","USW00003171",94.3,65.4
"1729559","USW00003171",94.3,65.4
"1729560","USW00003171",94.3,65.4
"1729561","USW00003171",94.3,65.3
"1729562","USW00003171",94.3,65.3
"1729563","USW00003171",94.3,65.3
"1729564","USW00003171",94.3,65.3
"1729565","USW00003171",94.3,65.2
"1729566","USW00003171",94.4,65.2
"1729567","USW00003171",94.4,65.2
"1729568","USW00003171",94.4,65.1
"1729569","USW00003171",94.5,65.1
"1729570","USW00003171",94.6,65.1
"1729571","USW00003171",94.6,65
"1729572","USW00003171",94.7,65
"1729573","USW00003171",94.8,65
"1729574","USW00003171",94.9,64.9
"1729575","USW00003171",95,64.9
"1729576","USW00003171",95.1,64.9
"1729577","USW00003171",95.1,64.8
"1729578","USW00003171",95.2,64.8
"1729579","USW00003171",95.3,64.8
"1729580","USW00003171",95.4,64.8
"1729581","USW00003171",95.5,64.7
"1729582","USW00003171",95.6,64.7
"1729583","USW00003171",95.7,64.7
"1729584","USW00003171",95.8,64.7
"1729585","USW00003171",95.9,64.6
"1729586","USW00003171",96,64.6
"1729587","USW00003171",96,64.6
"1729588","USW00003171",96.1,64.6
"1729589","USW00003171",96.1,64.5
"1729590","USW00003171",96.1,64.5
"1729591","USW00003171",96.1,64.5
"1729592","USW00003171",96.1,64.4
"1729593","USW00003171",96.1,64.4
"1729594","USW00003171",96.1,64.3
"1729595","USW00003171",96,64.3
"1729596","USW00003171",95.9,64.2
"1729597","USW00003171",95.8,64.2
"1729598","USW00003171",95.7,64.1
"1729599","USW00003171",95.6,64
"1729600","USW00003171",95.4,63.9
"1729601","USW00003171",95.2,63.8
"1729602","USW00003171",95,63.7
"1729603","USW00003171",94.8,63.6
"1729604","USW00003171",94.6,63.5
"1729605","USW00003171",94.3,63.4
"1729606","USW00003171",94.1,63.3
"1729607","USW00003171",93.8,63.1
"1729608","USW00003171",93.5,63
"1729609","USW00003171",93.2,62.8
"1729610","USW00003171",92.9,62.7
"1729611","USW00003171",92.5,62.5
"1729612","USW00003171",92.2,62.3
"1729613","USW00003171",91.8,62.2
"1729614","USW00003171",91.5,62
"1729615","USW00003171",91.1,61.8
"1729616","USW00003171",90.7,61.6
"1729617","USW00003171",90.3,61.4
"1729618","USW00003171",90,61.2
"1729619","USW00003171",89.6,61
"1729620","USW00003171",89.2,60.7
"1729621","USW00003171",88.9,60.5
"1729622","USW00003171",88.5,60.3
"1729623","USW00003171",88.1,60.1
"1729624","USW00003171",87.8,59.8
"1729625","USW00003171",87.5,59.6
"1729626","USW00003171",87.1,59.4
"1729627","USW00003171",86.8,59.2
"1729628","USW00003171",86.5,58.9
"1729629","USW00003171",86.2,58.7
"1729630","USW00003171",85.9,58.5
"1729631","USW00003171",85.6,58.2
"1729632","USW00003171",85.3,58
"1729633","USW00003171",85.1,57.8
"1729634","USW00003171",84.9,57.5
"1729635","USW00003171",84.6,57.3
"1729636","USW00003171",84.4,57.1
"1729637","USW00003171",84.2,56.9
"1729638","USW00003171",84,56.6
"1729639","USW00003171",83.8,56.4
"1729640","USW00003171",83.6,56.2
"1729641","USW00003171",83.5,56
"1729642","USW00003171",83.3,55.7
"1729643","USW00003171",83.1,55.5
"1729644","USW00003171",83,55.3
"1729645","USW00003171",82.8,55.1
"1729646","USW00003171",82.7,54.9
"1729647","USW00003171",82.5,54.6
"1729648","USW00003171",82.4,54.4
"1729649","USW00003171",82.2,54.2
"1729650","USW00003171",82.1,54
"1729651","USW00003171",81.9,53.7
"1729652","USW00003171",81.7,53.5
"1729653","USW00003171",81.6,53.3
"1729654","USW00003171",81.4,53
"1729655","USW00003171",81.2,52.8
"1729656","USW00003171",81,52.6
"1729657","USW00003171",80.7,52.3
"1729658","USW00003171",80.5,52.1
"1729659","USW00003171",80.2,51.8
"1729660","USW00003171",80,51.6
"1729661","USW00003171",79.7,51.3
"1729662","USW00003171",79.4,51
"1729663","USW00003171",79.1,50.8
"1729664","USW00003171",78.8,50.5
"1729665","USW00003171",78.4,50.2
"1729666","USW00003171",78.1,50
"1729667","USW00003171",77.7,49.7
"1729668","USW00003171",77.3,49.4
"1729669","USW00003171",76.9,49.1
"1729670","USW00003171",76.5,48.8
"1729671","USW00003171",76.1,48.6
"1729672","USW00003171",75.7,48.3
"1729673","USW00003171",75.3,48
"1729674","USW00003171",74.8,47.7
"1729675","USW00003171",74.4,47.4
"1729676","USW00003171",73.9,47.2
"1729677","USW00003171",73.5,46.9
"1729678","USW00003171",73,46.6
"1729679","USW00003171",72.6,46.3
"1729680","USW00003171",72.1,46.1
"1729681","USW00003171",71.7,45.8
"1729682","USW00003171",71.3,45.6
"1729683","USW00003171",70.8,45.3
"1729684","USW00003171",70.4,45.1
"1729685","USW00003171",70,44.9
"1729686","USW00003171",69.6,44.7
"1729687","USW00003171",69.2,44.5
"1729688","USW00003171",68.9,44.3
"1729689","USW00003171",68.5,44.1
"1729690","USW00003171",68.2,43.9
"1729691","USW00003171",67.9,43.8
"1729692","USW00003171",67.6,43.6
"1729693","USW00003171",67.4,43.5
"1729694","USW00003171",67.1,43.4
"1729695","USW00003171",66.9,43.3
"1729696","USW00003171",66.7,43.2
"1729697","USW00003171",66.5,43.1
"1729698","USW00003171",66.4,43
"1729699","USW00003171",66.3,43
"1729700","USW00003171",66.2,42.9
"1729701","USW00003171",66.1,42.9
"1729702","USW00003171",66,42.9
"1729703","USW00003171",66,42.8
"1729704","USW00003171",66,42.8
"1729705","USW00003171",66,42.9
"1729706","USW00003171",66,42.9
"1729707","USW00003171",66,42.9
"1729708","USW00003171",66.1,42.9
"1729709","USW00003171",66.2,43
"1729710","USW00003171",66.2,43
"1729711","USW00003171",66.3,43.1
"1729712","USW00003171",66.4,43.1
"1729713","USW00003171",66.6,43.2
"1729714","USW00003171",66.7,43.3
"1729715","USW00003171",66.8,43.3
"1729716","USW00003171",67,43.4
"1730815","USW00003184",63.7,42.6
"1730816","USW00003184",63.8,42.7
"1730817","USW00003184",64,42.8
"1730818","USW00003184",64.2,42.8
"1730819","USW00003184",64.4,42.9
"1730820","USW00003184",64.5,43
"1730821","USW00003184",64.7,43.1
"1730822","USW00003184",64.9,43.1
"1730823","USW00003184",65.1,43.2
"1730824","USW00003184",65.2,43.3
"1730825","USW00003184",65.4,43.3
"1730826","USW00003184",65.5,43.4
"1730827","USW00003184",65.7,43.4
"1730828","USW00003184",65.8,43.5
"1730829","USW00003184",66,43.5
"1730830","USW00003184",66.1,43.5
"1730831","USW00003184",66.2,43.6
"1730832","USW00003184",66.3,43.6
"1730833","USW00003184",66.4,43.6
"1730834","USW00003184",66.5,43.6
"1730835","USW00003184",66.6,43.7
"1730836","USW00003184",66.6,43.7
"1730837","USW00003184",66.7,43.7
"1730838","USW00003184",66.8,43.7
"1730839","USW00003184",66.8,43.7
"1730840","USW00003184",66.9,43.7
"1730841","USW00003184",66.9,43.7
"1730842","USW00003184",67,43.8
"1730843","USW00003184",67,43.8
"1730844","USW00003184",67,43.8
"1730845","USW00003184",67.1,43.8
"1730846","USW00003184",67.1,43.9
"1730847","USW00003184",67.1,43.9
"1730848","USW00003184",67.2,44
"1730849","USW00003184",67.2,44
"1730850","USW00003184",67.3,44.1
"1730851","USW00003184",67.3,44.1
"1730852","USW00003184",67.4,44.2
"1730853","USW00003184",67.5,44.3
"1730854","USW00003184",67.5,44.4
"1730855","USW00003184",67.6,44.5
"1730856","USW00003184",67.7,44.6
"1730857","USW00003184",67.8,44.8
"1730858","USW00003184",67.9,44.9
"1730859","USW00003184",68.1,45
"1730860","USW00003184",68.2,45.2
"1730861","USW00003184",68.4,45.4
"1730862","USW00003184",68.5,45.5
"1730863","USW00003184",68.7,45.7
"1730864","USW00003184",68.9,45.9
"1730865","USW00003184",69.1,46.1
"1730866","USW00003184",69.3,46.3
"1730867","USW00003184",69.5,46.5
"1730868","USW00003184",69.8,46.7
"1730869","USW00003184",70,47
"1730870","USW00003184",70.3,47.2
"1730871","USW00003184",70.6,47.4
"1730872","USW00003184",70.8,47.6
"1730873","USW00003184",71.1,47.9
"1730874","USW00003184",71.3,48
"1730875","USW00003184",71.4,48.1
"1730876","USW00003184",71.7,48.3
"1730877","USW00003184",72.1,48.5
"1730878","USW00003184",72.4,48.8
"1730879","USW00003184",72.7,49
"1730880","USW00003184",73.1,49.2
"1730881","USW00003184",73.4,49.4
"1730882","USW00003184",73.7,49.7
"1730883","USW00003184",74.1,49.9
"1730884","USW00003184",74.4,50.1
"1730885","USW00003184",74.8,50.3
"1730886","USW00003184",75.1,50.5
"1730887","USW00003184",75.5,50.7
"1730888","USW00003184",75.8,50.9
"1730889","USW00003184",76.1,51.1
"1730890","USW00003184",76.5,51.2
"1730891","USW00003184",76.8,51.4
"1730892","USW00003184",77.1,51.6
"1730893","USW00003184",77.4,51.8
"1730894","USW00003184",77.7,51.9
"1730895","USW00003184",78,52.1
"1730896","USW00003184",78.3,52.3
"1730897","USW00003184",78.6,52.4
"1730898","USW00003184",78.9,52.6
"1730899","USW00003184",79.2,52.7
"1730900","USW00003184",79.4,52.9
"1730901","USW00003184",79.7,53
"1730902","USW00003184",79.9,53.2
"1730903","USW00003184",80.2,53.4
"1730904","USW00003184",80.4,53.5
"1730905","USW00003184",80.6,53.7
"1730906","USW00003184",80.9,53.8
"1730907","USW00003184",81.1,54
"1730908","USW00003184",81.3,54.2
"1730909","USW00003184",81.5,54.3
"1730910","USW00003184",81.6,54.5
"1730911","USW00003184",81.8,54.7
"1730912","USW00003184",82,54.9
"1730913","USW00003184",82.2,55.1
"1730914","USW00003184",82.3,55.3
"1730915","USW00003184",82.5,55.5
"1730916","USW00003184",82.7,55.7
"1730917","USW00003184",82.8,55.9
"1730918","USW00003184",83,56.1
"1730919","USW00003184",83.1,56.4
"1730920","USW00003184",83.3,56.6
"1730921","USW00003184",83.5,56.8
"1730922","USW00003184",83.6,57.1
"1730923","USW00003184",83.8,57.3
"1730924","USW00003184",83.9,57.6
"1730925","USW00003184",84.1,57.8
"1730926","USW00003184",84.3,58.1
"1730927","USW00003184",84.4,58.4
"1730928","USW00003184",84.6,58.6
"1730929","USW00003184",84.8,58.9
"1730930","USW00003184",85,59.2
"1730931","USW00003184",85.2,59.5
"1730932","USW00003184",85.4,59.7
"1730933","USW00003184",85.6,60
"1730934","USW00003184",85.8,60.3
"1730935","USW00003184",86,60.5
"1730936","USW00003184",86.2,60.8
"1730937","USW00003184",86.5,61.1
"1730938","USW00003184",86.7,61.4
"1730939","USW00003184",87,61.6
"1730940","USW00003184",87.3,61.9
"1730941","USW00003184",87.5,62.2
"1730942","USW00003184",87.8,62.4
"1730943","USW00003184",88.1,62.7
"1730944","USW00003184",88.4,62.9
"1730945","USW00003184",88.7,63.2
"1730946","USW00003184",89.1,63.4
"1730947","USW00003184",89.4,63.7
"1730948","USW00003184",89.7,63.9
"1730949","USW00003184",90.1,64.2
"1730950","USW00003184",90.4,64.4
"1730951","USW00003184",90.8,64.7
"1730952","USW00003184",91.2,64.9
"1730953","USW00003184",91.6,65.2
"1730954","USW00003184",91.9,65.4
"1730955","USW00003184",92.3,65.7
"1730956","USW00003184",92.7,65.9
"1730957","USW00003184",93.2,66.2
"1730958","USW00003184",93.6,66.4
"1730959","USW00003184",94,66.7
"1730960","USW00003184",94.4,67
"1730961","USW00003184",94.8,67.2
"1730962","USW00003184",95.3,67.5
"1730963","USW00003184",95.7,67.8
"1730964","USW00003184",96.1,68.1
"1730965","USW00003184",96.5,68.4
"1730966","USW00003184",97,68.7
"1730967","USW00003184",97.4,69
"1730968","USW00003184",97.8,69.3
"1730969","USW00003184",98.3,69.6
"1730970","USW00003184",98.7,70
"1730971","USW00003184",99.1,70.3
"1730972","USW00003184",99.5,70.7
"1730973","USW00003184",99.9,71
"1730974","USW00003184",100.3,71.4
"1730975","USW00003184",100.6,71.8
"1730976","USW00003184",101,72.1
"1730977","USW00003184",101.4,72.5
"1730978","USW00003184",101.7,72.9
"1730979","USW00003184",102.1,73.3
"1730980","USW00003184",102.4,73.7
"1730981","USW00003184",102.7,74.1
"1730982","USW00003184",103,74.5
"1730983","USW00003184",103.3,74.9
"1730984","USW00003184",103.5,75.3
"1730985","USW00003184",103.8,75.7
"1730986","USW00003184",104,76.1
"1730987","USW00003184",104.2,76.5
"1730988","USW00003184",104.4,76.8
"1730989","USW00003184",104.6,77.2
"1730990","USW00003184",104.7,77.6
"1730991","USW00003184",104.9,78
"1730992","USW00003184",105,78.3
"1730993","USW00003184",105.1,78.7
"1730994","USW00003184",105.2,79
"1730995","USW00003184",105.3,79.3
"1730996","USW00003184",105.3,79.6
"1730997","USW00003184",105.3,79.9
"1730998","USW00003184",105.4,80.2
"1730999","USW00003184",105.4,80.5
"1731000","USW00003184",105.3,80.7
"1731001","USW00003184",105.3,81
"1731002","USW00003184",105.3,81.2
"1731003","USW00003184",105.2,81.4
"1731004","USW00003184",105.2,81.6
"1731005","USW00003184",105.1,81.7
"1731006","USW00003184",105,81.9
"1731007","USW00003184",104.9,82
"1731008","USW00003184",104.8,82.1
"1731009","USW00003184",104.7,82.2
"1731010","USW00003184",104.6,82.3
"1731011","USW00003184",104.5,82.4
"1731012","USW00003184",104.4,82.4
"1731013","USW00003184",104.3,82.5
"1731014","USW00003184",104.1,82.5
"1731015","USW00003184",104,82.5
"1731016","USW00003184",103.9,82.5
"1731017","USW00003184",103.8,82.5
"1731018","USW00003184",103.7,82.5
"1731019","USW00003184",103.6,82.5
"1731020","USW00003184",103.5,82.4
"1731021","USW00003184",103.4,82.4
"1731022","USW00003184",103.3,82.3
"1731023","USW00003184",103.2,82.3
"1731024","USW00003184",103.1,82.2
"1731025","USW00003184",103.1,82.1
"1731026","USW00003184",103,82.1
"1731027","USW00003184",103,82
"1731028","USW00003184",102.9,81.9
"1731029","USW00003184",102.9,81.9
"1731030","USW00003184",102.9,81.8
"1731031","USW00003184",102.8,81.7
"1731032","USW00003184",102.8,81.7
"1731033","USW00003184",102.8,81.6
"1731034","USW00003184",102.8,81.5
"1731035","USW00003184",102.9,81.5
"1731036","USW00003184",102.9,81.4
"1731037","USW00003184",102.9,81.4
"1731038","USW00003184",102.9,81.3
"1731039","USW00003184",102.9,81.3
"1731040","USW00003184",103,81.2
"1731041","USW00003184",103,81.2
"1731042","USW00003184",103,81.1
"1731043","USW00003184",103,81.1
"1731044","USW00003184",103.1,81
"1731045","USW00003184",103.1,81
"1731046","USW00003184",103.1,80.9
"1731047","USW00003184",103.1,80.9
"1731048","USW00003184",103.1,80.8
"1731049","USW00003184",103.1,80.7
"1731050","USW00003184",103,80.6
"1731051","USW00003184",103,80.6
"1731052","USW00003184",103,80.5
"1731053","USW00003184",102.9,80.4
"1731054","USW00003184",102.8,80.3
"1731055","USW00003184",102.7,80.1
"1731056","USW00003184",102.6,80
"1731057","USW00003184",102.5,79.9
"1731058","USW00003184",102.3,79.7
"1731059","USW00003184",102.2,79.5
"1731060","USW00003184",102,79.4
"1731061","USW00003184",101.8,79.2
"1731062","USW00003184",101.6,78.9
"1731063","USW00003184",101.3,78.7
"1731064","USW00003184",101.1,78.5
"1731065","USW00003184",100.8,78.2
"1731066","USW00003184",100.5,77.9
"1731067","USW00003184",100.2,77.6
"1731068","USW00003184",99.9,77.3
"1731069","USW00003184",99.5,77
"1731070","USW00003184",99.2,76.6
"1731071","USW00003184",98.8,76.3
"1731072","USW00003184",98.4,75.9
"1731073","USW00003184",98,75.5
"1731074","USW00003184",97.6,75.1
"1731075","USW00003184",97.2,74.7
"1731076","USW00003184",96.8,74.3
"1731077","USW00003184",96.4,73.9
"1731078","USW00003184",96,73.4
"1731079","USW00003184",95.5,73
"1731080","USW00003184",95.1,72.5
"1731081","USW00003184",94.7,72.1
"1731082","USW00003184",94.2,71.6
"1731083","USW00003184",93.8,71.1
"1731084","USW00003184",93.4,70.7
"1731085","USW00003184",92.9,70.2
"1731086","USW00003184",92.5,69.7
"1731087","USW00003184",92.1,69.3
"1731088","USW00003184",91.7,68.8
"1731089","USW00003184",91.3,68.4
"1731090","USW00003184",90.9,67.9
"1731091","USW00003184",90.5,67.5
"1731092","USW00003184",90.2,67
"1731093","USW00003184",89.8,66.6
"1731094","USW00003184",89.4,66.2
"1731095","USW00003184",89.1,65.8
"1731096","USW00003184",88.8,65.4
"1731097","USW00003184",88.4,65
"1731098","USW00003184",88.1,64.6
"1731099","USW00003184",87.8,64.2
"1731100","USW00003184",87.5,63.8
"1731101","USW00003184",87.3,63.5
"1731102","USW00003184",87,63.1
"1731103","USW00003184",86.7,62.8
"1731104","USW00003184",86.4,62.4
"1731105","USW00003184",86.2,62.1
"1731106","USW00003184",85.9,61.8
"1731107","USW00003184",85.7,61.5
"1731108","USW00003184",85.4,61.2
"1731109","USW00003184",85.2,60.9
"1731110","USW00003184",84.9,60.6
"1731111","USW00003184",84.7,60.3
"1731112","USW00003184",84.4,60
"1731113","USW00003184",84.1,59.7
"1731114","USW00003184",83.9,59.4
"1731115","USW00003184",83.6,59.1
"1731116","USW00003184",83.3,58.8
"1731117","USW00003184",83,58.5
"1731118","USW00003184",82.7,58.2
"1731119","USW00003184",82.4,57.8
"1731120","USW00003184",82,57.5
"1731121","USW00003184",81.7,57.2
"1731122","USW00003184",81.3,56.9
"1731123","USW00003184",81,56.5
"1731124","USW00003184",80.6,56.2
"1731125","USW00003184",80.2,55.8
"1731126","USW00003184",79.8,55.5
"1731127","USW00003184",79.3,55.1
"1731128","USW00003184",78.9,54.7
"1731129","USW00003184",78.4,54.4
"1731130","USW00003184",78,54
"1731131","USW00003184",77.5,53.6
"1731132","USW00003184",77,53.2
"1731133","USW00003184",76.5,52.8
"1731134","USW00003184",75.9,52.3
"1731135","USW00003184",75.4,51.9
"1731136","USW00003184",74.9,51.5
"1731137","USW00003184",74.3,51.1
"1731138","USW00003184",73.8,50.6
"1731139","USW00003184",73.2,50.2
"1731140","USW00003184",72.7,49.8
"1731141","USW00003184",72.1,49.3
"1731142","USW00003184",71.6,48.9
"1731143","USW00003184",71,48.5
"1731144","USW00003184",70.5,48.1
"1731145","USW00003184",69.9,47.7
"1731146","USW00003184",69.4,47.3
"1731147","USW00003184",68.9,46.9
"1731148","USW00003184",68.4,46.5
"1731149","USW00003184",67.9,46.1
"1731150","USW00003184",67.4,45.7
"1731151","USW00003184",66.9,45.4
"1731152","USW00003184",66.5,45.1
"1731153","USW00003184",66.1,44.7
"1731154","USW00003184",65.7,44.4
"1731155","USW00003184",65.3,44.2
"1731156","USW00003184",64.9,43.9
"1731157","USW00003184",64.6,43.6
"1731158","USW00003184",64.3,43.4
"1731159","USW00003184",64,43.2
"1731160","USW00003184",63.7,43
"1731161","USW00003184",63.5,42.8
"1731162","USW00003184",63.3,42.7
"1731163","USW00003184",63.1,42.6
"1731164","USW00003184",63,42.4
"1731165","USW00003184",62.8,42.3
"1731166","USW00003184",62.7,42.3
"1731167","USW00003184",62.7,42.2
"1731168","USW00003184",62.6,42.1
"1731169","USW00003184",62.6,42.1
"1731170","USW00003184",62.6,42.1
"1731171","USW00003184",62.6,42.1
"1731172","USW00003184",62.6,42.1
"1731173","USW00003184",62.7,42.1
"1731174","USW00003184",62.8,42.2
"1731175","USW00003184",62.9,42.2
"1731176","USW00003184",63,42.3
"1731177","USW00003184",63.1,42.3
"1731178","USW00003184",63.2,42.4
"1731179","USW00003184",63.4,42.4
"1731180","USW00003184",63.5,42.5
"1731181","USW00003192",64.6,42.1
"1731182","USW00003192",64.7,42.2
"1731183","USW00003192",64.9,42.2
"1731184","USW00003192",65,42.3
"1731185","USW00003192",65.2,42.3
"1731186","USW00003192",65.4,42.4
"1731187","USW00003192",65.5,42.5
"1731188","USW00003192",65.7,42.5
"1731189","USW00003192",65.8,42.6
"1731190","USW00003192",66,42.7
"1731191","USW00003192",66.2,42.7
"1731192","USW00003192",66.3,42.8
"1731193","USW00003192",66.5,42.9
"1731194","USW00003192",66.6,42.9
"1731195","USW00003192",66.7,43
"1731196","USW00003192",66.8,43
"1731197","USW00003192",67,43.1
"1731198","USW00003192",67.1,43.1
"1731199","USW00003192",67.2,43.2
"1731200","USW00003192",67.3,43.2
"1731201","USW00003192",67.3,43.3
"1731202","USW00003192",67.4,43.3
"1731203","USW00003192",67.5,43.4
"1731204","USW00003192",67.6,43.4
"1731205","USW00003192",67.6,43.5
"1731206","USW00003192",67.7,43.5
"1731207","USW00003192",67.7,43.6
"1731208","USW00003192",67.8,43.7
"1731209","USW00003192",67.8,43.7
"1731210","USW00003192",67.9,43.8
"1731211","USW00003192",67.9,43.8
"1731212","USW00003192",68,43.9
"1731213","USW00003192",68,44
"1731214","USW00003192",68.1,44.1
"1731215","USW00003192",68.1,44.2
"1731216","USW00003192",68.2,44.3
"1731217","USW00003192",68.2,44.4
"1731218","USW00003192",68.3,44.5
"1731219","USW00003192",68.4,44.6
"1731220","USW00003192",68.4,44.7
"1731221","USW00003192",68.5,44.9
"1731222","USW00003192",68.6,45
"1731223","USW00003192",68.7,45.2
"1731224","USW00003192",68.9,45.3
"1731225","USW00003192",69,45.5
"1731226","USW00003192",69.1,45.6
"1731227","USW00003192",69.3,45.8
"1731228","USW00003192",69.4,46
"1731229","USW00003192",69.6,46.2
"1731230","USW00003192",69.8,46.4
"1731231","USW00003192",70,46.6
"1731232","USW00003192",70.2,46.8
"1731233","USW00003192",70.4,47.1
"1731234","USW00003192",70.7,47.3
"1731235","USW00003192",70.9,47.5
"1731236","USW00003192",71.2,47.8
"1731237","USW00003192",71.4,48
"1731238","USW00003192",71.7,48.2
"1731239","USW00003192",72,48.5
"1731240","USW00003192",72.1,48.6
"1731241","USW00003192",72.3,48.7
"1731242","USW00003192",72.6,49
"1731243","USW00003192",72.9,49.2
"1731244","USW00003192",73.2,49.5
"1731245","USW00003192",73.6,49.7
"1731246","USW00003192",73.9,50
"1731247","USW00003192",74.2,50.2
"1731248","USW00003192",74.5,50.5
"1731249","USW00003192",74.9,50.7
"1731250","USW00003192",75.2,50.9
"1731251","USW00003192",75.6,51.2
"1731252","USW00003192",75.9,51.4
"1731253","USW00003192",76.2,51.6
"1731254","USW00003192",76.6,51.9
"1731255","USW00003192",76.9,52.1
"1731256","USW00003192",77.2,52.3
"1731257","USW00003192",77.6,52.5
"1731258","USW00003192",77.9,52.7
"1731259","USW00003192",78.2,53
"1731260","USW00003192",78.5,53.2
"1731261","USW00003192",78.8,53.4
"1731262","USW00003192",79.1,53.6
"1731263","USW00003192",79.4,53.8
"1731264","USW00003192",79.7,54
"1731265","USW00003192",80,54.2
"1731266","USW00003192",80.2,54.4
"1731267","USW00003192",80.5,54.5
"1731268","USW00003192",80.7,54.7
"1731269","USW00003192",81,54.9
"1731270","USW00003192",81.2,55.1
"1731271","USW00003192",81.4,55.3
"1731272","USW00003192",81.6,55.5
"1731273","USW00003192",81.8,55.7
"1731274","USW00003192",82,55.9
"1731275","USW00003192",82.2,56.1
"1731276","USW00003192",82.4,56.3
"1731277","USW00003192",82.6,56.5
"1731278","USW00003192",82.8,56.7
"1731279","USW00003192",82.9,56.9
"1731280","USW00003192",83.1,57.1
"1731281","USW00003192",83.3,57.3
"1731282","USW00003192",83.4,57.5
"1731283","USW00003192",83.6,57.7
"1731284","USW00003192",83.7,57.9
"1731285","USW00003192",83.9,58.1
"1731286","USW00003192",84,58.4
"1731287","USW00003192",84.2,58.6
"1731288","USW00003192",84.3,58.8
"1731289","USW00003192",84.5,59.1
"1731290","USW00003192",84.6,59.3
"1731291","USW00003192",84.8,59.5
"1731292","USW00003192",84.9,59.8
"1731293","USW00003192",85.1,60
"1731294","USW00003192",85.3,60.3
"1731295","USW00003192",85.4,60.5
"1731296","USW00003192",85.6,60.8
"1731297","USW00003192",85.8,61
"1731298","USW00003192",86,61.3
"1731299","USW00003192",86.2,61.6
"1731300","USW00003192",86.4,61.8
"1731301","USW00003192",86.6,62.1
"1731302","USW00003192",86.8,62.3
"1731303","USW00003192",87.1,62.6
"1731304","USW00003192",87.3,62.9
"1731305","USW00003192",87.6,63.1
"1731306","USW00003192",87.9,63.4
"1731307","USW00003192",88.1,63.7
"1731308","USW00003192",88.4,64
"1731309","USW00003192",88.7,64.2
"1731310","USW00003192",89,64.5
"1731311","USW00003192",89.4,64.8
"1731312","USW00003192",89.7,65.1
"1731313","USW00003192",90,65.3
"1731314","USW00003192",90.4,65.6
"1731315","USW00003192",90.7,65.9
"1731316","USW00003192",91.1,66.2
"1731317","USW00003192",91.5,66.5
"1731318","USW00003192",91.9,66.8
"1731319","USW00003192",92.3,67.1
"1731320","USW00003192",92.7,67.4
"1731321","USW00003192",93.1,67.7
"1731322","USW00003192",93.5,68
"1731323","USW00003192",93.9,68.3
"1731324","USW00003192",94.3,68.6
"1731325","USW00003192",94.8,68.9
"1731326","USW00003192",95.2,69.2
"1731327","USW00003192",95.6,69.6
"1731328","USW00003192",96.1,69.9
"1731329","USW00003192",96.5,70.3
"1731330","USW00003192",97,70.6
"1731331","USW00003192",97.4,70.9
"1731332","USW00003192",97.8,71.3
"1731333","USW00003192",98.2,71.7
"1731334","USW00003192",98.7,72
"1731335","USW00003192",99.1,72.4
"1731336","USW00003192",99.5,72.8
"1731337","USW00003192",99.9,73.1
"1731338","USW00003192",100.3,73.5
"1731339","USW00003192",100.7,73.9
"1731340","USW00003192",101.1,74.3
"1731341","USW00003192",101.4,74.7
"1731342","USW00003192",101.8,75
"1731343","USW00003192",102.1,75.4
"1731344","USW00003192",102.5,75.8
"1731345","USW00003192",102.8,76.2
"1731346","USW00003192",103.1,76.6
"1731347","USW00003192",103.4,77
"1731348","USW00003192",103.6,77.3
"1731349","USW00003192",103.9,77.7
"1731350","USW00003192",104.1,78.1
"1731351","USW00003192",104.3,78.4
"1731352","USW00003192",104.5,78.8
"1731353","USW00003192",104.7,79.1
"1731354","USW00003192",104.9,79.5
"1731355","USW00003192",105,79.8
"1731356","USW00003192",105.1,80.1
"1731357","USW00003192",105.2,80.4
"1731358","USW00003192",105.3,80.7
"1731359","USW00003192",105.4,81
"1731360","USW00003192",105.4,81.3
"1731361","USW00003192",105.5,81.5
"1731362","USW00003192",105.5,81.8
"1731363","USW00003192",105.5,82
"1731364","USW00003192",105.5,82.2
"1731365","USW00003192",105.5,82.4
"1731366","USW00003192",105.5,82.6
"1731367","USW00003192",105.4,82.8
"1731368","USW00003192",105.4,82.9
"1731369","USW00003192",105.3,83
"1731370","USW00003192",105.2,83.2
"1731371","USW00003192",105.1,83.3
"1731372","USW00003192",105,83.4
"1731373","USW00003192",104.9,83.4
"1731374","USW00003192",104.8,83.5
"1731375","USW00003192",104.7,83.5
"1731376","USW00003192",104.6,83.6
"1731377","USW00003192",104.5,83.6
"1731378","USW00003192",104.4,83.6
"1731379","USW00003192",104.3,83.6
"1731380","USW00003192",104.2,83.6
"1731381","USW00003192",104.1,83.6
"1731382","USW00003192",104,83.6
"1731383","USW00003192",103.9,83.5
"1731384","USW00003192",103.8,83.5
"1731385","USW00003192",103.7,83.4
"1731386","USW00003192",103.6,83.4
"1731387","USW00003192",103.5,83.3
"1731388","USW00003192",103.5,83.3
"1731389","USW00003192",103.4,83.2
"1731390","USW00003192",103.4,83.1
"1731391","USW00003192",103.3,83.1
"1731392","USW00003192",103.3,83
"1731393","USW00003192",103.3,83
"1731394","USW00003192",103.2,82.9
"1731395","USW00003192",103.2,82.8
"1731396","USW00003192",103.2,82.8
"1731397","USW00003192",103.2,82.7
"1731398","USW00003192",103.2,82.6
"1731399","USW00003192",103.3,82.6
"1731400","USW00003192",103.3,82.5
"1731401","USW00003192",103.3,82.5
"1731402","USW00003192",103.4,82.4
"1731403","USW00003192",103.4,82.4
"1731404","USW00003192",103.4,82.3
"1731405","USW00003192",103.5,82.3
"1731406","USW00003192",103.5,82.3
"1731407","USW00003192",103.5,82.2
"1731408","USW00003192",103.6,82.2
"1731409","USW00003192",103.6,82.1
"1731410","USW00003192",103.6,82.1
"1731411","USW00003192",103.6,82
"1731412","USW00003192",103.7,82
"1731413","USW00003192",103.7,81.9
"1731414","USW00003192",103.6,81.8
"1731415","USW00003192",103.6,81.7
"1731416","USW00003192",103.6,81.7
"1731417","USW00003192",103.6,81.6
"1731418","USW00003192",103.5,81.5
"1731419","USW00003192",103.4,81.4
"1731420","USW00003192",103.3,81.2
"1731421","USW00003192",103.2,81.1
"1731422","USW00003192",103.1,81
"1731423","USW00003192",103,80.8
"1731424","USW00003192",102.8,80.6
"1731425","USW00003192",102.7,80.4
"1731426","USW00003192",102.5,80.2
"1731427","USW00003192",102.3,80
"1731428","USW00003192",102.1,79.8
"1731429","USW00003192",101.8,79.5
"1731430","USW00003192",101.6,79.3
"1731431","USW00003192",101.3,79
"1731432","USW00003192",101,78.7
"1731433","USW00003192",100.7,78.4
"1731434","USW00003192",100.4,78.1
"1731435","USW00003192",100,77.7
"1731436","USW00003192",99.7,77.4
"1731437","USW00003192",99.3,77
"1731438","USW00003192",99,76.6
"1731439","USW00003192",98.6,76.2
"1731440","USW00003192",98.2,75.8
"1731441","USW00003192",97.8,75.4
"1731442","USW00003192",97.4,74.9
"1731443","USW00003192",97,74.5
"1731444","USW00003192",96.6,74.1
"1731445","USW00003192",96.2,73.6
"1731446","USW00003192",95.8,73.1
"1731447","USW00003192",95.3,72.7
"1731448","USW00003192",94.9,72.2
"1731449","USW00003192",94.5,71.7
"1731450","USW00003192",94.1,71.3
"1731451","USW00003192",93.7,70.8
"1731452","USW00003192",93.3,70.3
"1731453","USW00003192",92.9,69.8
"1731454","USW00003192",92.5,69.4
"1731455","USW00003192",92.1,68.9
"1731456","USW00003192",91.7,68.4
"1731457","USW00003192",91.4,68
"1731458","USW00003192",91,67.5
"1731459","USW00003192",90.7,67.1
"1731460","USW00003192",90.3,66.6
"1731461","USW00003192",90,66.2
"1731462","USW00003192",89.7,65.8
"1731463","USW00003192",89.4,65.3
"1731464","USW00003192",89.1,64.9
"1731465","USW00003192",88.8,64.5
"1731466","USW00003192",88.5,64.1
"1731467","USW00003192",88.2,63.8
"1731468","USW00003192",87.9,63.4
"1731469","USW00003192",87.7,63
"1731470","USW00003192",87.4,62.7
"1731471","USW00003192",87.1,62.3
"1731472","USW00003192",86.9,62
"1731473","USW00003192",86.6,61.6
"1731474","USW00003192",86.3,61.3
"1731475","USW00003192",86.1,60.9
"1731476","USW00003192",85.8,60.6
"1731477","USW00003192",85.6,60.3
"1731478","USW00003192",85.3,60
"1731479","USW00003192",85,59.6
"1731480","USW00003192",84.7,59.3
"1731481","USW00003192",84.4,59
"1731482","USW00003192",84.1,58.7
"1731483","USW00003192",83.8,58.4
"1731484","USW00003192",83.5,58
"1731485","USW00003192",83.2,57.7
"1731486","USW00003192",82.8,57.4
"1731487","USW00003192",82.5,57
"1731488","USW00003192",82.1,56.7
"1731489","USW00003192",81.7,56.4
"1731490","USW00003192",81.4,56
"1731491","USW00003192",80.9,55.6
"1731492","USW00003192",80.5,55.3
"1731493","USW00003192",80.1,54.9
"1731494","USW00003192",79.6,54.5
"1731495","USW00003192",79.2,54.2
"1731496","USW00003192",78.7,53.8
"1731497","USW00003192",78.2,53.4
"1731498","USW00003192",77.7,53
"1731499","USW00003192",77.2,52.6
"1731500","USW00003192",76.7,52.2
"1731501","USW00003192",76.2,51.8
"1731502","USW00003192",75.6,51.4
"1731503","USW00003192",75.1,51
"1731504","USW00003192",74.6,50.5
"1731505","USW00003192",74,50.1
"1731506","USW00003192",73.5,49.7
"1731507","USW00003192",72.9,49.3
"1731508","USW00003192",72.4,48.9
"1731509","USW00003192",71.9,48.5
"1731510","USW00003192",71.3,48.1
"1731511","USW00003192",70.8,47.7
"1731512","USW00003192",70.3,47.3
"1731513","USW00003192",69.8,46.9
"1731514","USW00003192",69.3,46.6
"1731515","USW00003192",68.8,46.2
"1731516","USW00003192",68.3,45.8
"1731517","USW00003192",67.9,45.5
"1731518","USW00003192",67.5,45.2
"1731519","USW00003192",67,44.9
"1731520","USW00003192",66.7,44.6
"1731521","USW00003192",66.3,44.3
"1731522","USW00003192",65.9,44
"1731523","USW00003192",65.6,43.7
"1731524","USW00003192",65.3,43.5
"1731525","USW00003192",65,43.3
"1731526","USW00003192",64.8,43.1
"1731527","USW00003192",64.5,42.9
"1731528","USW00003192",64.3,42.7
"1731529","USW00003192",64.2,42.6
"1731530","USW00003192",64,42.4
"1731531","USW00003192",63.9,42.3
"1731532","USW00003192",63.8,42.2
"1731533","USW00003192",63.7,42.1
"1731534","USW00003192",63.6,42
"1731535","USW00003192",63.6,42
"1731536","USW00003192",63.6,41.9
"1731537","USW00003192",63.6,41.9
"1731538","USW00003192",63.6,41.9
"1731539","USW00003192",63.7,41.8
"1731540","USW00003192",63.7,41.9
"1731541","USW00003192",63.8,41.9
"1731542","USW00003192",63.9,41.9
"1731543","USW00003192",64,41.9
"1731544","USW00003192",64.1,41.9
"1731545","USW00003192",64.3,42
"1731546","USW00003192",64.4,42
"1733743","USW00003758",51.4,31.8
"1733744","USW00003758",51.2,31.6
"1733745","USW00003758",51.1,31.4
"1733746","USW00003758",50.9,31.3
"1733747","USW00003758",50.8,31.1
"1733748","USW00003758",50.7,30.9
"1733749","USW00003758",50.5,30.8
"1733750","USW00003758",50.4,30.6
"1733751","USW00003758",50.3,30.5
"1733752","USW00003758",50.2,30.3
"1733753","USW00003758",50.2,30.2
"1733754","USW00003758",50.1,30.1
"1733755","USW00003758",50,29.9
"1733756","USW00003758",50,29.8
"1733757","USW00003758",50,29.7
"1733758","USW00003758",49.9,29.7
"1733759","USW00003758",49.9,29.6
"1733760","USW00003758",49.9,29.5
"1733761","USW00003758",49.9,29.5
"1733762","USW00003758",50,29.4
"1733763","USW00003758",50,29.4
"1733764","USW00003758",50.1,29.4
"1733765","USW00003758",50.1,29.4
"1733766","USW00003758",50.2,29.4
"1733767","USW00003758",50.3,29.5
"1733768","USW00003758",50.4,29.5
"1733769","USW00003758",50.5,29.6
"1733770","USW00003758",50.6,29.6
"1733771","USW00003758",50.7,29.7
"1733772","USW00003758",50.9,29.8
"1733773","USW00003758",51,29.9
"1733774","USW00003758",51.2,30
"1733775","USW00003758",51.3,30.1
"1733776","USW00003758",51.5,30.3
"1733777","USW00003758",51.7,30.4
"1733778","USW00003758",51.9,30.6
"1733779","USW00003758",52.1,30.7
"1733780","USW00003758",52.2,30.9
"1733781","USW00003758",52.5,31.1
"1733782","USW00003758",52.7,31.2
"1733783","USW00003758",52.9,31.4
"1733784","USW00003758",53.1,31.6
"1733785","USW00003758",53.3,31.8
"1733786","USW00003758",53.5,32
"1733787","USW00003758",53.8,32.3
"1733788","USW00003758",54,32.5
"1733789","USW00003758",54.2,32.7
"1733790","USW00003758",54.5,32.9
"1733791","USW00003758",54.7,33.1
"1733792","USW00003758",55,33.4
"1733793","USW00003758",55.2,33.6
"1733794","USW00003758",55.5,33.8
"1733795","USW00003758",55.7,34.1
"1733796","USW00003758",56,34.3
"1733797","USW00003758",56.2,34.5
"1733798","USW00003758",56.5,34.8
"1733799","USW00003758",56.8,35
"1733800","USW00003758",57,35.3
"1733801","USW00003758",57.3,35.5
"1733802","USW00003758",57.4,35.6
"1733803","USW00003758",57.6,35.7
"1733804","USW00003758",57.8,36
"1733805","USW00003758",58.1,36.2
"1733806","USW00003758",58.4,36.5
"1733807","USW00003758",58.7,36.7
"1733808","USW00003758",59,36.9
"1733809","USW00003758",59.3,37.2
"1733810","USW00003758",59.6,37.4
"1733811","USW00003758",59.9,37.7
"1733812","USW00003758",60.2,37.9
"1733813","USW00003758",60.5,38.2
"1733814","USW00003758",60.8,38.4
"1733815","USW00003758",61.1,38.6
"1733816","USW00003758",61.4,38.9
"1733817","USW00003758",61.8,39.1
"1733818","USW00003758",62.1,39.4
"1733819","USW00003758",62.4,39.6
"1733820","USW00003758",62.8,39.9
"1733821","USW00003758",63.1,40.1
"1733822","USW00003758",63.4,40.4
"1733823","USW00003758",63.8,40.6
"1733824","USW00003758",64.1,40.9
"1733825","USW00003758",64.5,41.1
"1733826","USW00003758",64.8,41.4
"1733827","USW00003758",65.1,41.6
"1733828","USW00003758",65.5,41.9
"1733829","USW00003758",65.8,42.1
"1733830","USW00003758",66.2,42.4
"1733831","USW00003758",66.5,42.6
"1733832","USW00003758",66.8,42.9
"1733833","USW00003758",67.2,43.2
"1733834","USW00003758",67.5,43.4
"1733835","USW00003758",67.8,43.7
"1733836","USW00003758",68.1,44
"1733837","USW00003758",68.4,44.2
"1733838","USW00003758",68.8,44.5
"1733839","USW00003758",69.1,44.8
"1733840","USW00003758",69.4,45
"1733841","USW00003758",69.6,45.3
"1733842","USW00003758",69.9,45.6
"1733843","USW00003758",70.2,45.8
"1733844","USW00003758",70.5,46.1
"1733845","USW00003758",70.8,46.4
"1733846","USW00003758",71,46.7
"1733847","USW00003758",71.3,46.9
"1733848","USW00003758",71.5,47.2
"1733849","USW00003758",71.8,47.5
"1733850","USW00003758",72,47.8
"1733851","USW00003758",72.2,48.1
"1733852","USW00003758",72.4,48.3
"1733853","USW00003758",72.6,48.6
"1733854","USW00003758",72.9,48.9
"1733855","USW00003758",73.1,49.2
"1733856","USW00003758",73.2,49.5
"1733857","USW00003758",73.4,49.8
"1733858","USW00003758",73.6,50.1
"1733859","USW00003758",73.8,50.4
"1733860","USW00003758",74,50.6
"1733861","USW00003758",74.2,50.9
"1733862","USW00003758",74.4,51.2
"1733863","USW00003758",74.5,51.5
"1733864","USW00003758",74.7,51.8
"1733865","USW00003758",74.9,52.1
"1733866","USW00003758",75.1,52.4
"1733867","USW00003758",75.2,52.7
"1733868","USW00003758",75.4,53
"1733869","USW00003758",75.6,53.3
"1733870","USW00003758",75.8,53.6
"1733871","USW00003758",76,53.9
"1733872","USW00003758",76.2,54.2
"1733873","USW00003758",76.4,54.5
"1733874","USW00003758",76.5,54.8
"1733875","USW00003758",76.8,55.1
"1733876","USW00003758",77,55.4
"1733877","USW00003758",77.2,55.7
"1733878","USW00003758",77.4,56
"1733879","USW00003758",77.6,56.3
"1733880","USW00003758",77.8,56.6
"1733881","USW00003758",78.1,56.9
"1733882","USW00003758",78.3,57.2
"1733883","USW00003758",78.6,57.5
"1733884","USW00003758",78.8,57.8
"1733885","USW00003758",79.1,58.1
"1733886","USW00003758",79.3,58.4
"1733887","USW00003758",79.6,58.7
"1733888","USW00003758",79.8,59
"1733889","USW00003758",80.1,59.3
"1733890","USW00003758",80.4,59.6
"1733891","USW00003758",80.7,59.8
"1733892","USW00003758",80.9,60.1
"1733893","USW00003758",81.2,60.4
"1733894","USW00003758",81.5,60.6
"1733895","USW00003758",81.8,60.9
"1733896","USW00003758",82.1,61.2
"1733897","USW00003758",82.3,61.4
"1733898","USW00003758",82.6,61.7
"1733899","USW00003758",82.9,61.9
"1733900","USW00003758",83.2,62.2
"1733901","USW00003758",83.4,62.4
"1733902","USW00003758",83.7,62.6
"1733903","USW00003758",83.9,62.9
"1733904","USW00003758",84.2,63.1
"1733905","USW00003758",84.4,63.3
"1733906","USW00003758",84.7,63.5
"1733907","USW00003758",84.9,63.7
"1733908","USW00003758",85.2,63.9
"1733909","USW00003758",85.4,64.1
"1733910","USW00003758",85.6,64.3
"1733911","USW00003758",85.8,64.5
"1733912","USW00003758",86,64.6
"1733913","USW00003758",86.2,64.8
"1733914","USW00003758",86.4,65
"1733915","USW00003758",86.5,65.2
"1733916","USW00003758",86.7,65.3
"1733917","USW00003758",86.8,65.5
"1733918","USW00003758",87,65.6
"1733919","USW00003758",87.1,65.8
"1733920","USW00003758",87.2,65.9
"1733921","USW00003758",87.4,66
"1733922","USW00003758",87.5,66.2
"1733923","USW00003758",87.6,66.3
"1733924","USW00003758",87.7,66.4
"1733925","USW00003758",87.7,66.5
"1733926","USW00003758",87.8,66.6
"1733927","USW00003758",87.9,66.8
"1733928","USW00003758",88,66.9
"1733929","USW00003758",88,67
"1733930","USW00003758",88.1,67.1
"1733931","USW00003758",88.1,67.2
"1733932","USW00003758",88.2,67.3
"1733933","USW00003758",88.2,67.4
"1733934","USW00003758",88.2,67.4
"1733935","USW00003758",88.3,67.5
"1733936","USW00003758",88.3,67.6
"1733937","USW00003758",88.3,67.7
"1733938","USW00003758",88.3,67.7
"1733939","USW00003758",88.3,67.8
"1733940","USW00003758",88.3,67.9
"1733941","USW00003758",88.3,67.9
"1733942","USW00003758",88.3,68
"1733943","USW00003758",88.3,68
"1733944","USW00003758",88.3,68.1
"1733945","USW00003758",88.3,68.1
"1733946","USW00003758",88.3,68.2
"1733947","USW00003758",88.3,68.2
"1733948","USW00003758",88.3,68.2
"1733949","USW00003758",88.3,68.2
"1733950","USW00003758",88.3,68.2
"1733951","USW00003758",88.2,68.3
"1733952","USW00003758",88.2,68.3
"1733953","USW00003758",88.2,68.3
"1733954","USW00003758",88.2,68.3
"1733955","USW00003758",88.1,68.2
"1733956","USW00003758",88.1,68.2
"1733957","USW00003758",88,68.2
"1733958","USW00003758",88,68.2
"1733959","USW00003758",87.9,68.1
"1733960","USW00003758",87.9,68.1
"1733961","USW00003758",87.8,68
"1733962","USW00003758",87.8,68
"1733963","USW00003758",87.7,67.9
"1733964","USW00003758",87.6,67.9
"1733965","USW00003758",87.5,67.8
"1733966","USW00003758",87.4,67.7
"1733967","USW00003758",87.4,67.6
"1733968","USW00003758",87.3,67.5
"1733969","USW00003758",87.2,67.4
"1733970","USW00003758",87,67.3
"1733971","USW00003758",86.9,67.2
"1733972","USW00003758",86.8,67.1
"1733973","USW00003758",86.7,67
"1733974","USW00003758",86.5,66.9
"1733975","USW00003758",86.4,66.7
"1733976","USW00003758",86.3,66.6
"1733977","USW00003758",86.1,66.5
"1733978","USW00003758",86,66.3
"1733979","USW00003758",85.8,66.2
"1733980","USW00003758",85.6,66
"1733981","USW00003758",85.5,65.9
"1733982","USW00003758",85.3,65.7
"1733983","USW00003758",85.1,65.5
"1733984","USW00003758",84.9,65.3
"1733985","USW00003758",84.7,65.2
"1733986","USW00003758",84.5,65
"1733987","USW00003758",84.3,64.8
"1733988","USW00003758",84.1,64.6
"1733989","USW00003758",83.9,64.4
"1733990","USW00003758",83.7,64.2
"1733991","USW00003758",83.5,64
"1733992","USW00003758",83.3,63.8
"1733993","USW00003758",83.1,63.6
"1733994","USW00003758",82.9,63.4
"1733995","USW00003758",82.6,63.1
"1733996","USW00003758",82.4,62.9
"1733997","USW00003758",82.2,62.7
"1733998","USW00003758",81.9,62.4
"1733999","USW00003758",81.7,62.2
"1734000","USW00003758",81.5,61.9
"1734001","USW00003758",81.2,61.6
"1734002","USW00003758",81,61.3
"1734003","USW00003758",80.8,61.1
"1734004","USW00003758",80.5,60.8
"1734005","USW00003758",80.3,60.5
"1734006","USW00003758",80,60.2
"1734007","USW00003758",79.7,59.8
"1734008","USW00003758",79.5,59.5
"1734009","USW00003758",79.2,59.2
"1734010","USW00003758",78.9,58.8
"1734011","USW00003758",78.7,58.5
"1734012","USW00003758",78.4,58.1
"1734013","USW00003758",78.1,57.7
"1734014","USW00003758",77.8,57.4
"1734015","USW00003758",77.5,57
"1734016","USW00003758",77.2,56.6
"1734017","USW00003758",76.9,56.2
"1734018","USW00003758",76.6,55.7
"1734019","USW00003758",76.3,55.3
"1734020","USW00003758",76,54.9
"1734021","USW00003758",75.6,54.4
"1734022","USW00003758",75.3,54
"1734023","USW00003758",75,53.5
"1734024","USW00003758",74.6,53
"1734025","USW00003758",74.3,52.6
"1734026","USW00003758",73.9,52.1
"1734027","USW00003758",73.5,51.6
"1734028","USW00003758",73.2,51.1
"1734029","USW00003758",72.8,50.6
"1734030","USW00003758",72.4,50.1
"1734031","USW00003758",72,49.6
"1734032","USW00003758",71.6,49.1
"1734033","USW00003758",71.2,48.6
"1734034","USW00003758",70.9,48.1
"1734035","USW00003758",70.5,47.6
"1734036","USW00003758",70,47.1
"1734037","USW00003758",69.6,46.6
"1734038","USW00003758",69.2,46.1
"1734039","USW00003758",68.8,45.6
"1734040","USW00003758",68.4,45.2
"1734041","USW00003758",68,44.7
"1734042","USW00003758",67.6,44.2
"1734043","USW00003758",67.2,43.8
"1734044","USW00003758",66.8,43.3
"1734045","USW00003758",66.4,42.9
"1734046","USW00003758",66,42.5
"1734047","USW00003758",65.6,42.1
"1734048","USW00003758",65.2,41.7
"1734049","USW00003758",64.8,41.3
"1734050","USW00003758",64.5,40.9
"1734051","USW00003758",64.1,40.6
"1734052","USW00003758",63.7,40.2
"1734053","USW00003758",63.4,39.9
"1734054","USW00003758",63,39.6
"1734055","USW00003758",62.7,39.3
"1734056","USW00003758",62.4,39
"1734057","USW00003758",62,38.7
"1734058","USW00003758",61.7,38.5
"1734059","USW00003758",61.4,38.2
"1734060","USW00003758",61.1,38
"1734061","USW00003758",60.8,37.8
"1734062","USW00003758",60.5,37.6
"1734063","USW00003758",60.3,37.4
"1734064","USW00003758",60,37.3
"1734065","USW00003758",59.7,37.1
"1734066","USW00003758",59.5,37
"1734067","USW00003758",59.3,36.8
"1734068","USW00003758",59,36.7
"1734069","USW00003758",58.8,36.6
"1734070","USW00003758",58.6,36.5
"1734071","USW00003758",58.4,36.4
"1734072","USW00003758",58.2,36.3
"1734073","USW00003758",58,36.2
"1734074","USW00003758",57.8,36.2
"1734075","USW00003758",57.6,36.1
"1734076","USW00003758",57.4,36
"1734077","USW00003758",57.2,35.9
"1734078","USW00003758",57,35.9
"1734079","USW00003758",56.8,35.8
"1734080","USW00003758",56.7,35.7
"1734081","USW00003758",56.5,35.7
"1734082","USW00003758",56.3,35.6
"1734083","USW00003758",56.1,35.5
"1734084","USW00003758",56,35.5
"1734085","USW00003758",55.8,35.4
"1734086","USW00003758",55.6,35.3
"1734087","USW00003758",55.4,35.2
"1734088","USW00003758",55.2,35.1
"1734089","USW00003758",55.1,35
"1734090","USW00003758",54.9,34.9
"1734091","USW00003758",54.7,34.8
"1734092","USW00003758",54.5,34.7
"1734093","USW00003758",54.3,34.5
"1734094","USW00003758",54.1,34.4
"1734095","USW00003758",54,34.3
"1734096","USW00003758",53.8,34.1
"1734097","USW00003758",53.6,34
"1734098","USW00003758",53.4,33.8
"1734099","USW00003758",53.2,33.6
"1734100","USW00003758",53,33.5
"1734101","USW00003758",52.8,33.3
"1734102","USW00003758",52.6,33.1
"1734103","USW00003758",52.4,32.9
"1734104","USW00003758",52.3,32.7
"1734105","USW00003758",52.1,32.6
"1734106","USW00003758",51.9,32.4
"1734107","USW00003758",51.7,32.2
"1734108","USW00003758",51.5,32
"1743991","USW00003888",54.2,35.3
"1743992","USW00003888",54.1,35.1
"1743993","USW00003888",53.9,34.9
"1743994","USW00003888",53.8,34.7
"1743995","USW00003888",53.8,34.5
"1743996","USW00003888",53.7,34.3
"1743997","USW00003888",53.6,34.2
"1743998","USW00003888",53.6,34
"1743999","USW00003888",53.5,33.8
"1744000","USW00003888",53.5,33.6
"1744001","USW00003888",53.4,33.5
"1744002","USW00003888",53.4,33.4
"1744003","USW00003888",53.4,33.2
"1744004","USW00003888",53.4,33.1
"1744005","USW00003888",53.5,33
"1744006","USW00003888",53.5,32.9
"1744007","USW00003888",53.5,32.8
"1744008","USW00003888",53.6,32.7
"1744009","USW00003888",53.6,32.7
"1744010","USW00003888",53.7,32.6
"1744011","USW00003888",53.8,32.6
"1744012","USW00003888",53.9,32.6
"1744013","USW00003888",54,32.6
"1744014","USW00003888",54.1,32.6
"1744015","USW00003888",54.2,32.7
"1744016","USW00003888",54.3,32.7
"1744017","USW00003888",54.5,32.8
"1744018","USW00003888",54.6,32.9
"1744019","USW00003888",54.8,33
"1744020","USW00003888",54.9,33.1
"1744021","USW00003888",55.1,33.2
"1744022","USW00003888",55.2,33.4
"1744023","USW00003888",55.4,33.5
"1744024","USW00003888",55.6,33.7
"1744025","USW00003888",55.8,33.9
"1744026","USW00003888",56,34.1
"1744027","USW00003888",56.2,34.3
"1744028","USW00003888",56.4,34.5
"1744029","USW00003888",56.6,34.7
"1744030","USW00003888",56.8,34.9
"1744031","USW00003888",57,35.2
"1744032","USW00003888",57.2,35.4
"1744033","USW00003888",57.4,35.6
"1744034","USW00003888",57.6,35.9
"1744035","USW00003888",57.9,36.2
"1744036","USW00003888",58.1,36.4
"1744037","USW00003888",58.3,36.7
"1744038","USW00003888",58.6,36.9
"1744039","USW00003888",58.8,37.2
"1744040","USW00003888",59,37.5
"1744041","USW00003888",59.3,37.7
"1744042","USW00003888",59.5,38
"1744043","USW00003888",59.8,38.3
"1744044","USW00003888",60.1,38.6
"1744045","USW00003888",60.3,38.8
"1744046","USW00003888",60.6,39.1
"1744047","USW00003888",60.9,39.3
"1744048","USW00003888",61.2,39.6
"1744049","USW00003888",61.4,39.8
"1744050","USW00003888",61.6,40
"1744051","USW00003888",61.7,40.1
"1744052","USW00003888",62,40.3
"1744053","USW00003888",62.3,40.6
"1744054","USW00003888",62.6,40.8
"1744055","USW00003888",62.9,41.1
"1744056","USW00003888",63.2,41.3
"1744057","USW00003888",63.5,41.5
"1744058","USW00003888",63.8,41.8
"1744059","USW00003888",64.1,42
"1744060","USW00003888",64.5,42.2
"1744061","USW00003888",64.8,42.4
"1744062","USW00003888",65.1,42.6
"1744063","USW00003888",65.4,42.8
"1744064","USW00003888",65.8,43.1
"1744065","USW00003888",66.1,43.3
"1744066","USW00003888",66.4,43.5
"1744067","USW00003888",66.7,43.7
"1744068","USW00003888",67.1,43.9
"1744069","USW00003888",67.4,44.1
"1744070","USW00003888",67.7,44.3
"1744071","USW00003888",68,44.5
"1744072","USW00003888",68.3,44.7
"1744073","USW00003888",68.7,44.9
"1744074","USW00003888",69,45.1
"1744075","USW00003888",69.3,45.3
"1744076","USW00003888",69.6,45.5
"1744077","USW00003888",69.9,45.7
"1744078","USW00003888",70.2,45.9
"1744079","USW00003888",70.5,46.1
"1744080","USW00003888",70.8,46.3
"1744081","USW00003888",71.1,46.5
"1744082","USW00003888",71.3,46.7
"1744083","USW00003888",71.6,46.9
"1744084","USW00003888",71.9,47.1
"1744085","USW00003888",72.1,47.3
"1744086","USW00003888",72.4,47.5
"1744087","USW00003888",72.6,47.7
"1744088","USW00003888",72.9,47.9
"1744089","USW00003888",73.1,48.1
"1744090","USW00003888",73.3,48.4
"1744091","USW00003888",73.6,48.6
"1744092","USW00003888",73.8,48.8
"1744093","USW00003888",74,49
"1744094","USW00003888",74.2,49.3
"1744095","USW00003888",74.4,49.5
"1744096","USW00003888",74.6,49.8
"1744097","USW00003888",74.8,50
"1744098","USW00003888",75,50.2
"1744099","USW00003888",75.2,50.5
"1744100","USW00003888",75.4,50.7
"1744101","USW00003888",75.6,51
"1744102","USW00003888",75.8,51.3
"1744103","USW00003888",75.9,51.5
"1744104","USW00003888",76.1,51.8
"1744105","USW00003888",76.3,52.1
"1744106","USW00003888",76.5,52.3
"1744107","USW00003888",76.7,52.6
"1744108","USW00003888",76.9,52.9
"1744109","USW00003888",77.1,53.2
"1744110","USW00003888",77.3,53.5
"1744111","USW00003888",77.5,53.8
"1744112","USW00003888",77.7,54.1
"1744113","USW00003888",77.9,54.4
"1744114","USW00003888",78.1,54.7
"1744115","USW00003888",78.4,55
"1744116","USW00003888",78.6,55.3
"1744117","USW00003888",78.8,55.7
"1744118","USW00003888",79.1,56
"1744119","USW00003888",79.3,56.3
"1744120","USW00003888",79.6,56.6
"1744121","USW00003888",79.8,57
"1744122","USW00003888",80.1,57.3
"1744123","USW00003888",80.4,57.6
"1744124","USW00003888",80.6,58
"1744125","USW00003888",80.9,58.3
"1744126","USW00003888",81.2,58.7
"1744127","USW00003888",81.5,59
"1744128","USW00003888",81.8,59.3
"1744129","USW00003888",82.1,59.7
"1744130","USW00003888",82.4,60
"1744131","USW00003888",82.7,60.4
"1744132","USW00003888",83,60.7
"1744133","USW00003888",83.3,61
"1744134","USW00003888",83.6,61.4
"1744135","USW00003888",83.8,61.7
"1744136","USW00003888",84.1,62
"1744137","USW00003888",84.4,62.4
"1744138","USW00003888",84.7,62.7
"1744139","USW00003888",85,63
"1744140","USW00003888",85.3,63.3
"1744141","USW00003888",85.6,63.6
"1744142","USW00003888",85.8,63.9
"1744143","USW00003888",86.1,64.2
"1744144","USW00003888",86.4,64.5
"1744145","USW00003888",86.6,64.8
"1744146","USW00003888",86.9,65
"1744147","USW00003888",87.1,65.3
"1744148","USW00003888",87.3,65.6
"1744149","USW00003888",87.5,65.8
"1744150","USW00003888",87.7,66.1
"1744151","USW00003888",87.9,66.3
"1744152","USW00003888",88.1,66.5
"1744153","USW00003888",88.3,66.7
"1744154","USW00003888",88.5,66.9
"1744155","USW00003888",88.6,67.1
"1744156","USW00003888",88.8,67.3
"1744157","USW00003888",88.9,67.5
"1744158","USW00003888",89,67.7
"1744159","USW00003888",89.1,67.9
"1744160","USW00003888",89.2,68
"1744161","USW00003888",89.3,68.2
"1744162","USW00003888",89.4,68.3
"1744163","USW00003888",89.5,68.4
"1744164","USW00003888",89.6,68.6
"1744165","USW00003888",89.6,68.7
"1744166","USW00003888",89.7,68.8
"1744167","USW00003888",89.7,68.9
"1744168","USW00003888",89.7,69
"1744169","USW00003888",89.8,69.1
"1744170","USW00003888",89.8,69.2
"1744171","USW00003888",89.8,69.3
"1744172","USW00003888",89.8,69.4
"1744173","USW00003888",89.9,69.4
"1744174","USW00003888",89.9,69.5
"1744175","USW00003888",89.9,69.6
"1744176","USW00003888",89.9,69.7
"1744177","USW00003888",89.9,69.7
"1744178","USW00003888",89.9,69.8
"1744179","USW00003888",89.9,69.9
"1744180","USW00003888",89.9,69.9
"1744181","USW00003888",89.9,70
"1744182","USW00003888",89.9,70
"1744183","USW00003888",89.9,70.1
"1744184","USW00003888",89.9,70.1
"1744185","USW00003888",89.9,70.2
"1744186","USW00003888",89.9,70.3
"1744187","USW00003888",89.9,70.3
"1744188","USW00003888",90,70.4
"1744189","USW00003888",90,70.4
"1744190","USW00003888",90,70.5
"1744191","USW00003888",90,70.5
"1744192","USW00003888",90,70.6
"1744193","USW00003888",90,70.6
"1744194","USW00003888",90.1,70.6
"1744195","USW00003888",90.1,70.7
"1744196","USW00003888",90.1,70.7
"1744197","USW00003888",90.1,70.8
"1744198","USW00003888",90.1,70.8
"1744199","USW00003888",90.2,70.8
"1744200","USW00003888",90.2,70.8
"1744201","USW00003888",90.2,70.9
"1744202","USW00003888",90.2,70.9
"1744203","USW00003888",90.2,70.9
"1744204","USW00003888",90.3,70.9
"1744205","USW00003888",90.3,70.9
"1744206","USW00003888",90.3,70.9
"1744207","USW00003888",90.3,70.9
"1744208","USW00003888",90.3,70.9
"1744209","USW00003888",90.3,70.8
"1744210","USW00003888",90.3,70.8
"1744211","USW00003888",90.3,70.8
"1744212","USW00003888",90.3,70.7
"1744213","USW00003888",90.2,70.7
"1744214","USW00003888",90.2,70.6
"1744215","USW00003888",90.2,70.5
"1744216","USW00003888",90.1,70.5
"1744217","USW00003888",90.1,70.4
"1744218","USW00003888",90,70.3
"1744219","USW00003888",90,70.2
"1744220","USW00003888",89.9,70.1
"1744221","USW00003888",89.8,70
"1744222","USW00003888",89.7,69.9
"1744223","USW00003888",89.6,69.7
"1744224","USW00003888",89.6,69.6
"1744225","USW00003888",89.4,69.4
"1744226","USW00003888",89.3,69.3
"1744227","USW00003888",89.2,69.1
"1744228","USW00003888",89.1,69
"1744229","USW00003888",89,68.8
"1744230","USW00003888",88.8,68.6
"1744231","USW00003888",88.7,68.4
"1744232","USW00003888",88.5,68.2
"1744233","USW00003888",88.4,68.1
"1744234","USW00003888",88.2,67.8
"1744235","USW00003888",88.1,67.6
"1744236","USW00003888",87.9,67.4
"1744237","USW00003888",87.7,67.2
"1744238","USW00003888",87.5,67
"1744239","USW00003888",87.3,66.8
"1744240","USW00003888",87.1,66.5
"1744241","USW00003888",86.9,66.3
"1744242","USW00003888",86.7,66
"1744243","USW00003888",86.5,65.8
"1744244","USW00003888",86.3,65.5
"1744245","USW00003888",86.1,65.3
"1744246","USW00003888",85.8,65
"1744247","USW00003888",85.6,64.7
"1744248","USW00003888",85.4,64.5
"1744249","USW00003888",85.1,64.2
"1744250","USW00003888",84.9,63.9
"1744251","USW00003888",84.6,63.6
"1744252","USW00003888",84.4,63.3
"1744253","USW00003888",84.1,63
"1744254","USW00003888",83.8,62.7
"1744255","USW00003888",83.6,62.4
"1744256","USW00003888",83.3,62
"1744257","USW00003888",83,61.7
"1744258","USW00003888",82.7,61.3
"1744259","USW00003888",82.4,61
"1744260","USW00003888",82.1,60.6
"1744261","USW00003888",81.8,60.3
"1744262","USW00003888",81.5,59.9
"1744263","USW00003888",81.1,59.5
"1744264","USW00003888",80.8,59.1
"1744265","USW00003888",80.5,58.7
"1744266","USW00003888",80.1,58.3
"1744267","USW00003888",79.8,57.9
"1744268","USW00003888",79.4,57.5
"1744269","USW00003888",79.1,57
"1744270","USW00003888",78.7,56.6
"1744271","USW00003888",78.3,56.1
"1744272","USW00003888",78,55.7
"1744273","USW00003888",77.6,55.2
"1744274","USW00003888",77.2,54.7
"1744275","USW00003888",76.8,54.2
"1744276","USW00003888",76.4,53.8
"1744277","USW00003888",76,53.3
"1744278","USW00003888",75.7,52.8
"1744279","USW00003888",75.3,52.3
"1744280","USW00003888",74.9,51.8
"1744281","USW00003888",74.5,51.3
"1744282","USW00003888",74.1,50.8
"1744283","USW00003888",73.6,50.3
"1744284","USW00003888",73.2,49.7
"1744285","USW00003888",72.8,49.2
"1744286","USW00003888",72.4,48.7
"1744287","USW00003888",72,48.2
"1744288","USW00003888",71.6,47.7
"1744289","USW00003888",71.3,47.3
"1744290","USW00003888",70.9,46.8
"1744291","USW00003888",70.5,46.3
"1744292","USW00003888",70.1,45.8
"1744293","USW00003888",69.7,45.4
"1744294","USW00003888",69.3,44.9
"1744295","USW00003888",69,44.5
"1744296","USW00003888",68.6,44.1
"1744297","USW00003888",68.2,43.7
"1744298","USW00003888",67.9,43.3
"1744299","USW00003888",67.5,42.9
"1744300","USW00003888",67.2,42.5
"1744301","USW00003888",66.9,42.2
"1744302","USW00003888",66.5,41.9
"1744303","USW00003888",66.2,41.5
"1744304","USW00003888",65.9,41.2
"1744305","USW00003888",65.6,41
"1744306","USW00003888",65.3,40.7
"1744307","USW00003888",65,40.4
"1744308","USW00003888",64.7,40.2
"1744309","USW00003888",64.4,40
"1744310","USW00003888",64.1,39.8
"1744311","USW00003888",63.9,39.6
"1744312","USW00003888",63.6,39.5
"1744313","USW00003888",63.3,39.3
"1744314","USW00003888",63.1,39.2
"1744315","USW00003888",62.8,39.1
"1744316","USW00003888",62.6,39
"1744317","USW00003888",62.3,38.9
"1744318","USW00003888",62.1,38.8
"1744319","USW00003888",61.9,38.7
"1744320","USW00003888",61.6,38.7
"1744321","USW00003888",61.4,38.6
"1744322","USW00003888",61.2,38.6
"1744323","USW00003888",60.9,38.5
"1744324","USW00003888",60.7,38.5
"1744325","USW00003888",60.5,38.5
"1744326","USW00003888",60.3,38.5
"1744327","USW00003888",60.1,38.4
"1744328","USW00003888",59.8,38.4
"1744329","USW00003888",59.6,38.4
"1744330","USW00003888",59.4,38.4
"1744331","USW00003888",59.2,38.4
"1744332","USW00003888",59,38.3
"1744333","USW00003888",58.7,38.3
"1744334","USW00003888",58.5,38.3
"1744335","USW00003888",58.3,38.2
"1744336","USW00003888",58.1,38.2
"1744337","USW00003888",57.9,38.1
"1744338","USW00003888",57.6,38.1
"1744339","USW00003888",57.4,38
"1744340","USW00003888",57.2,37.9
"1744341","USW00003888",57,37.8
"1744342","USW00003888",56.8,37.7
"1744343","USW00003888",56.6,37.6
"1744344","USW00003888",56.4,37.5
"1744345","USW00003888",56.2,37.4
"1744346","USW00003888",56,37.2
"1744347","USW00003888",55.8,37.1
"1744348","USW00003888",55.6,36.9
"1744349","USW00003888",55.4,36.8
"1744350","USW00003888",55.2,36.6
"1744351","USW00003888",55.1,36.4
"1744352","USW00003888",54.9,36.3
"1744353","USW00003888",54.7,36.1
"1744354","USW00003888",54.6,35.9
"1744355","USW00003888",54.4,35.7
"1744356","USW00003888",54.3,35.5
"1749481","USW00003947",39.7,20.9
"1749482","USW00003947",39.7,20.8
"1749483","USW00003947",39.6,20.8
"1749484","USW00003947",39.6,20.7
"1749485","USW00003947",39.6,20.6
"1749486","USW00003947",39.6,20.5
"1749487","USW00003947",39.6,20.5
"1749488","USW00003947",39.6,20.4
"1749489","USW00003947",39.5,20.3
"1749490","USW00003947",39.5,20.3
"1749491","USW00003947",39.5,20.2
"1749492","USW00003947",39.5,20.1
"1749493","USW00003947",39.5,20.1
"1749494","USW00003947",39.5,20
"1749495","USW00003947",39.5,19.9
"1749496","USW00003947",39.5,19.9
"1749497","USW00003947",39.5,19.8
"1749498","USW00003947",39.5,19.7
"1749499","USW00003947",39.5,19.7
"1749500","USW00003947",39.4,19.6
"1749501","USW00003947",39.4,19.5
"1749502","USW00003947",39.4,19.5
"1749503","USW00003947",39.4,19.4
"1749504","USW00003947",39.4,19.3
"1749505","USW00003947",39.4,19.3
"1749506","USW00003947",39.4,19.2
"1749507","USW00003947",39.4,19.2
"1749508","USW00003947",39.4,19.2
"1749509","USW00003947",39.4,19.2
"1749510","USW00003947",39.4,19.2
"1749511","USW00003947",39.5,19.2
"1749512","USW00003947",39.5,19.2
"1749513","USW00003947",39.6,19.2
"1749514","USW00003947",39.6,19.3
"1749515","USW00003947",39.7,19.3
"1749516","USW00003947",39.8,19.4
"1749517","USW00003947",39.9,19.5
"1749518","USW00003947",40,19.6
"1749519","USW00003947",40.2,19.7
"1749520","USW00003947",40.3,19.9
"1749521","USW00003947",40.5,20.1
"1749522","USW00003947",40.7,20.3
"1749523","USW00003947",40.9,20.5
"1749524","USW00003947",41.2,20.8
"1749525","USW00003947",41.5,21
"1749526","USW00003947",41.8,21.3
"1749527","USW00003947",42.1,21.7
"1749528","USW00003947",42.4,22
"1749529","USW00003947",42.8,22.4
"1749530","USW00003947",43.1,22.7
"1749531","USW00003947",43.5,23.2
"1749532","USW00003947",44,23.6
"1749533","USW00003947",44.4,24
"1749534","USW00003947",44.9,24.5
"1749535","USW00003947",45.4,25
"1749536","USW00003947",45.9,25.5
"1749537","USW00003947",46.4,26
"1749538","USW00003947",46.9,26.5
"1749539","USW00003947",47.5,27.1
"1749540","USW00003947",47.8,27.3
"1749541","USW00003947",48,27.6
"1749542","USW00003947",48.6,28.2
"1749543","USW00003947",49.2,28.7
"1749544","USW00003947",49.8,29.3
"1749545","USW00003947",50.4,29.9
"1749546","USW00003947",51,30.4
"1749547","USW00003947",51.6,31
"1749548","USW00003947",52.2,31.6
"1749549","USW00003947",52.8,32.2
"1749550","USW00003947",53.4,32.7
"1749551","USW00003947",54,33.3
"1749552","USW00003947",54.6,33.8
"1749553","USW00003947",55.2,34.3
"1749554","USW00003947",55.8,34.9
"1749555","USW00003947",56.3,35.4
"1749556","USW00003947",56.9,35.9
"1749557","USW00003947",57.4,36.3
"1749558","USW00003947",58,36.8
"1749559","USW00003947",58.5,37.2
"1749560","USW00003947",59,37.7
"1749561","USW00003947",59.4,38.1
"1749562","USW00003947",59.9,38.5
"1749563","USW00003947",60.3,38.8
"1749564","USW00003947",60.7,39.2
"1749565","USW00003947",61.1,39.5
"1749566","USW00003947",61.5,39.8
"1749567","USW00003947",61.9,40.1
"1749568","USW00003947",62.2,40.4
"1749569","USW00003947",62.5,40.7
"1749570","USW00003947",62.8,40.9
"1749571","USW00003947",63.1,41.1
"1749572","USW00003947",63.4,41.3
"1749573","USW00003947",63.6,41.5
"1749574","USW00003947",63.8,41.7
"1749575","USW00003947",64,41.9
"1749576","USW00003947",64.2,42.1
"1749577","USW00003947",64.4,42.2
"1749578","USW00003947",64.6,42.4
"1749579","USW00003947",64.7,42.5
"1749580","USW00003947",64.9,42.7
"1749581","USW00003947",65,42.8
"1749582","USW00003947",65.2,43
"1749583","USW00003947",65.3,43.1
"1749584","USW00003947",65.5,43.3
"1749585","USW00003947",65.6,43.5
"1749586","USW00003947",65.7,43.6
"1749587","USW00003947",65.9,43.8
"1749588","USW00003947",66,44
"1749589","USW00003947",66.2,44.2
"1749590","USW00003947",66.3,44.4
"1749591","USW00003947",66.5,44.6
"1749592","USW00003947",66.6,44.8
"1749593","USW00003947",66.8,45.1
"1749594","USW00003947",67,45.3
"1749595","USW00003947",67.2,45.6
"1749596","USW00003947",67.4,45.9
"1749597","USW00003947",67.7,46.2
"1749598","USW00003947",67.9,46.5
"1749599","USW00003947",68.2,46.9
"1749600","USW00003947",68.4,47.2
"1749601","USW00003947",68.7,47.6
"1749602","USW00003947",69,48
"1749603","USW00003947",69.3,48.4
"1749604","USW00003947",69.7,48.8
"1749605","USW00003947",70,49.2
"1749606","USW00003947",70.4,49.7
"1749607","USW00003947",70.7,50.1
"1749608","USW00003947",71.1,50.6
"1749609","USW00003947",71.5,51.1
"1749610","USW00003947",71.9,51.5
"1749611","USW00003947",72.4,52
"1749612","USW00003947",72.8,52.5
"1749613","USW00003947",73.2,53
"1749614","USW00003947",73.7,53.5
"1749615","USW00003947",74.1,54
"1749616","USW00003947",74.5,54.5
"1749617","USW00003947",75,55
"1749618","USW00003947",75.5,55.5
"1749619","USW00003947",75.9,56
"1749620","USW00003947",76.4,56.4
"1749621","USW00003947",76.8,56.9
"1749622","USW00003947",77.3,57.4
"1749623","USW00003947",77.7,57.9
"1749624","USW00003947",78.2,58.3
"1749625","USW00003947",78.6,58.8
"1749626","USW00003947",79.1,59.2
"1749627","USW00003947",79.5,59.6
"1749628","USW00003947",79.9,60
"1749629","USW00003947",80.3,60.4
"1749630","USW00003947",80.7,60.8
"1749631","USW00003947",81.1,61.2
"1749632","USW00003947",81.5,61.6
"1749633","USW00003947",81.9,61.9
"1749634","USW00003947",82.2,62.2
"1749635","USW00003947",82.6,62.6
"1749636","USW00003947",82.9,62.9
"1749637","USW00003947",83.2,63.2
"1749638","USW00003947",83.6,63.5
"1749639","USW00003947",83.9,63.7
"1749640","USW00003947",84.1,64
"1749641","USW00003947",84.4,64.2
"1749642","USW00003947",84.7,64.5
"1749643","USW00003947",84.9,64.7
"1749644","USW00003947",85.1,64.9
"1749645","USW00003947",85.4,65.1
"1749646","USW00003947",85.6,65.3
"1749647","USW00003947",85.8,65.5
"1749648","USW00003947",86,65.7
"1749649","USW00003947",86.2,65.9
"1749650","USW00003947",86.3,66
"1749651","USW00003947",86.5,66.2
"1749652","USW00003947",86.6,66.3
"1749653","USW00003947",86.8,66.5
"1749654","USW00003947",86.9,66.6
"1749655","USW00003947",87,66.8
"1749656","USW00003947",87.2,66.9
"1749657","USW00003947",87.3,67
"1749658","USW00003947",87.4,67.1
"1749659","USW00003947",87.5,67.3
"1749660","USW00003947",87.6,67.4
"1749661","USW00003947",87.7,67.5
"1749662","USW00003947",87.8,67.6
"1749663","USW00003947",87.9,67.7
"1749664","USW00003947",87.9,67.8
"1749665","USW00003947",88,67.9
"1749666","USW00003947",88.1,68
"1749667","USW00003947",88.1,68.1
"1749668","USW00003947",88.2,68.2
"1749669","USW00003947",88.3,68.3
"1749670","USW00003947",88.3,68.4
"1749671","USW00003947",88.4,68.5
"1749672","USW00003947",88.4,68.5
"1749673","USW00003947",88.5,68.6
"1749674","USW00003947",88.5,68.7
"1749675","USW00003947",88.6,68.7
"1749676","USW00003947",88.6,68.8
"1749677","USW00003947",88.6,68.8
"1749678","USW00003947",88.6,68.9
"1749679","USW00003947",88.7,68.9
"1749680","USW00003947",88.7,68.9
"1749681","USW00003947",88.7,68.9
"1749682","USW00003947",88.7,68.9
"1749683","USW00003947",88.7,68.9
"1749684","USW00003947",88.7,68.9
"1749685","USW00003947",88.7,68.9
"1749686","USW00003947",88.7,68.9
"1749687","USW00003947",88.7,68.9
"1749688","USW00003947",88.7,68.9
"1749689","USW00003947",88.7,68.8
"1749690","USW00003947",88.7,68.8
"1749691","USW00003947",88.7,68.7
"1749692","USW00003947",88.6,68.7
"1749693","USW00003947",88.6,68.6
"1749694","USW00003947",88.6,68.5
"1749695","USW00003947",88.5,68.4
"1749696","USW00003947",88.5,68.3
"1749697","USW00003947",88.4,68.2
"1749698","USW00003947",88.4,68.1
"1749699","USW00003947",88.3,68
"1749700","USW00003947",88.2,67.9
"1749701","USW00003947",88.2,67.8
"1749702","USW00003947",88.1,67.7
"1749703","USW00003947",88,67.6
"1749704","USW00003947",87.9,67.4
"1749705","USW00003947",87.8,67.3
"1749706","USW00003947",87.7,67.1
"1749707","USW00003947",87.6,67
"1749708","USW00003947",87.5,66.8
"1749709","USW00003947",87.4,66.7
"1749710","USW00003947",87.2,66.5
"1749711","USW00003947",87.1,66.4
"1749712","USW00003947",87,66.2
"1749713","USW00003947",86.8,66
"1749714","USW00003947",86.7,65.8
"1749715","USW00003947",86.5,65.7
"1749716","USW00003947",86.3,65.5
"1749717","USW00003947",86.2,65.3
"1749718","USW00003947",86,65.1
"1749719","USW00003947",85.8,64.9
"1749720","USW00003947",85.6,64.7
"1749721","USW00003947",85.4,64.5
"1749722","USW00003947",85.2,64.2
"1749723","USW00003947",84.9,64
"1749724","USW00003947",84.7,63.8
"1749725","USW00003947",84.4,63.5
"1749726","USW00003947",84.2,63.3
"1749727","USW00003947",83.9,63
"1749728","USW00003947",83.6,62.7
"1749729","USW00003947",83.4,62.5
"1749730","USW00003947",83.1,62.2
"1749731","USW00003947",82.8,61.9
"1749732","USW00003947",82.4,61.6
"1749733","USW00003947",82.1,61.3
"1749734","USW00003947",81.8,60.9
"1749735","USW00003947",81.4,60.6
"1749736","USW00003947",81.1,60.2
"1749737","USW00003947",80.7,59.9
"1749738","USW00003947",80.4,59.5
"1749739","USW00003947",80,59.1
"1749740","USW00003947",79.6,58.7
"1749741","USW00003947",79.2,58.4
"1749742","USW00003947",78.8,57.9
"1749743","USW00003947",78.4,57.5
"1749744","USW00003947",78,57.1
"1749745","USW00003947",77.5,56.7
"1749746","USW00003947",77.1,56.2
"1749747","USW00003947",76.7,55.8
"1749748","USW00003947",76.2,55.3
"1749749","USW00003947",75.8,54.9
"1749750","USW00003947",75.4,54.4
"1749751","USW00003947",74.9,53.9
"1749752","USW00003947",74.5,53.5
"1749753","USW00003947",74,53
"1749754","USW00003947",73.6,52.5
"1749755","USW00003947",73.1,52
"1749756","USW00003947",72.7,51.5
"1749757","USW00003947",72.2,51.1
"1749758","USW00003947",71.8,50.6
"1749759","USW00003947",71.4,50.1
"1749760","USW00003947",70.9,49.6
"1749761","USW00003947",70.5,49.2
"1749762","USW00003947",70.1,48.7
"1749763","USW00003947",69.6,48.2
"1749764","USW00003947",69.2,47.8
"1749765","USW00003947",68.8,47.3
"1749766","USW00003947",68.4,46.9
"1749767","USW00003947",68,46.4
"1749768","USW00003947",67.6,46
"1749769","USW00003947",67.2,45.6
"1749770","USW00003947",66.8,45.1
"1749771","USW00003947",66.4,44.7
"1749772","USW00003947",66.1,44.3
"1749773","USW00003947",65.7,43.9
"1749774","USW00003947",65.3,43.5
"1749775","USW00003947",65,43.1
"1749776","USW00003947",64.6,42.8
"1749777","USW00003947",64.2,42.4
"1749778","USW00003947",63.9,42
"1749779","USW00003947",63.5,41.7
"1749780","USW00003947",63.2,41.3
"1749781","USW00003947",62.8,41
"1749782","USW00003947",62.5,40.6
"1749783","USW00003947",62.1,40.3
"1749784","USW00003947",61.8,39.9
"1749785","USW00003947",61.4,39.6
"1749786","USW00003947",61,39.3
"1749787","USW00003947",60.7,38.9
"1749788","USW00003947",60.3,38.6
"1749789","USW00003947",59.9,38.3
"1749790","USW00003947",59.6,37.9
"1749791","USW00003947",59.2,37.6
"1749792","USW00003947",58.8,37.2
"1749793","USW00003947",58.4,36.9
"1749794","USW00003947",58,36.6
"1749795","USW00003947",57.6,36.2
"1749796","USW00003947",57.2,35.9
"1749797","USW00003947",56.8,35.5
"1749798","USW00003947",56.3,35.1
"1749799","USW00003947",55.9,34.8
"1749800","USW00003947",55.4,34.4
"1749801","USW00003947",55,34
"1749802","USW00003947",54.5,33.7
"1749803","USW00003947",54.1,33.3
"1749804","USW00003947",53.6,32.9
"1749805","USW00003947",53.1,32.5
"1749806","USW00003947",52.6,32.1
"1749807","USW00003947",52.2,31.7
"1749808","USW00003947",51.7,31.3
"1749809","USW00003947",51.2,30.9
"1749810","USW00003947",50.7,30.5
"1749811","USW00003947",50.2,30.1
"1749812","USW00003947",49.7,29.8
"1749813","USW00003947",49.2,29.4
"1749814","USW00003947",48.8,29
"1749815","USW00003947",48.3,28.6
"1749816","USW00003947",47.8,28.2
"1749817","USW00003947",47.3,27.8
"1749818","USW00003947",46.9,27.4
"1749819","USW00003947",46.4,27.1
"1749820","USW00003947",46,26.7
"1749821","USW00003947",45.6,26.3
"1749822","USW00003947",45.2,26
"1749823","USW00003947",44.8,25.6
"1749824","USW00003947",44.4,25.3
"1749825","USW00003947",44,25
"1749826","USW00003947",43.6,24.7
"1749827","USW00003947",43.3,24.4
"1749828","USW00003947",42.9,24.1
"1749829","USW00003947",42.6,23.8
"1749830","USW00003947",42.3,23.6
"1749831","USW00003947",42.1,23.3
"1749832","USW00003947",41.8,23.1
"1749833","USW00003947",41.5,22.9
"1749834","USW00003947",41.3,22.7
"1749835","USW00003947",41.1,22.5
"1749836","USW00003947",40.9,22.3
"1749837","USW00003947",40.7,22.1
"1749838","USW00003947",40.6,21.9
"1749839","USW00003947",40.4,21.8
"1749840","USW00003947",40.3,21.7
"1749841","USW00003947",40.2,21.5
"1749842","USW00003947",40.1,21.4
"1749843","USW00003947",40,21.3
"1749844","USW00003947",39.9,21.2
"1749845","USW00003947",39.8,21.1
"1749846","USW00003947",39.8,21
"1751677","USW00003954",50.2,28.1
"1751678","USW00003954",50.3,28.1
"1751679","USW00003954",50.4,28.1
"1751680","USW00003954",50.5,28.1
"1751681","USW00003954",50.6,28.1
"1751682","USW00003954",50.8,28.1
"1751683","USW00003954",50.9,28.1
"1751684","USW00003954",51,28.1
"1751685","USW00003954",51.1,28.1
"1751686","USW00003954",51.2,28.1
"1751687","USW00003954",51.3,28.1
"1751688","USW00003954",51.4,28.1
"1751689","USW00003954",51.5,28.1
"1751690","USW00003954",51.6,28.1
"1751691","USW00003954",51.7,28.1
"1751692","USW00003954",51.8,28.1
"1751693","USW00003954",51.8,28.1
"1751694","USW00003954",51.9,28.1
"1751695","USW00003954",51.9,28.1
"1751696","USW00003954",52,28.1
"1751697","USW00003954",52,28.1
"1751698","USW00003954",52,28.1
"1751699","USW00003954",52,28.1
"1751700","USW00003954",52.1,28.1
"1751701","USW00003954",52.1,28.1
"1751702","USW00003954",52.1,28.1
"1751703","USW00003954",52.1,28.1
"1751704","USW00003954",52.1,28.1
"1751705","USW00003954",52.1,28.1
"1751706","USW00003954",52.1,28.2
"1751707","USW00003954",52.1,28.2
"1751708","USW00003954",52.1,28.3
"1751709","USW00003954",52.1,28.3
"1751710","USW00003954",52.1,28.4
"1751711","USW00003954",52.1,28.5
"1751712","USW00003954",52.2,28.6
"1751713","USW00003954",52.2,28.7
"1751714","USW00003954",52.3,28.8
"1751715","USW00003954",52.3,29
"1751716","USW00003954",52.4,29.1
"1751717","USW00003954",52.5,29.3
"1751718","USW00003954",52.7,29.5
"1751719","USW00003954",52.8,29.7
"1751720","USW00003954",53,30
"1751721","USW00003954",53.1,30.2
"1751722","USW00003954",53.4,30.5
"1751723","USW00003954",53.6,30.8
"1751724","USW00003954",53.8,31.1
"1751725","USW00003954",54.1,31.4
"1751726","USW00003954",54.4,31.7
"1751727","USW00003954",54.7,32.1
"1751728","USW00003954",55,32.4
"1751729","USW00003954",55.4,32.8
"1751730","USW00003954",55.8,33.2
"1751731","USW00003954",56.2,33.7
"1751732","USW00003954",56.6,34.1
"1751733","USW00003954",57,34.5
"1751734","USW00003954",57.5,35
"1751735","USW00003954",57.9,35.4
"1751736","USW00003954",58.2,35.7
"1751737","USW00003954",58.4,35.9
"1751738","USW00003954",58.9,36.4
"1751739","USW00003954",59.4,36.8
"1751740","USW00003954",59.9,37.3
"1751741","USW00003954",60.5,37.8
"1751742","USW00003954",61,38.3
"1751743","USW00003954",61.5,38.8
"1751744","USW00003954",62,39.3
"1751745","USW00003954",62.6,39.7
"1751746","USW00003954",63.1,40.2
"1751747","USW00003954",63.6,40.7
"1751748","USW00003954",64.1,41.1
"1751749","USW00003954",64.7,41.5
"1751750","USW00003954",65.2,42
"1751751","USW00003954",65.6,42.4
"1751752","USW00003954",66.1,42.8
"1751753","USW00003954",66.6,43.2
"1751754","USW00003954",67,43.6
"1751755","USW00003954",67.5,43.9
"1751756","USW00003954",67.9,44.3
"1751757","USW00003954",68.3,44.6
"1751758","USW00003954",68.6,44.9
"1751759","USW00003954",69,45.2
"1751760","USW00003954",69.3,45.5
"1751761","USW00003954",69.6,45.8
"1751762","USW00003954",69.9,46
"1751763","USW00003954",70.2,46.2
"1751764","USW00003954",70.4,46.5
"1751765","USW00003954",70.7,46.7
"1751766","USW00003954",70.9,46.9
"1751767","USW00003954",71,47
"1751768","USW00003954",71.2,47.2
"1751769","USW00003954",71.4,47.3
"1751770","USW00003954",71.5,47.5
"1751771","USW00003954",71.6,47.6
"1751772","USW00003954",71.7,47.7
"1751773","USW00003954",71.8,47.9
"1751774","USW00003954",71.9,48
"1751775","USW00003954",72,48.1
"1751776","USW00003954",72,48.2
"1751777","USW00003954",72.1,48.3
"1751778","USW00003954",72.2,48.4
"1751779","USW00003954",72.2,48.5
"1751780","USW00003954",72.3,48.7
"1751781","USW00003954",72.3,48.8
"1751782","USW00003954",72.4,48.9
"1751783","USW00003954",72.5,49.1
"1751784","USW00003954",72.5,49.2
"1751785","USW00003954",72.6,49.4
"1751786","USW00003954",72.7,49.6
"1751787","USW00003954",72.8,49.7
"1751788","USW00003954",72.9,49.9
"1751789","USW00003954",73,50.2
"1751790","USW00003954",73.2,50.4
"1751791","USW00003954",73.3,50.6
"1751792","USW00003954",73.5,50.9
"1751793","USW00003954",73.6,51.2
"1751794","USW00003954",73.8,51.4
"1751795","USW00003954",74.1,51.7
"1751796","USW00003954",74.3,52.1
"1751797","USW00003954",74.5,52.4
"1751798","USW00003954",74.8,52.8
"1751799","USW00003954",75.1,53.1
"1751800","USW00003954",75.4,53.5
"1751801","USW00003954",75.7,53.9
"1751802","USW00003954",76,54.3
"1751803","USW00003954",76.3,54.7
"1751804","USW00003954",76.7,55.1
"1751805","USW00003954",77.1,55.6
"1751806","USW00003954",77.4,56
"1751807","USW00003954",77.8,56.5
"1751808","USW00003954",78.2,56.9
"1751809","USW00003954",78.6,57.4
"1751810","USW00003954",79,57.9
"1751811","USW00003954",79.5,58.4
"1751812","USW00003954",79.9,58.8
"1751813","USW00003954",80.3,59.3
"1751814","USW00003954",80.7,59.8
"1751815","USW00003954",81.2,60.3
"1751816","USW00003954",81.6,60.7
"1751817","USW00003954",82,61.2
"1751818","USW00003954",82.4,61.7
"1751819","USW00003954",82.9,62.1
"1751820","USW00003954",83.3,62.6
"1751821","USW00003954",83.7,63
"1751822","USW00003954",84.1,63.4
"1751823","USW00003954",84.5,63.9
"1751824","USW00003954",84.9,64.3
"1751825","USW00003954",85.3,64.7
"1751826","USW00003954",85.6,65.1
"1751827","USW00003954",86,65.5
"1751828","USW00003954",86.4,65.8
"1751829","USW00003954",86.7,66.2
"1751830","USW00003954",87,66.5
"1751831","USW00003954",87.4,66.9
"1751832","USW00003954",87.7,67.2
"1751833","USW00003954",88,67.5
"1751834","USW00003954",88.3,67.8
"1751835","USW00003954",88.5,68.1
"1751836","USW00003954",88.8,68.4
"1751837","USW00003954",89.1,68.6
"1751838","USW00003954",89.3,68.9
"1751839","USW00003954",89.6,69.1
"1751840","USW00003954",89.8,69.4
"1751841","USW00003954",90,69.6
"1751842","USW00003954",90.2,69.8
"1751843","USW00003954",90.4,70
"1751844","USW00003954",90.6,70.2
"1751845","USW00003954",90.8,70.4
"1751846","USW00003954",91,70.6
"1751847","USW00003954",91.2,70.7
"1751848","USW00003954",91.4,70.9
"1751849","USW00003954",91.6,71.1
"1751850","USW00003954",91.7,71.2
"1751851","USW00003954",91.9,71.4
"1751852","USW00003954",92.1,71.5
"1751853","USW00003954",92.2,71.7
"1751854","USW00003954",92.4,71.8
"1751855","USW00003954",92.6,71.9
"1751856","USW00003954",92.7,72.1
"1751857","USW00003954",92.9,72.2
"1751858","USW00003954",93,72.3
"1751859","USW00003954",93.2,72.4
"1751860","USW00003954",93.3,72.6
"1751861","USW00003954",93.5,72.7
"1751862","USW00003954",93.6,72.8
"1751863","USW00003954",93.8,72.9
"1751864","USW00003954",93.9,73
"1751865","USW00003954",94,73.1
"1751866","USW00003954",94.2,73.2
"1751867","USW00003954",94.3,73.3
"1751868","USW00003954",94.4,73.4
"1751869","USW00003954",94.5,73.5
"1751870","USW00003954",94.6,73.5
"1751871","USW00003954",94.8,73.6
"1751872","USW00003954",94.9,73.7
"1751873","USW00003954",95,73.8
"1751874","USW00003954",95.1,73.8
"1751875","USW00003954",95.1,73.9
"1751876","USW00003954",95.2,73.9
"1751877","USW00003954",95.3,74
"1751878","USW00003954",95.4,74
"1751879","USW00003954",95.4,74
"1751880","USW00003954",95.5,74.1
"1751881","USW00003954",95.5,74.1
"1751882","USW00003954",95.5,74.1
"1751883","USW00003954",95.6,74.1
"1751884","USW00003954",95.6,74.1
"1751885","USW00003954",95.6,74.1
"1751886","USW00003954",95.6,74.1
"1751887","USW00003954",95.6,74.1
"1751888","USW00003954",95.5,74
"1751889","USW00003954",95.5,74
"1751890","USW00003954",95.5,74
"1751891","USW00003954",95.4,73.9
"1751892","USW00003954",95.4,73.9
"1751893","USW00003954",95.3,73.8
"1751894","USW00003954",95.2,73.7
"1751895","USW00003954",95.1,73.7
"1751896","USW00003954",95.1,73.6
"1751897","USW00003954",95,73.5
"1751898","USW00003954",94.8,73.4
"1751899","USW00003954",94.7,73.3
"1751900","USW00003954",94.6,73.2
"1751901","USW00003954",94.5,73.1
"1751902","USW00003954",94.3,73
"1751903","USW00003954",94.2,72.8
"1751904","USW00003954",94,72.7
"1751905","USW00003954",93.9,72.6
"1751906","USW00003954",93.7,72.4
"1751907","USW00003954",93.5,72.3
"1751908","USW00003954",93.4,72.1
"1751909","USW00003954",93.2,72
"1751910","USW00003954",93,71.8
"1751911","USW00003954",92.8,71.6
"1751912","USW00003954",92.6,71.4
"1751913","USW00003954",92.4,71.2
"1751914","USW00003954",92.1,71
"1751915","USW00003954",91.9,70.8
"1751916","USW00003954",91.7,70.6
"1751917","USW00003954",91.4,70.4
"1751918","USW00003954",91.2,70.2
"1751919","USW00003954",90.9,69.9
"1751920","USW00003954",90.7,69.7
"1751921","USW00003954",90.4,69.4
"1751922","USW00003954",90.1,69.1
"1751923","USW00003954",89.9,68.9
"1751924","USW00003954",89.6,68.6
"1751925","USW00003954",89.3,68.3
"1751926","USW00003954",89,68
"1751927","USW00003954",88.7,67.6
"1751928","USW00003954",88.3,67.3
"1751929","USW00003954",88,67
"1751930","USW00003954",87.7,66.6
"1751931","USW00003954",87.3,66.3
"1751932","USW00003954",87,65.9
"1751933","USW00003954",86.6,65.5
"1751934","USW00003954",86.3,65.1
"1751935","USW00003954",85.9,64.7
"1751936","USW00003954",85.5,64.3
"1751937","USW00003954",85.1,63.9
"1751938","USW00003954",84.8,63.5
"1751939","USW00003954",84.4,63
"1751940","USW00003954",84,62.6
"1751941","USW00003954",83.6,62.2
"1751942","USW00003954",83.2,61.7
"1751943","USW00003954",82.8,61.2
"1751944","USW00003954",82.4,60.8
"1751945","USW00003954",81.9,60.3
"1751946","USW00003954",81.5,59.8
"1751947","USW00003954",81.1,59.3
"1751948","USW00003954",80.7,58.9
"1751949","USW00003954",80.3,58.4
"1751950","USW00003954",79.9,57.9
"1751951","USW00003954",79.5,57.4
"1751952","USW00003954",79.1,56.9
"1751953","USW00003954",78.7,56.4
"1751954","USW00003954",78.3,56
"1751955","USW00003954",77.9,55.5
"1751956","USW00003954",77.5,55
"1751957","USW00003954",77.1,54.5
"1751958","USW00003954",76.7,54.1
"1751959","USW00003954",76.4,53.6
"1751960","USW00003954",76,53.2
"1751961","USW00003954",75.6,52.7
"1751962","USW00003954",75.3,52.3
"1751963","USW00003954",74.9,51.8
"1751964","USW00003954",74.6,51.4
"1751965","USW00003954",74.3,51
"1751966","USW00003954",73.9,50.5
"1751967","USW00003954",73.6,50.1
"1751968","USW00003954",73.3,49.7
"1751969","USW00003954",73,49.3
"1751970","USW00003954",72.6,48.9
"1751971","USW00003954",72.3,48.6
"1751972","USW00003954",72,48.2
"1751973","USW00003954",71.7,47.8
"1751974","USW00003954",71.4,47.4
"1751975","USW00003954",71.1,47.1
"1751976","USW00003954",70.8,46.7
"1751977","USW00003954",70.5,46.4
"1751978","USW00003954",70.2,46
"1751979","USW00003954",69.9,45.7
"1751980","USW00003954",69.6,45.3
"1751981","USW00003954",69.2,45
"1751982","USW00003954",68.9,44.7
"1751983","USW00003954",68.6,44.3
"1751984","USW00003954",68.2,44
"1751985","USW00003954",67.9,43.7
"1751986","USW00003954",67.5,43.3
"1751987","USW00003954",67.2,43
"1751988","USW00003954",66.8,42.7
"1751989","USW00003954",66.4,42.3
"1751990","USW00003954",66,42
"1751991","USW00003954",65.6,41.6
"1751992","USW00003954",65.2,41.3
"1751993","USW00003954",64.8,40.9
"1751994","USW00003954",64.4,40.6
"1751995","USW00003954",63.9,40.2
"1751996","USW00003954",63.5,39.9
"1751997","USW00003954",63,39.5
"1751998","USW00003954",62.6,39.1
"1751999","USW00003954",62.1,38.8
"1752000","USW00003954",61.6,38.4
"1752001","USW00003954",61.1,38
"1752002","USW00003954",60.7,37.7
"1752003","USW00003954",60.2,37.3
"1752004","USW00003954",59.7,36.9
"1752005","USW00003954",59.2,36.5
"1752006","USW00003954",58.7,36.1
"1752007","USW00003954",58.2,35.8
"1752008","USW00003954",57.7,35.4
"1752009","USW00003954",57.2,35
"1752010","USW00003954",56.7,34.7
"1752011","USW00003954",56.2,34.3
"1752012","USW00003954",55.8,33.9
"1752013","USW00003954",55.3,33.6
"1752014","USW00003954",54.9,33.3
"1752015","USW00003954",54.4,32.9
"1752016","USW00003954",54,32.6
"1752017","USW00003954",53.6,32.3
"1752018","USW00003954",53.2,32
"1752019","USW00003954",52.9,31.7
"1752020","USW00003954",52.5,31.4
"1752021","USW00003954",52.2,31.1
"1752022","USW00003954",51.9,30.8
"1752023","USW00003954",51.6,30.6
"1752024","USW00003954",51.3,30.3
"1752025","USW00003954",51.1,30.1
"1752026","USW00003954",50.8,29.9
"1752027","USW00003954",50.6,29.7
"1752028","USW00003954",50.5,29.5
"1752029","USW00003954",50.3,29.3
"1752030","USW00003954",50.2,29.2
"1752031","USW00003954",50.1,29
"1752032","USW00003954",50,28.9
"1752033","USW00003954",49.9,28.8
"1752034","USW00003954",49.9,28.7
"1752035","USW00003954",49.9,28.6
"1752036","USW00003954",49.8,28.5
"1752037","USW00003954",49.9,28.4
"1752038","USW00003954",49.9,28.3
"1752039","USW00003954",49.9,28.3
"1752040","USW00003954",50,28.2
"1752041","USW00003954",50.1,28.2
"1752042","USW00003954",50.1,28.2
"1755337","USW00003971",57.2,37.2
"1755338","USW00003971",57.2,37.2
"1755339","USW00003971",57.2,37.1
"1755340","USW00003971",57.2,37.1
"1755341","USW00003971",57.2,37.1
"1755342","USW00003971",57.3,37.1
"1755343","USW00003971",57.3,37.1
"1755344","USW00003971",57.4,37.1
"1755345","USW00003971",57.5,37.1
"1755346","USW00003971",57.5,37.1
"1755347","USW00003971",57.6,37.2
"1755348","USW00003971",57.7,37.2
"1755349","USW00003971",57.8,37.2
"1755350","USW00003971",57.9,37.3
"1755351","USW00003971",58,37.3
"1755352","USW00003971",58,37.4
"1755353","USW00003971",58.1,37.4
"1755354","USW00003971",58.2,37.5
"1755355","USW00003971",58.3,37.5
"1755356","USW00003971",58.4,37.6
"1755357","USW00003971",58.5,37.6
"1755358","USW00003971",58.6,37.7
"1755359","USW00003971",58.7,37.8
"1755360","USW00003971",58.8,37.8
"1755361","USW00003971",58.8,37.9
"1755362","USW00003971",58.9,38
"1755363","USW00003971",59,38
"1755364","USW00003971",59.1,38.1
"1755365","USW00003971",59.2,38.2
"1755366","USW00003971",59.2,38.3
"1755367","USW00003971",59.3,38.4
"1755368","USW00003971",59.4,38.5
"1755369","USW00003971",59.5,38.6
"1755370","USW00003971",59.6,38.7
"1755371","USW00003971",59.7,38.8
"1755372","USW00003971",59.7,38.9
"1755373","USW00003971",59.8,39.1
"1755374","USW00003971",59.9,39.2
"1755375","USW00003971",60,39.3
"1755376","USW00003971",60.2,39.5
"1755377","USW00003971",60.3,39.6
"1755378","USW00003971",60.4,39.8
"1755379","USW00003971",60.6,40
"1755380","USW00003971",60.7,40.2
"1755381","USW00003971",60.9,40.4
"1755382","USW00003971",61,40.6
"1755383","USW00003971",61.2,40.8
"1755384","USW00003971",61.4,41
"1755385","USW00003971",61.6,41.3
"1755386","USW00003971",61.8,41.5
"1755387","USW00003971",62.1,41.8
"1755388","USW00003971",62.3,42.1
"1755389","USW00003971",62.6,42.3
"1755390","USW00003971",62.9,42.6
"1755391","USW00003971",63.1,42.9
"1755392","USW00003971",63.4,43.2
"1755393","USW00003971",63.8,43.6
"1755394","USW00003971",64.1,43.9
"1755395","USW00003971",64.4,44.2
"1755396","USW00003971",64.6,44.4
"1755397","USW00003971",64.8,44.5
"1755398","USW00003971",65.1,44.9
"1755399","USW00003971",65.5,45.2
"1755400","USW00003971",65.9,45.6
"1755401","USW00003971",66.3,45.9
"1755402","USW00003971",66.7,46.3
"1755403","USW00003971",67.1,46.6
"1755404","USW00003971",67.5,47
"1755405","USW00003971",67.9,47.3
"1755406","USW00003971",68.3,47.7
"1755407","USW00003971",68.7,48
"1755408","USW00003971",69.1,48.4
"1755409","USW00003971",69.5,48.7
"1755410","USW00003971",69.9,49
"1755411","USW00003971",70.3,49.4
"1755412","USW00003971",70.7,49.7
"1755413","USW00003971",71.1,50
"1755414","USW00003971",71.4,50.3
"1755415","USW00003971",71.8,50.6
"1755416","USW00003971",72.1,50.9
"1755417","USW00003971",72.5,51.2
"1755418","USW00003971",72.8,51.4
"1755419","USW00003971",73.1,51.7
"1755420","USW00003971",73.4,51.9
"1755421","USW00003971",73.7,52.1
"1755422","USW00003971",74,52.4
"1755423","USW00003971",74.3,52.6
"1755424","USW00003971",74.5,52.8
"1755425","USW00003971",74.7,53
"1755426","USW00003971",74.9,53.2
"1755427","USW00003971",75.1,53.3
"1755428","USW00003971",75.3,53.5
"1755429","USW00003971",75.5,53.6
"1755430","USW00003971",75.6,53.8
"1755431","USW00003971",75.8,53.9
"1755432","USW00003971",75.9,54.1
"1755433","USW00003971",76,54.2
"1755434","USW00003971",76.1,54.3
"1755435","USW00003971",76.2,54.4
"1755436","USW00003971",76.3,54.6
"1755437","USW00003971",76.4,54.7
"1755438","USW00003971",76.4,54.8
"1755439","USW00003971",76.5,54.9
"1755440","USW00003971",76.6,55.1
"1755441","USW00003971",76.6,55.2
"1755442","USW00003971",76.7,55.3
"1755443","USW00003971",76.8,55.5
"1755444","USW00003971",76.8,55.6
"1755445","USW00003971",76.9,55.8
"1755446","USW00003971",77,55.9
"1755447","USW00003971",77.1,56.1
"1755448","USW00003971",77.2,56.3
"1755449","USW00003971",77.3,56.5
"1755450","USW00003971",77.4,56.7
"1755451","USW00003971",77.5,56.9
"1755452","USW00003971",77.6,57.1
"1755453","USW00003971",77.8,57.3
"1755454","USW00003971",78,57.6
"1755455","USW00003971",78.1,57.9
"1755456","USW00003971",78.3,58.1
"1755457","USW00003971",78.5,58.4
"1755458","USW00003971",78.8,58.7
"1755459","USW00003971",79,59
"1755460","USW00003971",79.3,59.3
"1755461","USW00003971",79.5,59.7
"1755462","USW00003971",79.8,60
"1755463","USW00003971",80.1,60.4
"1755464","USW00003971",80.5,60.7
"1755465","USW00003971",80.8,61.1
"1755466","USW00003971",81.1,61.5
"1755467","USW00003971",81.5,61.9
"1755468","USW00003971",81.9,62.3
"1755469","USW00003971",82.3,62.7
"1755470","USW00003971",82.6,63.1
"1755471","USW00003971",83,63.5
"1755472","USW00003971",83.4,63.9
"1755473","USW00003971",83.9,64.3
"1755474","USW00003971",84.3,64.7
"1755475","USW00003971",84.7,65.1
"1755476","USW00003971",85.1,65.5
"1755477","USW00003971",85.5,65.9
"1755478","USW00003971",85.9,66.3
"1755479","USW00003971",86.3,66.7
"1755480","USW00003971",86.8,67.1
"1755481","USW00003971",87.2,67.5
"1755482","USW00003971",87.6,67.8
"1755483","USW00003971",87.9,68.2
"1755484","USW00003971",88.3,68.6
"1755485","USW00003971",88.7,68.9
"1755486","USW00003971",89,69.2
"1755487","USW00003971",89.4,69.5
"1755488","USW00003971",89.7,69.9
"1755489","USW00003971",90,70.1
"1755490","USW00003971",90.3,70.4
"1755491","USW00003971",90.6,70.7
"1755492","USW00003971",90.9,71
"1755493","USW00003971",91.2,71.2
"1755494","USW00003971",91.4,71.4
"1755495","USW00003971",91.6,71.7
"1755496","USW00003971",91.8,71.9
"1755497","USW00003971",92,72.1
"1755498","USW00003971",92.2,72.2
"1755499","USW00003971",92.4,72.4
"1755500","USW00003971",92.6,72.6
"1755501","USW00003971",92.7,72.7
"1755502","USW00003971",92.8,72.9
"1755503","USW00003971",93,73
"1755504","USW00003971",93.1,73.1
"1755505","USW00003971",93.2,73.3
"1755506","USW00003971",93.3,73.4
"1755507","USW00003971",93.4,73.5
"1755508","USW00003971",93.5,73.6
"1755509","USW00003971",93.6,73.7
"1755510","USW00003971",93.6,73.8
"1755511","USW00003971",93.7,73.9
"1755512","USW00003971",93.8,74
"1755513","USW00003971",93.9,74
"1755514","USW00003971",93.9,74.1
"1755515","USW00003971",94,74.2
"1755516","USW00003971",94.1,74.3
"1755517","USW00003971",94.1,74.4
"1755518","USW00003971",94.2,74.5
"1755519","USW00003971",94.3,74.6
"1755520","USW00003971",94.4,74.6
"1755521","USW00003971",94.5,74.7
"1755522","USW00003971",94.6,74.8
"1755523","USW00003971",94.7,74.9
"1755524","USW00003971",94.8,75
"1755525","USW00003971",94.9,75.1
"1755526","USW00003971",95,75.2
"1755527","USW00003971",95.1,75.3
"1755528","USW00003971",95.3,75.4
"1755529","USW00003971",95.4,75.5
"1755530","USW00003971",95.5,75.6
"1755531","USW00003971",95.7,75.7
"1755532","USW00003971",95.8,75.8
"1755533","USW00003971",96,75.9
"1755534","USW00003971",96.1,76
"1755535","USW00003971",96.3,76
"1755536","USW00003971",96.5,76.1
"1755537","USW00003971",96.6,76.2
"1755538","USW00003971",96.8,76.3
"1755539","USW00003971",96.9,76.4
"1755540","USW00003971",97.1,76.5
"1755541","USW00003971",97.2,76.6
"1755542","USW00003971",97.4,76.7
"1755543","USW00003971",97.5,76.7
"1755544","USW00003971",97.7,76.8
"1755545","USW00003971",97.8,76.9
"1755546","USW00003971",97.9,76.9
"1755547","USW00003971",98,77
"1755548","USW00003971",98.1,77
"1755549","USW00003971",98.2,77
"1755550","USW00003971",98.3,77.1
"1755551","USW00003971",98.4,77.1
"1755552","USW00003971",98.4,77.1
"1755553","USW00003971",98.5,77.1
"1755554","USW00003971",98.5,77.1
"1755555","USW00003971",98.6,77.1
"1755556","USW00003971",98.6,77
"1755557","USW00003971",98.6,77
"1755558","USW00003971",98.5,76.9
"1755559","USW00003971",98.5,76.9
"1755560","USW00003971",98.5,76.8
"1755561","USW00003971",98.4,76.8
"1755562","USW00003971",98.3,76.7
"1755563","USW00003971",98.2,76.6
"1755564","USW00003971",98.1,76.5
"1755565","USW00003971",98,76.4
"1755566","USW00003971",97.9,76.2
"1755567","USW00003971",97.7,76.1
"1755568","USW00003971",97.6,76
"1755569","USW00003971",97.4,75.8
"1755570","USW00003971",97.2,75.7
"1755571","USW00003971",97,75.5
"1755572","USW00003971",96.8,75.3
"1755573","USW00003971",96.6,75.2
"1755574","USW00003971",96.4,75
"1755575","USW00003971",96.2,74.8
"1755576","USW00003971",95.9,74.6
"1755577","USW00003971",95.7,74.3
"1755578","USW00003971",95.4,74.1
"1755579","USW00003971",95.2,73.9
"1755580","USW00003971",94.9,73.6
"1755581","USW00003971",94.6,73.4
"1755582","USW00003971",94.3,73.1
"1755583","USW00003971",94,72.9
"1755584","USW00003971",93.7,72.6
"1755585","USW00003971",93.4,72.3
"1755586","USW00003971",93.1,72.1
"1755587","USW00003971",92.8,71.8
"1755588","USW00003971",92.5,71.5
"1755589","USW00003971",92.2,71.2
"1755590","USW00003971",91.8,70.9
"1755591","USW00003971",91.5,70.5
"1755592","USW00003971",91.2,70.2
"1755593","USW00003971",90.8,69.9
"1755594","USW00003971",90.5,69.5
"1755595","USW00003971",90.2,69.2
"1755596","USW00003971",89.8,68.8
"1755597","USW00003971",89.5,68.5
"1755598","USW00003971",89.1,68.1
"1755599","USW00003971",88.8,67.8
"1755600","USW00003971",88.4,67.4
"1755601","USW00003971",88.1,67
"1755602","USW00003971",87.7,66.6
"1755603","USW00003971",87.4,66.2
"1755604","USW00003971",87,65.8
"1755605","USW00003971",86.7,65.5
"1755606","USW00003971",86.3,65.1
"1755607","USW00003971",85.9,64.7
"1755608","USW00003971",85.6,64.2
"1755609","USW00003971",85.2,63.8
"1755610","USW00003971",84.8,63.4
"1755611","USW00003971",84.5,63
"1755612","USW00003971",84.1,62.6
"1755613","USW00003971",83.7,62.2
"1755614","USW00003971",83.4,61.8
"1755615","USW00003971",83,61.4
"1755616","USW00003971",82.6,61
"1755617","USW00003971",82.3,60.6
"1755618","USW00003971",81.9,60.2
"1755619","USW00003971",81.5,59.8
"1755620","USW00003971",81.1,59.4
"1755621","USW00003971",80.8,59
"1755622","USW00003971",80.4,58.6
"1755623","USW00003971",80,58.2
"1755624","USW00003971",79.7,57.8
"1755625","USW00003971",79.3,57.4
"1755626","USW00003971",78.9,57
"1755627","USW00003971",78.6,56.7
"1755628","USW00003971",78.2,56.3
"1755629","USW00003971",77.9,55.9
"1755630","USW00003971",77.5,55.6
"1755631","USW00003971",77.1,55.2
"1755632","USW00003971",76.8,54.9
"1755633","USW00003971",76.4,54.5
"1755634","USW00003971",76.1,54.2
"1755635","USW00003971",75.8,53.9
"1755636","USW00003971",75.4,53.5
"1755637","USW00003971",75.1,53.2
"1755638","USW00003971",74.7,52.9
"1755639","USW00003971",74.4,52.6
"1755640","USW00003971",74.1,52.3
"1755641","USW00003971",73.7,52
"1755642","USW00003971",73.4,51.7
"1755643","USW00003971",73.1,51.4
"1755644","USW00003971",72.7,51.1
"1755645","USW00003971",72.4,50.8
"1755646","USW00003971",72.1,50.5
"1755647","USW00003971",71.7,50.2
"1755648","USW00003971",71.4,49.9
"1755649","USW00003971",71.1,49.6
"1755650","USW00003971",70.7,49.4
"1755651","USW00003971",70.4,49.1
"1755652","USW00003971",70.1,48.8
"1755653","USW00003971",69.7,48.5
"1755654","USW00003971",69.4,48.2
"1755655","USW00003971",69.1,47.9
"1755656","USW00003971",68.7,47.7
"1755657","USW00003971",68.4,47.4
"1755658","USW00003971",68,47.1
"1755659","USW00003971",67.7,46.8
"1755660","USW00003971",67.3,46.5
"1755661","USW00003971",67,46.2
"1755662","USW00003971",66.6,45.9
"1755663","USW00003971",66.3,45.6
"1755664","USW00003971",65.9,45.4
"1755665","USW00003971",65.6,45.1
"1755666","USW00003971",65.2,44.8
"1755667","USW00003971",64.9,44.5
"1755668","USW00003971",64.5,44.2
"1755669","USW00003971",64.2,43.9
"1755670","USW00003971",63.8,43.6
"1755671","USW00003971",63.5,43.3
"1755672","USW00003971",63.2,43
"1755673","USW00003971",62.8,42.7
"1755674","USW00003971",62.5,42.4
"1755675","USW00003971",62.2,42.1
"1755676","USW00003971",61.8,41.9
"1755677","USW00003971",61.5,41.6
"1755678","USW00003971",61.2,41.3
"1755679","USW00003971",60.9,41
"1755680","USW00003971",60.6,40.8
"1755681","USW00003971",60.3,40.5
"1755682","USW00003971",60,40.3
"1755683","USW00003971",59.8,40
"1755684","USW00003971",59.5,39.8
"1755685","USW00003971",59.3,39.6
"1755686","USW00003971",59,39.3
"1755687","USW00003971",58.8,39.1
"1755688","USW00003971",58.6,38.9
"1755689","USW00003971",58.4,38.8
"1755690","USW00003971",58.2,38.6
"1755691","USW00003971",58.1,38.4
"1755692","USW00003971",57.9,38.2
"1755693","USW00003971",57.8,38.1
"1755694","USW00003971",57.6,38
"1755695","USW00003971",57.5,37.8
"1755696","USW00003971",57.4,37.7
"1755697","USW00003971",57.4,37.6
"1755698","USW00003971",57.3,37.5
"1755699","USW00003971",57.2,37.4
"1755700","USW00003971",57.2,37.4
"1755701","USW00003971",57.2,37.3
"1755702","USW00003971",57.2,37.2
"1777663","USW00004853",37.7,27
"1777664","USW00004853",37.6,26.7
"1777665","USW00004853",37.4,26.5
"1777666","USW00004853",37.3,26.3
"1777667","USW00004853",37.1,26
"1777668","USW00004853",37,25.8
"1777669","USW00004853",36.9,25.5
"1777670","USW00004853",36.7,25.3
"1777671","USW00004853",36.6,25.1
"1777672","USW00004853",36.4,24.8
"1777673","USW00004853",36.3,24.6
"1777674","USW00004853",36.2,24.4
"1777675","USW00004853",36.1,24.2
"1777676","USW00004853",35.9,24
"1777677","USW00004853",35.8,23.8
"1777678","USW00004853",35.7,23.6
"1777679","USW00004853",35.6,23.4
"1777680","USW00004853",35.5,23.2
"1777681","USW00004853",35.4,23.1
"1777682","USW00004853",35.3,22.9
"1777683","USW00004853",35.2,22.7
"1777684","USW00004853",35.1,22.6
"1777685","USW00004853",35.1,22.5
"1777686","USW00004853",35,22.4
"1777687","USW00004853",34.9,22.3
"1777688","USW00004853",34.9,22.2
"1777689","USW00004853",34.9,22.1
"1777690","USW00004853",34.8,22
"1777691","USW00004853",34.8,22
"1777692","USW00004853",34.8,22
"1777693","USW00004853",34.8,22
"1777694","USW00004853",34.8,22
"1777695","USW00004853",34.8,22
"1777696","USW00004853",34.8,22
"1777697","USW00004853",34.9,22
"1777698","USW00004853",34.9,22.1
"1777699","USW00004853",35,22.2
"1777700","USW00004853",35.1,22.2
"1777701","USW00004853",35.2,22.4
"1777702","USW00004853",35.3,22.5
"1777703","USW00004853",35.4,22.6
"1777704","USW00004853",35.5,22.7
"1777705","USW00004853",35.7,22.9
"1777706","USW00004853",35.8,23.1
"1777707","USW00004853",36,23.2
"1777708","USW00004853",36.2,23.4
"1777709","USW00004853",36.4,23.6
"1777710","USW00004853",36.6,23.8
"1777711","USW00004853",36.8,24.1
"1777712","USW00004853",37,24.3
"1777713","USW00004853",37.3,24.5
"1777714","USW00004853",37.5,24.8
"1777715","USW00004853",37.8,25.1
"1777716","USW00004853",38.1,25.3
"1777717","USW00004853",38.4,25.6
"1777718","USW00004853",38.7,25.9
"1777719","USW00004853",39,26.1
"1777720","USW00004853",39.3,26.4
"1777721","USW00004853",39.6,26.7
"1777722","USW00004853",39.8,26.9
"1777723","USW00004853",40,27
"1777724","USW00004853",40.3,27.3
"1777725","USW00004853",40.7,27.6
"1777726","USW00004853",41,27.9
"1777727","USW00004853",41.4,28.2
"1777728","USW00004853",41.7,28.5
"1777729","USW00004853",42.1,28.8
"1777730","USW00004853",42.5,29.1
"1777731","USW00004853",42.8,29.4
"1777732","USW00004853",43.2,29.7
"1777733","USW00004853",43.6,30
"1777734","USW00004853",44,30.3
"1777735","USW00004853",44.4,30.6
"1777736","USW00004853",44.8,30.9
"1777737","USW00004853",45.2,31.2
"1777738","USW00004853",45.6,31.5
"1777739","USW00004853",45.9,31.8
"1777740","USW00004853",46.3,32.1
"1777741","USW00004853",46.7,32.4
"1777742","USW00004853",47.1,32.7
"1777743","USW00004853",47.5,33
"1777744","USW00004853",47.9,33.3
"1777745","USW00004853",48.3,33.6
"1777746","USW00004853",48.7,33.9
"1777747","USW00004853",49.1,34.2
"1777748","USW00004853",49.5,34.5
"1777749","USW00004853",49.9,34.8
"1777750","USW00004853",50.3,35.1
"1777751","USW00004853",50.7,35.4
"1777752","USW00004853",51.1,35.7
"1777753","USW00004853",51.4,36
"1777754","USW00004853",51.8,36.3
"1777755","USW00004853",52.2,36.6
"1777756","USW00004853",52.6,36.9
"1777757","USW00004853",53,37.3
"1777758","USW00004853",53.4,37.6
"1777759","USW00004853",53.8,37.9
"1777760","USW00004853",54.2,38.3
"1777761","USW00004853",54.6,38.6
"1777762","USW00004853",55,38.9
"1777763","USW00004853",55.4,39.3
"1777764","USW00004853",55.8,39.7
"1777765","USW00004853",56.2,40
"1777766","USW00004853",56.6,40.4
"1777767","USW00004853",57,40.8
"1777768","USW00004853",57.4,41.1
"1777769","USW00004853",57.8,41.5
"1777770","USW00004853",58.2,41.9
"1777771","USW00004853",58.6,42.3
"1777772","USW00004853",59,42.7
"1777773","USW00004853",59.4,43.1
"1777774","USW00004853",59.8,43.5
"1777775","USW00004853",60.2,43.9
"1777776","USW00004853",60.6,44.3
"1777777","USW00004853",61,44.7
"1777778","USW00004853",61.4,45.2
"1777779","USW00004853",61.8,45.6
"1777780","USW00004853",62.2,46
"1777781","USW00004853",62.6,46.4
"1777782","USW00004853",63,46.9
"1777783","USW00004853",63.4,47.3
"1777784","USW00004853",63.8,47.7
"1777785","USW00004853",64.2,48.2
"1777786","USW00004853",64.6,48.6
"1777787","USW00004853",65,49
"1777788","USW00004853",65.4,49.5
"1777789","USW00004853",65.8,49.9
"1777790","USW00004853",66.2,50.3
"1777791","USW00004853",66.5,50.8
"1777792","USW00004853",66.9,51.2
"1777793","USW00004853",67.3,51.6
"1777794","USW00004853",67.6,52
"1777795","USW00004853",68,52.4
"1777796","USW00004853",68.4,52.9
"1777797","USW00004853",68.7,53.3
"1777798","USW00004853",69.1,53.7
"1777799","USW00004853",69.4,54.1
"1777800","USW00004853",69.7,54.5
"1777801","USW00004853",70.1,54.9
"1777802","USW00004853",70.4,55.2
"1777803","USW00004853",70.7,55.6
"1777804","USW00004853",71,56
"1777805","USW00004853",71.3,56.4
"1777806","USW00004853",71.6,56.7
"1777807","USW00004853",71.9,57.1
"1777808","USW00004853",72.2,57.5
"1777809","USW00004853",72.5,57.8
"1777810","USW00004853",72.8,58.2
"1777811","USW00004853",73.1,58.5
"1777812","USW00004853",73.3,58.8
"1777813","USW00004853",73.6,59.2
"1777814","USW00004853",73.9,59.5
"1777815","USW00004853",74.1,59.8
"1777816","USW00004853",74.4,60.1
"1777817","USW00004853",74.6,60.4
"1777818","USW00004853",74.9,60.7
"1777819","USW00004853",75.1,61
"1777820","USW00004853",75.4,61.3
"1777821","USW00004853",75.6,61.6
"1777822","USW00004853",75.8,61.9
"1777823","USW00004853",76,62.2
"1777824","USW00004853",76.3,62.4
"1777825","USW00004853",76.5,62.7
"1777826","USW00004853",76.7,63
"1777827","USW00004853",76.9,63.2
"1777828","USW00004853",77.1,63.5
"1777829","USW00004853",77.3,63.8
"1777830","USW00004853",77.5,64
"1777831","USW00004853",77.7,64.2
"1777832","USW00004853",77.9,64.5
"1777833","USW00004853",78.1,64.7
"1777834","USW00004853",78.3,64.9
"1777835","USW00004853",78.5,65.2
"1777836","USW00004853",78.7,65.4
"1777837","USW00004853",78.9,65.6
"1777838","USW00004853",79,65.8
"1777839","USW00004853",79.2,66
"1777840","USW00004853",79.4,66.2
"1777841","USW00004853",79.5,66.4
"1777842","USW00004853",79.7,66.6
"1777843","USW00004853",79.8,66.8
"1777844","USW00004853",80,66.9
"1777845","USW00004853",80.1,67.1
"1777846","USW00004853",80.3,67.3
"1777847","USW00004853",80.4,67.4
"1777848","USW00004853",80.5,67.6
"1777849","USW00004853",80.6,67.7
"1777850","USW00004853",80.7,67.9
"1777851","USW00004853",80.9,68
"1777852","USW00004853",81,68.1
"1777853","USW00004853",81.1,68.2
"1777854","USW00004853",81.1,68.4
"1777855","USW00004853",81.2,68.5
"1777856","USW00004853",81.3,68.6
"1777857","USW00004853",81.4,68.7
"1777858","USW00004853",81.4,68.7
"1777859","USW00004853",81.5,68.8
"1777860","USW00004853",81.6,68.9
"1777861","USW00004853",81.6,68.9
"1777862","USW00004853",81.6,69
"1777863","USW00004853",81.7,69
"1777864","USW00004853",81.7,69.1
"1777865","USW00004853",81.7,69.1
"1777866","USW00004853",81.7,69.2
"1777867","USW00004853",81.7,69.2
"1777868","USW00004853",81.7,69.2
"1777869","USW00004853",81.7,69.2
"1777870","USW00004853",81.7,69.2
"1777871","USW00004853",81.7,69.2
"1777872","USW00004853",81.7,69.2
"1777873","USW00004853",81.7,69.1
"1777874","USW00004853",81.6,69.1
"1777875","USW00004853",81.6,69.1
"1777876","USW00004853",81.6,69
"1777877","USW00004853",81.5,69
"1777878","USW00004853",81.5,68.9
"1777879","USW00004853",81.4,68.9
"1777880","USW00004853",81.4,68.8
"1777881","USW00004853",81.3,68.7
"1777882","USW00004853",81.2,68.7
"1777883","USW00004853",81.2,68.6
"1777884","USW00004853",81.1,68.5
"1777885","USW00004853",81,68.4
"1777886","USW00004853",80.9,68.3
"1777887","USW00004853",80.8,68.2
"1777888","USW00004853",80.8,68.1
"1777889","USW00004853",80.7,68
"1777890","USW00004853",80.6,67.8
"1777891","USW00004853",80.5,67.7
"1777892","USW00004853",80.4,67.6
"1777893","USW00004853",80.3,67.4
"1777894","USW00004853",80.1,67.3
"1777895","USW00004853",80,67.2
"1777896","USW00004853",79.9,67
"1777897","USW00004853",79.8,66.8
"1777898","USW00004853",79.7,66.7
"1777899","USW00004853",79.5,66.5
"1777900","USW00004853",79.4,66.3
"1777901","USW00004853",79.2,66.1
"1777902","USW00004853",79.1,66
"1777903","USW00004853",78.9,65.8
"1777904","USW00004853",78.7,65.6
"1777905","USW00004853",78.6,65.4
"1777906","USW00004853",78.4,65.2
"1777907","USW00004853",78.2,64.9
"1777908","USW00004853",78,64.7
"1777909","USW00004853",77.8,64.5
"1777910","USW00004853",77.6,64.2
"1777911","USW00004853",77.4,64
"1777912","USW00004853",77.2,63.8
"1777913","USW00004853",76.9,63.5
"1777914","USW00004853",76.7,63.3
"1777915","USW00004853",76.5,63
"1777916","USW00004853",76.2,62.7
"1777917","USW00004853",75.9,62.4
"1777918","USW00004853",75.7,62.2
"1777919","USW00004853",75.4,61.9
"1777920","USW00004853",75.1,61.6
"1777921","USW00004853",74.8,61.3
"1777922","USW00004853",74.5,61
"1777923","USW00004853",74.2,60.7
"1777924","USW00004853",73.9,60.3
"1777925","USW00004853",73.6,60
"1777926","USW00004853",73.2,59.7
"1777927","USW00004853",72.9,59.3
"1777928","USW00004853",72.6,59
"1777929","USW00004853",72.2,58.7
"1777930","USW00004853",71.9,58.3
"1777931","USW00004853",71.5,57.9
"1777932","USW00004853",71.1,57.6
"1777933","USW00004853",70.8,57.2
"1777934","USW00004853",70.4,56.8
"1777935","USW00004853",70,56.5
"1777936","USW00004853",69.6,56.1
"1777937","USW00004853",69.2,55.7
"1777938","USW00004853",68.8,55.3
"1777939","USW00004853",68.4,54.9
"1777940","USW00004853",68,54.5
"1777941","USW00004853",67.6,54.1
"1777942","USW00004853",67.2,53.7
"1777943","USW00004853",66.8,53.3
"1777944","USW00004853",66.4,52.9
"1777945","USW00004853",66,52.5
"1777946","USW00004853",65.6,52.1
"1777947","USW00004853",65.2,51.7
"1777948","USW00004853",64.8,51.3
"1777949","USW00004853",64.4,50.9
"1777950","USW00004853",63.9,50.4
"1777951","USW00004853",63.5,50
"1777952","USW00004853",63.1,49.6
"1777953","USW00004853",62.7,49.2
"1777954","USW00004853",62.3,48.8
"1777955","USW00004853",61.9,48.4
"1777956","USW00004853",61.4,47.9
"1777957","USW00004853",61,47.5
"1777958","USW00004853",60.6,47.1
"1777959","USW00004853",60.2,46.7
"1777960","USW00004853",59.8,46.3
"1777961","USW00004853",59.4,45.9
"1777962","USW00004853",59,45.5
"1777963","USW00004853",58.5,45.1
"1777964","USW00004853",58.1,44.7
"1777965","USW00004853",57.7,44.3
"1777966","USW00004853",57.3,43.9
"1777967","USW00004853",56.9,43.5
"1777968","USW00004853",56.5,43.1
"1777969","USW00004853",56.1,42.7
"1777970","USW00004853",55.7,42.3
"1777971","USW00004853",55.2,41.9
"1777972","USW00004853",54.8,41.6
"1777973","USW00004853",54.4,41.2
"1777974","USW00004853",54,40.8
"1777975","USW00004853",53.6,40.5
"1777976","USW00004853",53.2,40.1
"1777977","USW00004853",52.8,39.8
"1777978","USW00004853",52.4,39.4
"1777979","USW00004853",52,39.1
"1777980","USW00004853",51.6,38.8
"1777981","USW00004853",51.2,38.5
"1777982","USW00004853",50.8,38.1
"1777983","USW00004853",50.4,37.8
"1777984","USW00004853",50,37.5
"1777985","USW00004853",49.6,37.2
"1777986","USW00004853",49.2,36.9
"1777987","USW00004853",48.9,36.6
"1777988","USW00004853",48.5,36.4
"1777989","USW00004853",48.1,36.1
"1777990","USW00004853",47.7,35.8
"1777991","USW00004853",47.4,35.6
"1777992","USW00004853",47,35.3
"1777993","USW00004853",46.6,35.1
"1777994","USW00004853",46.3,34.8
"1777995","USW00004853",45.9,34.6
"1777996","USW00004853",45.6,34.3
"1777997","USW00004853",45.3,34.1
"1777998","USW00004853",44.9,33.9
"1777999","USW00004853",44.6,33.6
"1778000","USW00004853",44.3,33.4
"1778001","USW00004853",44,33.2
"1778002","USW00004853",43.7,33
"1778003","USW00004853",43.4,32.8
"1778004","USW00004853",43.1,32.5
"1778005","USW00004853",42.8,32.3
"1778006","USW00004853",42.5,32.1
"1778007","USW00004853",42.3,31.9
"1778008","USW00004853",42,31.7
"1778009","USW00004853",41.7,31.5
"1778010","USW00004853",41.5,31.3
"1778011","USW00004853",41.2,31.1
"1778012","USW00004853",41,30.9
"1778013","USW00004853",40.8,30.6
"1778014","USW00004853",40.5,30.4
"1778015","USW00004853",40.3,30.2
"1778016","USW00004853",40.1,30
"1778017","USW00004853",39.9,29.8
"1778018","USW00004853",39.7,29.6
"1778019","USW00004853",39.5,29.3
"1778020","USW00004853",39.3,29.1
"1778021","USW00004853",39.1,28.9
"1778022","USW00004853",38.9,28.6
"1778023","USW00004853",38.7,28.4
"1778024","USW00004853",38.6,28.2
"1778025","USW00004853",38.4,27.9
"1778026","USW00004853",38.2,27.7
"1778027","USW00004853",38.1,27.5
"1778028","USW00004853",37.9,27.2
"1792669","USW00012916",63.5,47
"1792670","USW00012916",63.4,46.8
"1792671","USW00012916",63.3,46.7
"1792672","USW00012916",63.2,46.5
"1792673","USW00012916",63.1,46.3
"1792674","USW00012916",63.1,46.2
"1792675","USW00012916",63,46.1
"1792676","USW00012916",63,45.9
"1792677","USW00012916",62.9,45.8
"1792678","USW00012916",62.9,45.7
"1792679","USW00012916",62.9,45.6
"1792680","USW00012916",62.8,45.5
"1792681","USW00012916",62.8,45.5
"1792682","USW00012916",62.8,45.4
"1792683","USW00012916",62.8,45.4
"1792684","USW00012916",62.9,45.3
"1792685","USW00012916",62.9,45.3
"1792686","USW00012916",62.9,45.3
"1792687","USW00012916",63,45.4
"1792688","USW00012916",63,45.4
"1792689","USW00012916",63.1,45.4
"1792690","USW00012916",63.1,45.5
"1792691","USW00012916",63.2,45.6
"1792692","USW00012916",63.3,45.7
"1792693","USW00012916",63.4,45.8
"1792694","USW00012916",63.5,45.9
"1792695","USW00012916",63.6,46
"1792696","USW00012916",63.7,46.2
"1792697","USW00012916",63.9,46.4
"1792698","USW00012916",64,46.5
"1792699","USW00012916",64.1,46.7
"1792700","USW00012916",64.3,46.9
"1792701","USW00012916",64.4,47.1
"1792702","USW00012916",64.6,47.3
"1792703","USW00012916",64.8,47.6
"1792704","USW00012916",64.9,47.8
"1792705","USW00012916",65.1,48
"1792706","USW00012916",65.3,48.3
"1792707","USW00012916",65.5,48.5
"1792708","USW00012916",65.7,48.8
"1792709","USW00012916",65.9,49
"1792710","USW00012916",66.1,49.3
"1792711","USW00012916",66.3,49.6
"1792712","USW00012916",66.5,49.8
"1792713","USW00012916",66.7,50.1
"1792714","USW00012916",66.9,50.3
"1792715","USW00012916",67.1,50.6
"1792716","USW00012916",67.3,50.9
"1792717","USW00012916",67.6,51.1
"1792718","USW00012916",67.8,51.4
"1792719","USW00012916",68,51.6
"1792720","USW00012916",68.2,51.9
"1792721","USW00012916",68.5,52.1
"1792722","USW00012916",68.7,52.3
"1792723","USW00012916",68.9,52.6
"1792724","USW00012916",69.2,52.8
"1792725","USW00012916",69.4,53
"1792726","USW00012916",69.7,53.3
"1792727","USW00012916",69.9,53.5
"1792728","USW00012916",70,53.6
"1792729","USW00012916",70.1,53.7
"1792730","USW00012916",70.4,53.9
"1792731","USW00012916",70.6,54.1
"1792732","USW00012916",70.9,54.3
"1792733","USW00012916",71.1,54.5
"1792734","USW00012916",71.4,54.7
"1792735","USW00012916",71.6,54.9
"1792736","USW00012916",71.9,55
"1792737","USW00012916",72.1,55.2
"1792738","USW00012916",72.3,55.4
"1792739","USW00012916",72.6,55.6
"1792740","USW00012916",72.8,55.7
"1792741","USW00012916",73.1,55.9
"1792742","USW00012916",73.3,56.1
"1792743","USW00012916",73.6,56.2
"1792744","USW00012916",73.8,56.4
"1792745","USW00012916",74,56.6
"1792746","USW00012916",74.3,56.8
"1792747","USW00012916",74.5,56.9
"1792748","USW00012916",74.7,57.1
"1792749","USW00012916",74.9,57.3
"1792750","USW00012916",75.2,57.4
"1792751","USW00012916",75.4,57.6
"1792752","USW00012916",75.6,57.8
"1792753","USW00012916",75.8,58
"1792754","USW00012916",76,58.1
"1792755","USW00012916",76.2,58.3
"1792756","USW00012916",76.4,58.5
"1792757","USW00012916",76.6,58.7
"1792758","USW00012916",76.8,58.9
"1792759","USW00012916",76.9,59
"1792760","USW00012916",77.1,59.2
"1792761","USW00012916",77.3,59.4
"1792762","USW00012916",77.5,59.6
"1792763","USW00012916",77.6,59.8
"1792764","USW00012916",77.8,60
"1792765","USW00012916",77.9,60.2
"1792766","USW00012916",78.1,60.4
"1792767","USW00012916",78.2,60.6
"1792768","USW00012916",78.4,60.8
"1792769","USW00012916",78.5,61
"1792770","USW00012916",78.7,61.2
"1792771","USW00012916",78.8,61.4
"1792772","USW00012916",78.9,61.6
"1792773","USW00012916",79.1,61.9
"1792774","USW00012916",79.2,62.1
"1792775","USW00012916",79.4,62.3
"1792776","USW00012916",79.5,62.5
"1792777","USW00012916",79.6,62.7
"1792778","USW00012916",79.8,62.9
"1792779","USW00012916",79.9,63.1
"1792780","USW00012916",80.1,63.3
"1792781","USW00012916",80.2,63.6
"1792782","USW00012916",80.4,63.8
"1792783","USW00012916",80.5,64
"1792784","USW00012916",80.7,64.2
"1792785","USW00012916",80.8,64.4
"1792786","USW00012916",81,64.6
"1792787","USW00012916",81.2,64.9
"1792788","USW00012916",81.4,65.1
"1792789","USW00012916",81.5,65.3
"1792790","USW00012916",81.7,65.5
"1792791","USW00012916",81.9,65.7
"1792792","USW00012916",82.1,66
"1792793","USW00012916",82.3,66.2
"1792794","USW00012916",82.6,66.4
"1792795","USW00012916",82.8,66.7
"1792796","USW00012916",83,66.9
"1792797","USW00012916",83.3,67.1
"1792798","USW00012916",83.5,67.4
"1792799","USW00012916",83.7,67.6
"1792800","USW00012916",84,67.8
"1792801","USW00012916",84.3,68.1
"1792802","USW00012916",84.5,68.3
"1792803","USW00012916",84.8,68.6
"1792804","USW00012916",85.1,68.8
"1792805","USW00012916",85.3,69.1
"1792806","USW00012916",85.6,69.3
"1792807","USW00012916",85.9,69.6
"1792808","USW00012916",86.2,69.8
"1792809","USW00012916",86.4,70.1
"1792810","USW00012916",86.7,70.3
"1792811","USW00012916",87,70.6
"1792812","USW00012916",87.3,70.8
"1792813","USW00012916",87.5,71.1
"1792814","USW00012916",87.8,71.3
"1792815","USW00012916",88.1,71.6
"1792816","USW00012916",88.3,71.8
"1792817","USW00012916",88.6,72.1
"1792818","USW00012916",88.8,72.3
"1792819","USW00012916",89.1,72.5
"1792820","USW00012916",89.3,72.8
"1792821","USW00012916",89.5,73
"1792822","USW00012916",89.7,73.2
"1792823","USW00012916",89.9,73.5
"1792824","USW00012916",90.1,73.7
"1792825","USW00012916",90.3,73.9
"1792826","USW00012916",90.5,74.1
"1792827","USW00012916",90.6,74.3
"1792828","USW00012916",90.8,74.5
"1792829","USW00012916",90.9,74.7
"1792830","USW00012916",91,74.9
"1792831","USW00012916",91.2,75
"1792832","USW00012916",91.3,75.2
"1792833","USW00012916",91.4,75.3
"1792834","USW00012916",91.5,75.5
"1792835","USW00012916",91.5,75.6
"1792836","USW00012916",91.6,75.8
"1792837","USW00012916",91.6,75.9
"1792838","USW00012916",91.7,76
"1792839","USW00012916",91.7,76.1
"1792840","USW00012916",91.7,76.2
"1792841","USW00012916",91.8,76.3
"1792842","USW00012916",91.8,76.4
"1792843","USW00012916",91.8,76.4
"1792844","USW00012916",91.8,76.5
"1792845","USW00012916",91.8,76.6
"1792846","USW00012916",91.8,76.6
"1792847","USW00012916",91.7,76.7
"1792848","USW00012916",91.7,76.7
"1792849","USW00012916",91.7,76.7
"1792850","USW00012916",91.7,76.8
"1792851","USW00012916",91.6,76.8
"1792852","USW00012916",91.6,76.8
"1792853","USW00012916",91.6,76.8
"1792854","USW00012916",91.6,76.8
"1792855","USW00012916",91.5,76.8
"1792856","USW00012916",91.5,76.8
"1792857","USW00012916",91.5,76.8
"1792858","USW00012916",91.5,76.8
"1792859","USW00012916",91.5,76.8
"1792860","USW00012916",91.5,76.8
"1792861","USW00012916",91.5,76.8
"1792862","USW00012916",91.4,76.8
"1792863","USW00012916",91.4,76.8
"1792864","USW00012916",91.5,76.8
"1792865","USW00012916",91.5,76.8
"1792866","USW00012916",91.5,76.8
"1792867","USW00012916",91.5,76.8
"1792868","USW00012916",91.5,76.8
"1792869","USW00012916",91.5,76.8
"1792870","USW00012916",91.6,76.8
"1792871","USW00012916",91.6,76.8
"1792872","USW00012916",91.6,76.8
"1792873","USW00012916",91.6,76.8
"1792874","USW00012916",91.7,76.8
"1792875","USW00012916",91.7,76.8
"1792876","USW00012916",91.8,76.8
"1792877","USW00012916",91.8,76.8
"1792878","USW00012916",91.8,76.8
"1792879","USW00012916",91.9,76.8
"1792880","USW00012916",91.9,76.8
"1792881","USW00012916",91.9,76.9
"1792882","USW00012916",92,76.9
"1792883","USW00012916",92,76.9
"1792884","USW00012916",92,76.9
"1792885","USW00012916",92.1,76.9
"1792886","USW00012916",92.1,76.9
"1792887","USW00012916",92.1,76.9
"1792888","USW00012916",92.1,77
"1792889","USW00012916",92.1,77
"1792890","USW00012916",92.1,77
"1792891","USW00012916",92.1,77
"1792892","USW00012916",92.1,77
"1792893","USW00012916",92.1,77
"1792894","USW00012916",92.1,77
"1792895","USW00012916",92.1,77
"1792896","USW00012916",92.1,77
"1792897","USW00012916",92,77
"1792898","USW00012916",92,77
"1792899","USW00012916",91.9,77
"1792900","USW00012916",91.9,77
"1792901","USW00012916",91.8,77
"1792902","USW00012916",91.8,77
"1792903","USW00012916",91.7,76.9
"1792904","USW00012916",91.6,76.9
"1792905","USW00012916",91.5,76.9
"1792906","USW00012916",91.4,76.8
"1792907","USW00012916",91.4,76.8
"1792908","USW00012916",91.3,76.7
"1792909","USW00012916",91.2,76.7
"1792910","USW00012916",91.1,76.6
"1792911","USW00012916",91,76.6
"1792912","USW00012916",90.8,76.5
"1792913","USW00012916",90.7,76.4
"1792914","USW00012916",90.6,76.3
"1792915","USW00012916",90.5,76.3
"1792916","USW00012916",90.4,76.2
"1792917","USW00012916",90.2,76.1
"1792918","USW00012916",90.1,76
"1792919","USW00012916",90,75.8
"1792920","USW00012916",89.9,75.7
"1792921","USW00012916",89.7,75.6
"1792922","USW00012916",89.6,75.5
"1792923","USW00012916",89.5,75.3
"1792924","USW00012916",89.3,75.2
"1792925","USW00012916",89.2,75
"1792926","USW00012916",89,74.9
"1792927","USW00012916",88.9,74.7
"1792928","USW00012916",88.7,74.5
"1792929","USW00012916",88.6,74.3
"1792930","USW00012916",88.4,74.1
"1792931","USW00012916",88.3,73.9
"1792932","USW00012916",88.1,73.7
"1792933","USW00012916",87.9,73.5
"1792934","USW00012916",87.8,73.3
"1792935","USW00012916",87.6,73
"1792936","USW00012916",87.4,72.8
"1792937","USW00012916",87.2,72.5
"1792938","USW00012916",87.1,72.2
"1792939","USW00012916",86.9,72
"1792940","USW00012916",86.7,71.7
"1792941","USW00012916",86.5,71.4
"1792942","USW00012916",86.2,71
"1792943","USW00012916",86,70.7
"1792944","USW00012916",85.8,70.4
"1792945","USW00012916",85.6,70
"1792946","USW00012916",85.3,69.7
"1792947","USW00012916",85.1,69.3
"1792948","USW00012916",84.8,68.9
"1792949","USW00012916",84.6,68.6
"1792950","USW00012916",84.3,68.2
"1792951","USW00012916",84,67.8
"1792952","USW00012916",83.7,67.3
"1792953","USW00012916",83.4,66.9
"1792954","USW00012916",83.1,66.5
"1792955","USW00012916",82.8,66.1
"1792956","USW00012916",82.5,65.6
"1792957","USW00012916",82.2,65.2
"1792958","USW00012916",81.8,64.7
"1792959","USW00012916",81.5,64.3
"1792960","USW00012916",81.1,63.8
"1792961","USW00012916",80.8,63.4
"1792962","USW00012916",80.4,62.9
"1792963","USW00012916",80.1,62.5
"1792964","USW00012916",79.7,62
"1792965","USW00012916",79.4,61.5
"1792966","USW00012916",79,61.1
"1792967","USW00012916",78.6,60.6
"1792968","USW00012916",78.2,60.2
"1792969","USW00012916",77.9,59.7
"1792970","USW00012916",77.5,59.3
"1792971","USW00012916",77.1,58.9
"1792972","USW00012916",76.8,58.5
"1792973","USW00012916",76.4,58.1
"1792974","USW00012916",76,57.7
"1792975","USW00012916",75.7,57.3
"1792976","USW00012916",75.3,56.9
"1792977","USW00012916",75,56.5
"1792978","USW00012916",74.6,56.2
"1792979","USW00012916",74.3,55.8
"1792980","USW00012916",73.9,55.5
"1792981","USW00012916",73.6,55.2
"1792982","USW00012916",73.3,54.9
"1792983","USW00012916",73,54.6
"1792984","USW00012916",72.6,54.3
"1792985","USW00012916",72.3,54
"1792986","USW00012916",72,53.8
"1792987","USW00012916",71.7,53.6
"1792988","USW00012916",71.5,53.3
"1792989","USW00012916",71.2,53.1
"1792990","USW00012916",70.9,52.9
"1792991","USW00012916",70.7,52.8
"1792992","USW00012916",70.4,52.6
"1792993","USW00012916",70.2,52.4
"1792994","USW00012916",69.9,52.3
"1792995","USW00012916",69.7,52.1
"1792996","USW00012916",69.5,52
"1792997","USW00012916",69.3,51.9
"1792998","USW00012916",69.1,51.8
"1792999","USW00012916",68.9,51.7
"1793000","USW00012916",68.7,51.6
"1793001","USW00012916",68.5,51.5
"1793002","USW00012916",68.3,51.4
"1793003","USW00012916",68.1,51.3
"1793004","USW00012916",67.9,51.2
"1793005","USW00012916",67.7,51.1
"1793006","USW00012916",67.6,51.1
"1793007","USW00012916",67.4,51
"1793008","USW00012916",67.2,50.9
"1793009","USW00012916",67.1,50.8
"1793010","USW00012916",66.9,50.7
"1793011","USW00012916",66.7,50.6
"1793012","USW00012916",66.6,50.5
"1793013","USW00012916",66.4,50.4
"1793014","USW00012916",66.3,50.3
"1793015","USW00012916",66.1,50.2
"1793016","USW00012916",66,50.1
"1793017","USW00012916",65.8,50
"1793018","USW00012916",65.7,49.8
"1793019","USW00012916",65.5,49.7
"1793020","USW00012916",65.4,49.6
"1793021","USW00012916",65.2,49.4
"1793022","USW00012916",65.1,49.3
"1793023","USW00012916",65,49.1
"1793024","USW00012916",64.8,48.9
"1793025","USW00012916",64.7,48.8
"1793026","USW00012916",64.5,48.6
"1793027","USW00012916",64.4,48.4
"1793028","USW00012916",64.3,48.2
"1793029","USW00012916",64.2,48.1
"1793030","USW00012916",64,47.9
"1793031","USW00012916",63.9,47.7
"1793032","USW00012916",63.8,47.5
"1793033","USW00012916",63.7,47.3
"1793034","USW00012916",63.6,47.2
"1801453","USW00012977",64,43.2
"1801454","USW00012977",63.9,43.1
"1801455","USW00012977",63.8,43
"1801456","USW00012977",63.8,42.9
"1801457","USW00012977",63.8,42.8
"1801458","USW00012977",63.7,42.7
"1801459","USW00012977",63.7,42.6
"1801460","USW00012977",63.7,42.6
"1801461","USW00012977",63.7,42.5
"1801462","USW00012977",63.7,42.5
"1801463","USW00012977",63.7,42.5
"1801464","USW00012977",63.8,42.5
"1801465","USW00012977",63.8,42.5
"1801466","USW00012977",63.9,42.5
"1801467","USW00012977",63.9,42.5
"1801468","USW00012977",64,42.5
"1801469","USW00012977",64.1,42.6
"1801470","USW00012977",64.1,42.6
"1801471","USW00012977",64.2,42.7
"1801472","USW00012977",64.3,42.8
"1801473","USW00012977",64.4,42.9
"1801474","USW00012977",64.5,43
"1801475","USW00012977",64.7,43.1
"1801476","USW00012977",64.8,43.3
"1801477","USW00012977",64.9,43.4
"1801478","USW00012977",65,43.5
"1801479","USW00012977",65.2,43.7
"1801480","USW00012977",65.3,43.9
"1801481","USW00012977",65.5,44.1
"1801482","USW00012977",65.6,44.2
"1801483","USW00012977",65.8,44.4
"1801484","USW00012977",65.9,44.6
"1801485","USW00012977",66.1,44.9
"1801486","USW00012977",66.3,45.1
"1801487","USW00012977",66.4,45.3
"1801488","USW00012977",66.6,45.5
"1801489","USW00012977",66.8,45.8
"1801490","USW00012977",66.9,46
"1801491","USW00012977",67.1,46.3
"1801492","USW00012977",67.3,46.5
"1801493","USW00012977",67.5,46.8
"1801494","USW00012977",67.7,47
"1801495","USW00012977",67.8,47.3
"1801496","USW00012977",68,47.6
"1801497","USW00012977",68.2,47.8
"1801498","USW00012977",68.4,48.1
"1801499","USW00012977",68.6,48.4
"1801500","USW00012977",68.8,48.6
"1801501","USW00012977",69,48.9
"1801502","USW00012977",69.2,49.2
"1801503","USW00012977",69.4,49.4
"1801504","USW00012977",69.6,49.7
"1801505","USW00012977",69.8,50
"1801506","USW00012977",70,50.2
"1801507","USW00012977",70.3,50.5
"1801508","USW00012977",70.5,50.8
"1801509","USW00012977",70.7,51
"1801510","USW00012977",70.9,51.3
"1801511","USW00012977",71.2,51.5
"1801512","USW00012977",71.3,51.7
"1801513","USW00012977",71.4,51.8
"1801514","USW00012977",71.6,52
"1801515","USW00012977",71.9,52.3
"1801516","USW00012977",72.1,52.5
"1801517","USW00012977",72.4,52.8
"1801518","USW00012977",72.6,53
"1801519","USW00012977",72.8,53.2
"1801520","USW00012977",73.1,53.4
"1801521","USW00012977",73.3,53.7
"1801522","USW00012977",73.6,53.9
"1801523","USW00012977",73.8,54.1
"1801524","USW00012977",74.1,54.3
"1801525","USW00012977",74.3,54.5
"1801526","USW00012977",74.6,54.7
"1801527","USW00012977",74.8,54.9
"1801528","USW00012977",75.1,55.1
"1801529","USW00012977",75.3,55.2
"1801530","USW00012977",75.6,55.4
"1801531","USW00012977",75.8,55.6
"1801532","USW00012977",76,55.8
"1801533","USW00012977",76.3,55.9
"1801534","USW00012977",76.5,56.1
"1801535","USW00012977",76.7,56.3
"1801536","USW00012977",76.9,56.4
"1801537","USW00012977",77.2,56.6
"1801538","USW00012977",77.4,56.7
"1801539","USW00012977",77.6,56.9
"1801540","USW00012977",77.8,57
"1801541","USW00012977",78,57.2
"1801542","USW00012977",78.1,57.3
"1801543","USW00012977",78.3,57.4
"1801544","USW00012977",78.5,57.6
"1801545","USW00012977",78.7,57.7
"1801546","USW00012977",78.8,57.9
"1801547","USW00012977",79,58
"1801548","USW00012977",79.1,58.2
"1801549","USW00012977",79.3,58.3
"1801550","USW00012977",79.4,58.5
"1801551","USW00012977",79.6,58.6
"1801552","USW00012977",79.7,58.8
"1801553","USW00012977",79.9,58.9
"1801554","USW00012977",80,59.1
"1801555","USW00012977",80.1,59.3
"1801556","USW00012977",80.2,59.4
"1801557","USW00012977",80.4,59.6
"1801558","USW00012977",80.5,59.8
"1801559","USW00012977",80.6,60
"1801560","USW00012977",80.8,60.2
"1801561","USW00012977",80.9,60.4
"1801562","USW00012977",81,60.6
"1801563","USW00012977",81.2,60.8
"1801564","USW00012977",81.3,61
"1801565","USW00012977",81.4,61.3
"1801566","USW00012977",81.6,61.5
"1801567","USW00012977",81.8,61.7
"1801568","USW00012977",81.9,62
"1801569","USW00012977",82.1,62.2
"1801570","USW00012977",82.3,62.5
"1801571","USW00012977",82.4,62.7
"1801572","USW00012977",82.6,63
"1801573","USW00012977",82.8,63.3
"1801574","USW00012977",83,63.6
"1801575","USW00012977",83.3,63.8
"1801576","USW00012977",83.5,64.1
"1801577","USW00012977",83.7,64.4
"1801578","USW00012977",83.9,64.7
"1801579","USW00012977",84.2,65
"1801580","USW00012977",84.4,65.3
"1801581","USW00012977",84.7,65.6
"1801582","USW00012977",85,65.9
"1801583","USW00012977",85.2,66.2
"1801584","USW00012977",85.5,66.5
"1801585","USW00012977",85.8,66.8
"1801586","USW00012977",86.1,67.1
"1801587","USW00012977",86.4,67.4
"1801588","USW00012977",86.7,67.7
"1801589","USW00012977",87,68
"1801590","USW00012977",87.3,68.3
"1801591","USW00012977",87.6,68.6
"1801592","USW00012977",87.9,68.9
"1801593","USW00012977",88.2,69.2
"1801594","USW00012977",88.4,69.4
"1801595","USW00012977",88.7,69.7
"1801596","USW00012977",89,70
"1801597","USW00012977",89.3,70.2
"1801598","USW00012977",89.6,70.5
"1801599","USW00012977",89.8,70.7
"1801600","USW00012977",90.1,71
"1801601","USW00012977",90.3,71.2
"1801602","USW00012977",90.6,71.4
"1801603","USW00012977",90.8,71.6
"1801604","USW00012977",91,71.8
"1801605","USW00012977",91.2,72
"1801606","USW00012977",91.4,72.2
"1801607","USW00012977",91.6,72.3
"1801608","USW00012977",91.7,72.5
"1801609","USW00012977",91.9,72.7
"1801610","USW00012977",92,72.8
"1801611","USW00012977",92.2,72.9
"1801612","USW00012977",92.3,73.1
"1801613","USW00012977",92.4,73.2
"1801614","USW00012977",92.5,73.3
"1801615","USW00012977",92.6,73.4
"1801616","USW00012977",92.6,73.5
"1801617","USW00012977",92.7,73.6
"1801618","USW00012977",92.7,73.7
"1801619","USW00012977",92.8,73.8
"1801620","USW00012977",92.8,73.8
"1801621","USW00012977",92.8,73.9
"1801622","USW00012977",92.8,74
"1801623","USW00012977",92.9,74
"1801624","USW00012977",92.9,74.1
"1801625","USW00012977",92.9,74.1
"1801626","USW00012977",92.9,74.2
"1801627","USW00012977",92.8,74.2
"1801628","USW00012977",92.8,74.3
"1801629","USW00012977",92.8,74.3
"1801630","USW00012977",92.8,74.4
"1801631","USW00012977",92.8,74.4
"1801632","USW00012977",92.8,74.4
"1801633","USW00012977",92.8,74.5
"1801634","USW00012977",92.8,74.5
"1801635","USW00012977",92.8,74.5
"1801636","USW00012977",92.8,74.6
"1801637","USW00012977",92.8,74.6
"1801638","USW00012977",92.8,74.6
"1801639","USW00012977",92.9,74.7
"1801640","USW00012977",92.9,74.7
"1801641","USW00012977",92.9,74.8
"1801642","USW00012977",93,74.8
"1801643","USW00012977",93,74.8
"1801644","USW00012977",93.1,74.9
"1801645","USW00012977",93.2,74.9
"1801646","USW00012977",93.3,75
"1801647","USW00012977",93.3,75
"1801648","USW00012977",93.4,75
"1801649","USW00012977",93.5,75.1
"1801650","USW00012977",93.6,75.1
"1801651","USW00012977",93.7,75.2
"1801652","USW00012977",93.8,75.2
"1801653","USW00012977",94,75.2
"1801654","USW00012977",94.1,75.3
"1801655","USW00012977",94.2,75.3
"1801656","USW00012977",94.3,75.3
"1801657","USW00012977",94.4,75.4
"1801658","USW00012977",94.6,75.4
"1801659","USW00012977",94.7,75.5
"1801660","USW00012977",94.8,75.5
"1801661","USW00012977",94.9,75.5
"1801662","USW00012977",95,75.5
"1801663","USW00012977",95.2,75.6
"1801664","USW00012977",95.3,75.6
"1801665","USW00012977",95.4,75.6
"1801666","USW00012977",95.4,75.6
"1801667","USW00012977",95.5,75.6
"1801668","USW00012977",95.6,75.6
"1801669","USW00012977",95.7,75.6
"1801670","USW00012977",95.7,75.6
"1801671","USW00012977",95.8,75.6
"1801672","USW00012977",95.8,75.6
"1801673","USW00012977",95.8,75.6
"1801674","USW00012977",95.8,75.6
"1801675","USW00012977",95.8,75.6
"1801676","USW00012977",95.8,75.5
"1801677","USW00012977",95.8,75.5
"1801678","USW00012977",95.7,75.5
"1801679","USW00012977",95.7,75.5
"1801680","USW00012977",95.6,75.4
"1801681","USW00012977",95.5,75.4
"1801682","USW00012977",95.4,75.3
"1801683","USW00012977",95.4,75.3
"1801684","USW00012977",95.2,75.2
"1801685","USW00012977",95.1,75.2
"1801686","USW00012977",95,75.1
"1801687","USW00012977",94.8,75
"1801688","USW00012977",94.7,74.9
"1801689","USW00012977",94.5,74.9
"1801690","USW00012977",94.4,74.8
"1801691","USW00012977",94.2,74.7
"1801692","USW00012977",94,74.6
"1801693","USW00012977",93.8,74.5
"1801694","USW00012977",93.7,74.4
"1801695","USW00012977",93.5,74.3
"1801696","USW00012977",93.3,74.2
"1801697","USW00012977",93.1,74.1
"1801698","USW00012977",92.9,73.9
"1801699","USW00012977",92.7,73.8
"1801700","USW00012977",92.5,73.7
"1801701","USW00012977",92.2,73.5
"1801702","USW00012977",92,73.4
"1801703","USW00012977",91.8,73.2
"1801704","USW00012977",91.6,73
"1801705","USW00012977",91.4,72.9
"1801706","USW00012977",91.2,72.7
"1801707","USW00012977",91,72.5
"1801708","USW00012977",90.8,72.3
"1801709","USW00012977",90.6,72.1
"1801710","USW00012977",90.4,71.9
"1801711","USW00012977",90.3,71.6
"1801712","USW00012977",90.1,71.4
"1801713","USW00012977",89.9,71.2
"1801714","USW00012977",89.7,70.9
"1801715","USW00012977",89.5,70.7
"1801716","USW00012977",89.3,70.4
"1801717","USW00012977",89.1,70.1
"1801718","USW00012977",88.9,69.8
"1801719","USW00012977",88.8,69.5
"1801720","USW00012977",88.6,69.2
"1801721","USW00012977",88.4,68.9
"1801722","USW00012977",88.2,68.6
"1801723","USW00012977",88,68.3
"1801724","USW00012977",87.8,67.9
"1801725","USW00012977",87.6,67.6
"1801726","USW00012977",87.4,67.2
"1801727","USW00012977",87.2,66.9
"1801728","USW00012977",87,66.5
"1801729","USW00012977",86.8,66.1
"1801730","USW00012977",86.6,65.8
"1801731","USW00012977",86.4,65.4
"1801732","USW00012977",86.2,65
"1801733","USW00012977",86,64.6
"1801734","USW00012977",85.7,64.2
"1801735","USW00012977",85.5,63.8
"1801736","USW00012977",85.2,63.4
"1801737","USW00012977",85,63
"1801738","USW00012977",84.7,62.6
"1801739","USW00012977",84.5,62.2
"1801740","USW00012977",84.2,61.8
"1801741","USW00012977",83.9,61.4
"1801742","USW00012977",83.6,61
"1801743","USW00012977",83.3,60.6
"1801744","USW00012977",83,60.2
"1801745","USW00012977",82.7,59.8
"1801746","USW00012977",82.4,59.4
"1801747","USW00012977",82.1,59.1
"1801748","USW00012977",81.8,58.7
"1801749","USW00012977",81.5,58.3
"1801750","USW00012977",81.2,58
"1801751","USW00012977",80.8,57.6
"1801752","USW00012977",80.5,57.3
"1801753","USW00012977",80.2,56.9
"1801754","USW00012977",79.8,56.6
"1801755","USW00012977",79.5,56.3
"1801756","USW00012977",79.2,55.9
"1801757","USW00012977",78.8,55.6
"1801758","USW00012977",78.5,55.3
"1801759","USW00012977",78.1,55
"1801760","USW00012977",77.8,54.8
"1801761","USW00012977",77.5,54.5
"1801762","USW00012977",77.1,54.2
"1801763","USW00012977",76.8,54
"1801764","USW00012977",76.5,53.7
"1801765","USW00012977",76.1,53.5
"1801766","USW00012977",75.8,53.2
"1801767","USW00012977",75.5,53
"1801768","USW00012977",75.2,52.8
"1801769","USW00012977",74.8,52.6
"1801770","USW00012977",74.5,52.3
"1801771","USW00012977",74.2,52.1
"1801772","USW00012977",73.9,51.9
"1801773","USW00012977",73.6,51.7
"1801774","USW00012977",73.3,51.6
"1801775","USW00012977",73,51.4
"1801776","USW00012977",72.7,51.2
"1801777","USW00012977",72.4,51
"1801778","USW00012977",72.2,50.8
"1801779","USW00012977",71.9,50.6
"1801780","USW00012977",71.6,50.5
"1801781","USW00012977",71.3,50.3
"1801782","USW00012977",71.1,50.1
"1801783","USW00012977",70.8,49.9
"1801784","USW00012977",70.5,49.8
"1801785","USW00012977",70.3,49.6
"1801786","USW00012977",70,49.4
"1801787","USW00012977",69.8,49.2
"1801788","USW00012977",69.5,49
"1801789","USW00012977",69.3,48.8
"1801790","USW00012977",69,48.7
"1801791","USW00012977",68.8,48.5
"1801792","USW00012977",68.6,48.3
"1801793","USW00012977",68.3,48.1
"1801794","USW00012977",68.1,47.9
"1801795","USW00012977",67.9,47.7
"1801796","USW00012977",67.7,47.5
"1801797","USW00012977",67.4,47.3
"1801798","USW00012977",67.2,47.1
"1801799","USW00012977",67,46.9
"1801800","USW00012977",66.8,46.7
"1801801","USW00012977",66.6,46.5
"1801802","USW00012977",66.4,46.3
"1801803","USW00012977",66.2,46.1
"1801804","USW00012977",66,45.9
"1801805","USW00012977",65.8,45.7
"1801806","USW00012977",65.6,45.4
"1801807","USW00012977",65.5,45.2
"1801808","USW00012977",65.3,45.1
"1801809","USW00012977",65.1,44.9
"1801810","USW00012977",65,44.7
"1801811","USW00012977",64.8,44.5
"1801812","USW00012977",64.7,44.3
"1801813","USW00012977",64.6,44.1
"1801814","USW00012977",64.4,44
"1801815","USW00012977",64.3,43.8
"1801816","USW00012977",64.2,43.6
"1801817","USW00012977",64.1,43.5
"1801818","USW00012977",64,43.3
"1807309","USW00013740",48.9,30.5
"1807310","USW00013740",48.8,30.3
"1807311","USW00013740",48.6,30.1
"1807312","USW00013740",48.5,29.9
"1807313","USW00013740",48.3,29.8
"1807314","USW00013740",48.2,29.6
"1807315","USW00013740",48.1,29.4
"1807316","USW00013740",48,29.3
"1807317","USW00013740",47.9,29.1
"1807318","USW00013740",47.8,29
"1807319","USW00013740",47.7,28.8
"1807320","USW00013740",47.7,28.7
"1807321","USW00013740",47.6,28.6
"1807322","USW00013740",47.6,28.4
"1807323","USW00013740",47.6,28.3
"1807324","USW00013740",47.5,28.2
"1807325","USW00013740",47.5,28.1
"1807326","USW00013740",47.5,28.1
"1807327","USW00013740",47.6,28
"1807328","USW00013740",47.6,27.9
"1807329","USW00013740",47.6,27.9
"1807330","USW00013740",47.7,27.8
"1807331","USW00013740",47.8,27.8
"1807332","USW00013740",47.8,27.8
"1807333","USW00013740",47.9,27.8
"1807334","USW00013740",48,27.8
"1807335","USW00013740",48.1,27.8
"1807336","USW00013740",48.3,27.9
"1807337","USW00013740",48.4,27.9
"1807338","USW00013740",48.5,28
"1807339","USW00013740",48.7,28
"1807340","USW00013740",48.8,28.1
"1807341","USW00013740",49,28.2
"1807342","USW00013740",49.2,28.3
"1807343","USW00013740",49.3,28.4
"1807344","USW00013740",49.5,28.6
"1807345","USW00013740",49.7,28.7
"1807346","USW00013740",49.9,28.8
"1807347","USW00013740",50.1,29
"1807348","USW00013740",50.3,29.2
"1807349","USW00013740",50.5,29.3
"1807350","USW00013740",50.7,29.5
"1807351","USW00013740",50.9,29.7
"1807352","USW00013740",51.1,29.9
"1807353","USW00013740",51.4,30.1
"1807354","USW00013740",51.6,30.3
"1807355","USW00013740",51.8,30.5
"1807356","USW00013740",52.1,30.7
"1807357","USW00013740",52.3,31
"1807358","USW00013740",52.5,31.2
"1807359","USW00013740",52.8,31.4
"1807360","USW00013740",53,31.7
"1807361","USW00013740",53.3,31.9
"1807362","USW00013740",53.5,32.1
"1807363","USW00013740",53.8,32.4
"1807364","USW00013740",54,32.6
"1807365","USW00013740",54.3,32.9
"1807366","USW00013740",54.6,33.1
"1807367","USW00013740",54.8,33.4
"1807368","USW00013740",55,33.5
"1807369","USW00013740",55.1,33.6
"1807370","USW00013740",55.4,33.9
"1807371","USW00013740",55.7,34.2
"1807372","USW00013740",56,34.4
"1807373","USW00013740",56.2,34.7
"1807374","USW00013740",56.5,34.9
"1807375","USW00013740",56.8,35.2
"1807376","USW00013740",57.2,35.4
"1807377","USW00013740",57.5,35.7
"1807378","USW00013740",57.8,36
"1807379","USW00013740",58.1,36.2
"1807380","USW00013740",58.4,36.5
"1807381","USW00013740",58.8,36.7
"1807382","USW00013740",59.1,37
"1807383","USW00013740",59.5,37.3
"1807384","USW00013740",59.8,37.5
"1807385","USW00013740",60.2,37.8
"1807386","USW00013740",60.5,38.1
"1807387","USW00013740",60.9,38.3
"1807388","USW00013740",61.3,38.6
"1807389","USW00013740",61.6,38.9
"1807390","USW00013740",62,39.2
"1807391","USW00013740",62.4,39.5
"1807392","USW00013740",62.8,39.7
"1807393","USW00013740",63.2,40
"1807394","USW00013740",63.6,40.3
"1807395","USW00013740",63.9,40.6
"1807396","USW00013740",64.3,40.9
"1807397","USW00013740",64.7,41.2
"1807398","USW00013740",65.1,41.5
"1807399","USW00013740",65.5,41.8
"1807400","USW00013740",65.9,42.1
"1807401","USW00013740",66.3,42.4
"1807402","USW00013740",66.7,42.7
"1807403","USW00013740",67,43
"1807404","USW00013740",67.4,43.3
"1807405","USW00013740",67.8,43.6
"1807406","USW00013740",68.2,44
"1807407","USW00013740",68.5,44.3
"1807408","USW00013740",68.9,44.6
"1807409","USW00013740",69.2,44.9
"1807410","USW00013740",69.6,45.3
"1807411","USW00013740",69.9,45.6
"1807412","USW00013740",70.3,45.9
"1807413","USW00013740",70.6,46.3
"1807414","USW00013740",70.9,46.6
"1807415","USW00013740",71.2,46.9
"1807416","USW00013740",71.5,47.3
"1807417","USW00013740",71.8,47.6
"1807418","USW00013740",72.1,47.9
"1807419","USW00013740",72.4,48.3
"1807420","USW00013740",72.7,48.6
"1807421","USW00013740",72.9,49
"1807422","USW00013740",73.2,49.3
"1807423","USW00013740",73.4,49.6
"1807424","USW00013740",73.7,50
"1807425","USW00013740",73.9,50.3
"1807426","USW00013740",74.2,50.7
"1807427","USW00013740",74.4,51
"1807428","USW00013740",74.6,51.3
"1807429","USW00013740",74.8,51.7
"1807430","USW00013740",75.1,52
"1807431","USW00013740",75.3,52.3
"1807432","USW00013740",75.5,52.7
"1807433","USW00013740",75.7,53
"1807434","USW00013740",75.9,53.3
"1807435","USW00013740",76.1,53.7
"1807436","USW00013740",76.3,54
"1807437","USW00013740",76.5,54.3
"1807438","USW00013740",76.7,54.6
"1807439","USW00013740",77,55
"1807440","USW00013740",77.2,55.3
"1807441","USW00013740",77.4,55.6
"1807442","USW00013740",77.6,55.9
"1807443","USW00013740",77.8,56.2
"1807444","USW00013740",78,56.5
"1807445","USW00013740",78.3,56.9
"1807446","USW00013740",78.5,57.2
"1807447","USW00013740",78.7,57.5
"1807448","USW00013740",79,57.8
"1807449","USW00013740",79.2,58.1
"1807450","USW00013740",79.5,58.4
"1807451","USW00013740",79.7,58.7
"1807452","USW00013740",80,59
"1807453","USW00013740",80.2,59.3
"1807454","USW00013740",80.5,59.6
"1807455","USW00013740",80.8,59.9
"1807456","USW00013740",81,60.2
"1807457","USW00013740",81.3,60.5
"1807458","USW00013740",81.6,60.8
"1807459","USW00013740",81.9,61.1
"1807460","USW00013740",82.2,61.4
"1807461","USW00013740",82.5,61.7
"1807462","USW00013740",82.7,61.9
"1807463","USW00013740",83,62.2
"1807464","USW00013740",83.3,62.5
"1807465","USW00013740",83.6,62.8
"1807466","USW00013740",83.9,63.1
"1807467","USW00013740",84.2,63.3
"1807468","USW00013740",84.5,63.6
"1807469","USW00013740",84.8,63.9
"1807470","USW00013740",85,64.1
"1807471","USW00013740",85.3,64.4
"1807472","USW00013740",85.6,64.6
"1807473","USW00013740",85.9,64.9
"1807474","USW00013740",86.1,65.1
"1807475","USW00013740",86.4,65.4
"1807476","USW00013740",86.7,65.6
"1807477","USW00013740",86.9,65.8
"1807478","USW00013740",87.1,66.1
"1807479","USW00013740",87.4,66.3
"1807480","USW00013740",87.6,66.5
"1807481","USW00013740",87.8,66.7
"1807482","USW00013740",88,66.9
"1807483","USW00013740",88.2,67.1
"1807484","USW00013740",88.4,67.3
"1807485","USW00013740",88.6,67.5
"1807486","USW00013740",88.8,67.7
"1807487","USW00013740",88.9,67.8
"1807488","USW00013740",89.1,68
"1807489","USW00013740",89.2,68.1
"1807490","USW00013740",89.4,68.3
"1807491","USW00013740",89.5,68.4
"1807492","USW00013740",89.6,68.6
"1807493","USW00013740",89.7,68.7
"1807494","USW00013740",89.8,68.8
"1807495","USW00013740",89.9,68.9
"1807496","USW00013740",90,69.1
"1807497","USW00013740",90.1,69.2
"1807498","USW00013740",90.1,69.3
"1807499","USW00013740",90.2,69.3
"1807500","USW00013740",90.2,69.4
"1807501","USW00013740",90.3,69.5
"1807502","USW00013740",90.3,69.6
"1807503","USW00013740",90.3,69.6
"1807504","USW00013740",90.3,69.7
"1807505","USW00013740",90.4,69.7
"1807506","USW00013740",90.4,69.8
"1807507","USW00013740",90.4,69.8
"1807508","USW00013740",90.4,69.8
"1807509","USW00013740",90.3,69.8
"1807510","USW00013740",90.3,69.9
"1807511","USW00013740",90.3,69.9
"1807512","USW00013740",90.3,69.9
"1807513","USW00013740",90.2,69.9
"1807514","USW00013740",90.2,69.9
"1807515","USW00013740",90.1,69.8
"1807516","USW00013740",90.1,69.8
"1807517","USW00013740",90,69.8
"1807518","USW00013740",90,69.8
"1807519","USW00013740",89.9,69.7
"1807520","USW00013740",89.8,69.7
"1807521","USW00013740",89.8,69.6
"1807522","USW00013740",89.7,69.6
"1807523","USW00013740",89.6,69.5
"1807524","USW00013740",89.5,69.5
"1807525","USW00013740",89.4,69.4
"1807526","USW00013740",89.3,69.3
"1807527","USW00013740",89.2,69.3
"1807528","USW00013740",89.1,69.2
"1807529","USW00013740",89,69.1
"1807530","USW00013740",88.9,69
"1807531","USW00013740",88.8,68.9
"1807532","USW00013740",88.6,68.8
"1807533","USW00013740",88.5,68.7
"1807534","USW00013740",88.4,68.6
"1807535","USW00013740",88.3,68.5
"1807536","USW00013740",88.1,68.4
"1807537","USW00013740",88,68.3
"1807538","USW00013740",87.8,68.2
"1807539","USW00013740",87.7,68
"1807540","USW00013740",87.5,67.9
"1807541","USW00013740",87.4,67.8
"1807542","USW00013740",87.2,67.6
"1807543","USW00013740",87,67.5
"1807544","USW00013740",86.8,67.3
"1807545","USW00013740",86.7,67.2
"1807546","USW00013740",86.5,67
"1807547","USW00013740",86.3,66.9
"1807548","USW00013740",86.1,66.7
"1807549","USW00013740",85.9,66.5
"1807550","USW00013740",85.7,66.3
"1807551","USW00013740",85.5,66.1
"1807552","USW00013740",85.3,66
"1807553","USW00013740",85.1,65.8
"1807554","USW00013740",84.9,65.6
"1807555","USW00013740",84.7,65.4
"1807556","USW00013740",84.5,65.1
"1807557","USW00013740",84.3,64.9
"1807558","USW00013740",84,64.7
"1807559","USW00013740",83.8,64.5
"1807560","USW00013740",83.6,64.2
"1807561","USW00013740",83.4,64
"1807562","USW00013740",83.1,63.7
"1807563","USW00013740",82.9,63.5
"1807564","USW00013740",82.6,63.2
"1807565","USW00013740",82.4,63
"1807566","USW00013740",82.1,62.7
"1807567","USW00013740",81.9,62.4
"1807568","USW00013740",81.6,62.1
"1807569","USW00013740",81.4,61.8
"1807570","USW00013740",81.1,61.5
"1807571","USW00013740",80.8,61.2
"1807572","USW00013740",80.5,60.9
"1807573","USW00013740",80.3,60.6
"1807574","USW00013740",80,60.2
"1807575","USW00013740",79.7,59.9
"1807576","USW00013740",79.4,59.5
"1807577","USW00013740",79.1,59.2
"1807578","USW00013740",78.8,58.8
"1807579","USW00013740",78.5,58.5
"1807580","USW00013740",78.2,58.1
"1807581","USW00013740",77.9,57.7
"1807582","USW00013740",77.5,57.3
"1807583","USW00013740",77.2,56.9
"1807584","USW00013740",76.9,56.5
"1807585","USW00013740",76.5,56.1
"1807586","USW00013740",76.2,55.7
"1807587","USW00013740",75.8,55.3
"1807588","USW00013740",75.5,54.8
"1807589","USW00013740",75.1,54.4
"1807590","USW00013740",74.7,54
"1807591","USW00013740",74.4,53.5
"1807592","USW00013740",74,53.1
"1807593","USW00013740",73.6,52.6
"1807594","USW00013740",73.2,52.2
"1807595","USW00013740",72.8,51.7
"1807596","USW00013740",72.4,51.3
"1807597","USW00013740",72,50.8
"1807598","USW00013740",71.6,50.3
"1807599","USW00013740",71.2,49.9
"1807600","USW00013740",70.8,49.4
"1807601","USW00013740",70.4,48.9
"1807602","USW00013740",70,48.5
"1807603","USW00013740",69.6,48
"1807604","USW00013740",69.1,47.6
"1807605","USW00013740",68.7,47.1
"1807606","USW00013740",68.3,46.6
"1807607","USW00013740",67.9,46.2
"1807608","USW00013740",67.5,45.8
"1807609","USW00013740",67.1,45.3
"1807610","USW00013740",66.6,44.9
"1807611","USW00013740",66.2,44.5
"1807612","USW00013740",65.8,44
"1807613","USW00013740",65.4,43.6
"1807614","USW00013740",65,43.2
"1807615","USW00013740",64.6,42.8
"1807616","USW00013740",64.2,42.4
"1807617","USW00013740",63.9,42
"1807618","USW00013740",63.5,41.7
"1807619","USW00013740",63.1,41.3
"1807620","USW00013740",62.7,40.9
"1807621","USW00013740",62.4,40.6
"1807622","USW00013740",62,40.3
"1807623","USW00013740",61.7,39.9
"1807624","USW00013740",61.3,39.6
"1807625","USW00013740",61,39.3
"1807626","USW00013740",60.7,39
"1807627","USW00013740",60.3,38.7
"1807628","USW00013740",60,38.5
"1807629","USW00013740",59.7,38.2
"1807630","USW00013740",59.4,38
"1807631","USW00013740",59.1,37.7
"1807632","USW00013740",58.8,37.5
"1807633","USW00013740",58.5,37.3
"1807634","USW00013740",58.3,37
"1807635","USW00013740",58,36.8
"1807636","USW00013740",57.7,36.6
"1807637","USW00013740",57.5,36.5
"1807638","USW00013740",57.2,36.3
"1807639","USW00013740",56.9,36.1
"1807640","USW00013740",56.7,35.9
"1807641","USW00013740",56.4,35.8
"1807642","USW00013740",56.2,35.6
"1807643","USW00013740",56,35.5
"1807644","USW00013740",55.7,35.3
"1807645","USW00013740",55.5,35.2
"1807646","USW00013740",55.2,35
"1807647","USW00013740",55,34.9
"1807648","USW00013740",54.8,34.7
"1807649","USW00013740",54.5,34.6
"1807650","USW00013740",54.3,34.5
"1807651","USW00013740",54.1,34.3
"1807652","USW00013740",53.9,34.2
"1807653","USW00013740",53.6,34
"1807654","USW00013740",53.4,33.9
"1807655","USW00013740",53.2,33.8
"1807656","USW00013740",52.9,33.6
"1807657","USW00013740",52.7,33.5
"1807658","USW00013740",52.5,33.3
"1807659","USW00013740",52.3,33.2
"1807660","USW00013740",52,33
"1807661","USW00013740",51.8,32.9
"1807662","USW00013740",51.6,32.7
"1807663","USW00013740",51.4,32.6
"1807664","USW00013740",51.1,32.4
"1807665","USW00013740",50.9,32.2
"1807666","USW00013740",50.7,32.1
"1807667","USW00013740",50.5,31.9
"1807668","USW00013740",50.3,31.7
"1807669","USW00013740",50.1,31.5
"1807670","USW00013740",49.9,31.4
"1807671","USW00013740",49.7,31.2
"1807672","USW00013740",49.5,31
"1807673","USW00013740",49.3,30.8
"1807674","USW00013740",49.1,30.6
"1816459","USW00013841",38.6,24.8
"1816460","USW00013841",38.5,24.6
"1816461","USW00013841",38.3,24.4
"1816462","USW00013841",38.2,24.2
"1816463","USW00013841",38.1,23.9
"1816464","USW00013841",37.9,23.7
"1816465","USW00013841",37.8,23.5
"1816466","USW00013841",37.7,23.3
"1816467","USW00013841",37.6,23
"1816468","USW00013841",37.5,22.8
"1816469","USW00013841",37.4,22.6
"1816470","USW00013841",37.3,22.4
"1816471","USW00013841",37.2,22.2
"1816472","USW00013841",37.2,22
"1816473","USW00013841",37.1,21.8
"1816474","USW00013841",37,21.6
"1816475","USW00013841",37,21.4
"1816476","USW00013841",36.9,21.2
"1816477","USW00013841",36.9,21.1
"1816478","USW00013841",36.8,20.9
"1816479","USW00013841",36.8,20.8
"1816480","USW00013841",36.8,20.6
"1816481","USW00013841",36.8,20.5
"1816482","USW00013841",36.8,20.4
"1816483","USW00013841",36.8,20.3
"1816484","USW00013841",36.8,20.2
"1816485","USW00013841",36.8,20.2
"1816486","USW00013841",36.9,20.1
"1816487","USW00013841",36.9,20.1
"1816488","USW00013841",37,20.1
"1816489","USW00013841",37,20.1
"1816490","USW00013841",37.1,20.1
"1816491","USW00013841",37.2,20.2
"1816492","USW00013841",37.3,20.3
"1816493","USW00013841",37.4,20.3
"1816494","USW00013841",37.5,20.5
"1816495","USW00013841",37.6,20.6
"1816496","USW00013841",37.8,20.7
"1816497","USW00013841",37.9,20.9
"1816498","USW00013841",38.1,21.1
"1816499","USW00013841",38.3,21.3
"1816500","USW00013841",38.5,21.5
"1816501","USW00013841",38.7,21.7
"1816502","USW00013841",38.9,21.9
"1816503","USW00013841",39.1,22.2
"1816504","USW00013841",39.4,22.5
"1816505","USW00013841",39.6,22.8
"1816506","USW00013841",39.9,23.1
"1816507","USW00013841",40.2,23.4
"1816508","USW00013841",40.5,23.7
"1816509","USW00013841",40.8,24.1
"1816510","USW00013841",41.2,24.4
"1816511","USW00013841",41.5,24.8
"1816512","USW00013841",41.9,25.1
"1816513","USW00013841",42.3,25.5
"1816514","USW00013841",42.6,25.9
"1816515","USW00013841",43,26.3
"1816516","USW00013841",43.4,26.7
"1816517","USW00013841",43.9,27
"1816518","USW00013841",44.1,27.2
"1816519","USW00013841",44.3,27.4
"1816520","USW00013841",44.7,27.8
"1816521","USW00013841",45.2,28.2
"1816522","USW00013841",45.6,28.6
"1816523","USW00013841",46.1,29
"1816524","USW00013841",46.6,29.4
"1816525","USW00013841",47.1,29.8
"1816526","USW00013841",47.5,30.2
"1816527","USW00013841",48,30.5
"1816528","USW00013841",48.5,30.9
"1816529","USW00013841",49,31.3
"1816530","USW00013841",49.5,31.6
"1816531","USW00013841",50,32
"1816532","USW00013841",50.5,32.3
"1816533","USW00013841",51,32.7
"1816534","USW00013841",51.5,33
"1816535","USW00013841",52,33.4
"1816536","USW00013841",52.5,33.7
"1816537","USW00013841",53,34
"1816538","USW00013841",53.5,34.3
"1816539","USW00013841",54,34.6
"1816540","USW00013841",54.5,34.9
"1816541","USW00013841",55,35.2
"1816542","USW00013841",55.5,35.5
"1816543","USW00013841",55.9,35.8
"1816544","USW00013841",56.4,36.1
"1816545","USW00013841",56.8,36.4
"1816546","USW00013841",57.3,36.6
"1816547","USW00013841",57.7,36.9
"1816548","USW00013841",58.2,37.2
"1816549","USW00013841",58.6,37.4
"1816550","USW00013841",59,37.7
"1816551","USW00013841",59.4,38
"1816552","USW00013841",59.8,38.3
"1816553","USW00013841",60.2,38.5
"1816554","USW00013841",60.6,38.8
"1816555","USW00013841",61,39.1
"1816556","USW00013841",61.4,39.4
"1816557","USW00013841",61.8,39.7
"1816558","USW00013841",62.1,40
"1816559","USW00013841",62.5,40.3
"1816560","USW00013841",62.8,40.6
"1816561","USW00013841",63.2,40.9
"1816562","USW00013841",63.5,41.2
"1816563","USW00013841",63.9,41.5
"1816564","USW00013841",64.2,41.8
"1816565","USW00013841",64.5,42.1
"1816566","USW00013841",64.8,42.5
"1816567","USW00013841",65.1,42.8
"1816568","USW00013841",65.5,43.2
"1816569","USW00013841",65.8,43.5
"1816570","USW00013841",66.1,43.9
"1816571","USW00013841",66.4,44.3
"1816572","USW00013841",66.7,44.6
"1816573","USW00013841",67,45
"1816574","USW00013841",67.3,45.4
"1816575","USW00013841",67.6,45.8
"1816576","USW00013841",67.9,46.2
"1816577","USW00013841",68.2,46.6
"1816578","USW00013841",68.5,47
"1816579","USW00013841",68.9,47.4
"1816580","USW00013841",69.2,47.8
"1816581","USW00013841",69.5,48.2
"1816582","USW00013841",69.8,48.6
"1816583","USW00013841",70.1,49
"1816584","USW00013841",70.4,49.4
"1816585","USW00013841",70.7,49.8
"1816586","USW00013841",71,50.3
"1816587","USW00013841",71.4,50.7
"1816588","USW00013841",71.7,51.1
"1816589","USW00013841",72,51.5
"1816590","USW00013841",72.3,51.9
"1816591","USW00013841",72.6,52.2
"1816592","USW00013841",73,52.6
"1816593","USW00013841",73.3,53
"1816594","USW00013841",73.6,53.4
"1816595","USW00013841",73.9,53.8
"1816596","USW00013841",74.2,54.1
"1816597","USW00013841",74.6,54.5
"1816598","USW00013841",74.9,54.8
"1816599","USW00013841",75.2,55.2
"1816600","USW00013841",75.5,55.5
"1816601","USW00013841",75.8,55.8
"1816602","USW00013841",76.1,56.1
"1816603","USW00013841",76.5,56.4
"1816604","USW00013841",76.8,56.7
"1816605","USW00013841",77.1,57
"1816606","USW00013841",77.4,57.3
"1816607","USW00013841",77.7,57.6
"1816608","USW00013841",78,57.8
"1816609","USW00013841",78.2,58.1
"1816610","USW00013841",78.5,58.3
"1816611","USW00013841",78.8,58.6
"1816612","USW00013841",79.1,58.8
"1816613","USW00013841",79.3,59
"1816614","USW00013841",79.6,59.2
"1816615","USW00013841",79.8,59.4
"1816616","USW00013841",80.1,59.6
"1816617","USW00013841",80.3,59.8
"1816618","USW00013841",80.6,60
"1816619","USW00013841",80.8,60.2
"1816620","USW00013841",81,60.4
"1816621","USW00013841",81.2,60.6
"1816622","USW00013841",81.4,60.7
"1816623","USW00013841",81.6,60.9
"1816624","USW00013841",81.8,61
"1816625","USW00013841",82,61.2
"1816626","USW00013841",82.2,61.3
"1816627","USW00013841",82.3,61.5
"1816628","USW00013841",82.5,61.6
"1816629","USW00013841",82.6,61.8
"1816630","USW00013841",82.8,61.9
"1816631","USW00013841",82.9,62
"1816632","USW00013841",83,62.1
"1816633","USW00013841",83.2,62.3
"1816634","USW00013841",83.3,62.4
"1816635","USW00013841",83.4,62.5
"1816636","USW00013841",83.5,62.6
"1816637","USW00013841",83.6,62.7
"1816638","USW00013841",83.7,62.8
"1816639","USW00013841",83.8,62.9
"1816640","USW00013841",83.8,63
"1816641","USW00013841",83.9,63.1
"1816642","USW00013841",84,63.2
"1816643","USW00013841",84,63.3
"1816644","USW00013841",84.1,63.4
"1816645","USW00013841",84.1,63.5
"1816646","USW00013841",84.2,63.6
"1816647","USW00013841",84.2,63.6
"1816648","USW00013841",84.2,63.7
"1816649","USW00013841",84.3,63.8
"1816650","USW00013841",84.3,63.8
"1816651","USW00013841",84.3,63.9
"1816652","USW00013841",84.3,63.9
"1816653","USW00013841",84.3,64
"1816654","USW00013841",84.3,64
"1816655","USW00013841",84.3,64
"1816656","USW00013841",84.3,64
"1816657","USW00013841",84.3,64.1
"1816658","USW00013841",84.3,64.1
"1816659","USW00013841",84.3,64.1
"1816660","USW00013841",84.3,64.1
"1816661","USW00013841",84.3,64.1
"1816662","USW00013841",84.3,64
"1816663","USW00013841",84.2,64
"1816664","USW00013841",84.2,64
"1816665","USW00013841",84.2,64
"1816666","USW00013841",84.2,63.9
"1816667","USW00013841",84.2,63.9
"1816668","USW00013841",84.1,63.8
"1816669","USW00013841",84.1,63.8
"1816670","USW00013841",84.1,63.7
"1816671","USW00013841",84,63.6
"1816672","USW00013841",84,63.5
"1816673","USW00013841",84,63.5
"1816674","USW00013841",83.9,63.4
"1816675","USW00013841",83.9,63.3
"1816676","USW00013841",83.9,63.2
"1816677","USW00013841",83.8,63.1
"1816678","USW00013841",83.8,63
"1816679","USW00013841",83.7,62.8
"1816680","USW00013841",83.7,62.7
"1816681","USW00013841",83.7,62.6
"1816682","USW00013841",83.6,62.5
"1816683","USW00013841",83.6,62.3
"1816684","USW00013841",83.5,62.2
"1816685","USW00013841",83.5,62
"1816686","USW00013841",83.4,61.9
"1816687","USW00013841",83.3,61.8
"1816688","USW00013841",83.3,61.6
"1816689","USW00013841",83.2,61.4
"1816690","USW00013841",83.1,61.3
"1816691","USW00013841",83.1,61.1
"1816692","USW00013841",83,60.9
"1816693","USW00013841",82.9,60.8
"1816694","USW00013841",82.8,60.6
"1816695","USW00013841",82.7,60.4
"1816696","USW00013841",82.6,60.3
"1816697","USW00013841",82.5,60.1
"1816698","USW00013841",82.4,59.9
"1816699","USW00013841",82.3,59.7
"1816700","USW00013841",82.2,59.5
"1816701","USW00013841",82,59.3
"1816702","USW00013841",81.9,59.1
"1816703","USW00013841",81.7,58.9
"1816704","USW00013841",81.6,58.7
"1816705","USW00013841",81.4,58.5
"1816706","USW00013841",81.2,58.3
"1816707","USW00013841",81,58
"1816708","USW00013841",80.8,57.8
"1816709","USW00013841",80.6,57.6
"1816710","USW00013841",80.4,57.3
"1816711","USW00013841",80.2,57.1
"1816712","USW00013841",79.9,56.9
"1816713","USW00013841",79.7,56.6
"1816714","USW00013841",79.4,56.4
"1816715","USW00013841",79.1,56.1
"1816716","USW00013841",78.9,55.8
"1816717","USW00013841",78.6,55.6
"1816718","USW00013841",78.2,55.3
"1816719","USW00013841",77.9,55
"1816720","USW00013841",77.6,54.7
"1816721","USW00013841",77.3,54.4
"1816722","USW00013841",76.9,54.1
"1816723","USW00013841",76.5,53.8
"1816724","USW00013841",76.2,53.5
"1816725","USW00013841",75.8,53.2
"1816726","USW00013841",75.4,52.8
"1816727","USW00013841",75,52.5
"1816728","USW00013841",74.6,52.2
"1816729","USW00013841",74.2,51.8
"1816730","USW00013841",73.7,51.5
"1816731","USW00013841",73.3,51.1
"1816732","USW00013841",72.9,50.7
"1816733","USW00013841",72.4,50.4
"1816734","USW00013841",72,50
"1816735","USW00013841",71.5,49.6
"1816736","USW00013841",71.1,49.3
"1816737","USW00013841",70.6,48.9
"1816738","USW00013841",70.1,48.5
"1816739","USW00013841",69.7,48.1
"1816740","USW00013841",69.2,47.7
"1816741","USW00013841",68.7,47.3
"1816742","USW00013841",68.2,46.9
"1816743","USW00013841",67.7,46.5
"1816744","USW00013841",67.3,46.1
"1816745","USW00013841",66.8,45.7
"1816746","USW00013841",66.3,45.2
"1816747","USW00013841",65.8,44.8
"1816748","USW00013841",65.3,44.4
"1816749","USW00013841",64.9,44
"1816750","USW00013841",64.4,43.6
"1816751","USW00013841",63.9,43.2
"1816752","USW00013841",63.5,42.8
"1816753","USW00013841",63,42.3
"1816754","USW00013841",62.5,41.9
"1816755","USW00013841",62.1,41.5
"1816756","USW00013841",61.6,41.1
"1816757","USW00013841",61.2,40.7
"1816758","USW00013841",60.7,40.3
"1816759","USW00013841",60.3,39.9
"1816760","USW00013841",59.8,39.5
"1816761","USW00013841",59.4,39.1
"1816762","USW00013841",59,38.7
"1816763","USW00013841",58.5,38.4
"1816764","USW00013841",58.1,38
"1816765","USW00013841",57.7,37.6
"1816766","USW00013841",57.3,37.3
"1816767","USW00013841",56.8,36.9
"1816768","USW00013841",56.4,36.6
"1816769","USW00013841",56,36.2
"1816770","USW00013841",55.6,35.9
"1816771","USW00013841",55.2,35.5
"1816772","USW00013841",54.8,35.2
"1816773","USW00013841",54.4,34.9
"1816774","USW00013841",54,34.6
"1816775","USW00013841",53.7,34.3
"1816776","USW00013841",53.3,34
"1816777","USW00013841",52.9,33.7
"1816778","USW00013841",52.5,33.4
"1816779","USW00013841",52.1,33.2
"1816780","USW00013841",51.7,32.9
"1816781","USW00013841",51.4,32.7
"1816782","USW00013841",51,32.4
"1816783","USW00013841",50.6,32.2
"1816784","USW00013841",50.3,32
"1816785","USW00013841",49.9,31.7
"1816786","USW00013841",49.5,31.5
"1816787","USW00013841",49.2,31.3
"1816788","USW00013841",48.8,31.1
"1816789","USW00013841",48.4,30.9
"1816790","USW00013841",48.1,30.7
"1816791","USW00013841",47.7,30.6
"1816792","USW00013841",47.4,30.4
"1816793","USW00013841",47,30.2
"1816794","USW00013841",46.7,30
"1816795","USW00013841",46.4,29.9
"1816796","USW00013841",46,29.7
"1816797","USW00013841",45.7,29.6
"1816798","USW00013841",45.4,29.4
"1816799","USW00013841",45,29.3
"1816800","USW00013841",44.7,29.1
"1816801","USW00013841",44.4,29
"1816802","USW00013841",44.1,28.8
"1816803","USW00013841",43.8,28.7
"1816804","USW00013841",43.5,28.5
"1816805","USW00013841",43.2,28.4
"1816806","USW00013841",42.9,28.2
"1816807","USW00013841",42.6,28.1
"1816808","USW00013841",42.3,27.9
"1816809","USW00013841",42,27.8
"1816810","USW00013841",41.8,27.6
"1816811","USW00013841",41.5,27.5
"1816812","USW00013841",41.3,27.3
"1816813","USW00013841",41,27.2
"1816814","USW00013841",40.8,27
"1816815","USW00013841",40.6,26.8
"1816816","USW00013841",40.3,26.6
"1816817","USW00013841",40.1,26.5
"1816818","USW00013841",39.9,26.3
"1816819","USW00013841",39.7,26.1
"1816820","USW00013841",39.5,25.9
"1816821","USW00013841",39.3,25.7
"1816822","USW00013841",39.1,25.5
"1816823","USW00013841",39,25.3
"1816824","USW00013841",38.8,25.1
"1821583","USW00013881",53.4,33.3
"1821584","USW00013881",53.2,33.1
"1821585","USW00013881",53.1,32.9
"1821586","USW00013881",52.9,32.7
"1821587","USW00013881",52.8,32.5
"1821588","USW00013881",52.7,32.3
"1821589","USW00013881",52.6,32.1
"1821590","USW00013881",52.5,32
"1821591","USW00013881",52.4,31.8
"1821592","USW00013881",52.3,31.7
"1821593","USW00013881",52.2,31.5
"1821594","USW00013881",52.2,31.4
"1821595","USW00013881",52.1,31.3
"1821596","USW00013881",52.1,31.2
"1821597","USW00013881",52.1,31.2
"1821598","USW00013881",52.1,31.1
"1821599","USW00013881",52.1,31.1
"1821600","USW00013881",52.1,31.1
"1821601","USW00013881",52.2,31.1
"1821602","USW00013881",52.2,31.1
"1821603","USW00013881",52.3,31.1
"1821604","USW00013881",52.4,31.1
"1821605","USW00013881",52.5,31.2
"1821606","USW00013881",52.6,31.2
"1821607","USW00013881",52.7,31.3
"1821608","USW00013881",52.8,31.4
"1821609","USW00013881",52.9,31.5
"1821610","USW00013881",53.1,31.7
"1821611","USW00013881",53.3,31.8
"1821612","USW00013881",53.4,32
"1821613","USW00013881",53.6,32.1
"1821614","USW00013881",53.8,32.3
"1821615","USW00013881",54,32.5
"1821616","USW00013881",54.2,32.7
"1821617","USW00013881",54.4,32.9
"1821618","USW00013881",54.6,33.1
"1821619","USW00013881",54.8,33.3
"1821620","USW00013881",55.1,33.5
"1821621","USW00013881",55.3,33.7
"1821622","USW00013881",55.5,33.9
"1821623","USW00013881",55.8,34.2
"1821624","USW00013881",56,34.4
"1821625","USW00013881",56.2,34.6
"1821626","USW00013881",56.5,34.8
"1821627","USW00013881",56.7,35.1
"1821628","USW00013881",57,35.3
"1821629","USW00013881",57.2,35.5
"1821630","USW00013881",57.5,35.8
"1821631","USW00013881",57.7,36
"1821632","USW00013881",58,36.2
"1821633","USW00013881",58.2,36.5
"1821634","USW00013881",58.5,36.7
"1821635","USW00013881",58.7,36.9
"1821636","USW00013881",59,37.1
"1821637","USW00013881",59.2,37.3
"1821638","USW00013881",59.5,37.5
"1821639","USW00013881",59.7,37.8
"1821640","USW00013881",60,38
"1821641","USW00013881",60.2,38.2
"1821642","USW00013881",60.4,38.3
"1821643","USW00013881",60.5,38.4
"1821644","USW00013881",60.7,38.6
"1821645","USW00013881",61,38.8
"1821646","USW00013881",61.3,39
"1821647","USW00013881",61.5,39.2
"1821648","USW00013881",61.8,39.4
"1821649","USW00013881",62.1,39.6
"1821650","USW00013881",62.3,39.8
"1821651","USW00013881",62.6,40
"1821652","USW00013881",62.9,40.2
"1821653","USW00013881",63.1,40.4
"1821654","USW00013881",63.4,40.6
"1821655","USW00013881",63.7,40.8
"1821656","USW00013881",64,41.1
"1821657","USW00013881",64.3,41.3
"1821658","USW00013881",64.6,41.5
"1821659","USW00013881",64.9,41.7
"1821660","USW00013881",65.2,41.9
"1821661","USW00013881",65.5,42.2
"1821662","USW00013881",65.8,42.4
"1821663","USW00013881",66.1,42.6
"1821664","USW00013881",66.4,42.9
"1821665","USW00013881",66.7,43.1
"1821666","USW00013881",67,43.4
"1821667","USW00013881",67.4,43.6
"1821668","USW00013881",67.7,43.9
"1821669","USW00013881",68,44.1
"1821670","USW00013881",68.3,44.4
"1821671","USW00013881",68.7,44.6
"1821672","USW00013881",69,44.9
"1821673","USW00013881",69.3,45.2
"1821674","USW00013881",69.6,45.5
"1821675","USW00013881",69.9,45.7
"1821676","USW00013881",70.3,46
"1821677","USW00013881",70.6,46.3
"1821678","USW00013881",70.9,46.6
"1821679","USW00013881",71.2,46.9
"1821680","USW00013881",71.5,47.1
"1821681","USW00013881",71.8,47.4
"1821682","USW00013881",72.1,47.7
"1821683","USW00013881",72.4,48
"1821684","USW00013881",72.7,48.3
"1821685","USW00013881",72.9,48.6
"1821686","USW00013881",73.2,48.9
"1821687","USW00013881",73.5,49.2
"1821688","USW00013881",73.8,49.4
"1821689","USW00013881",74,49.7
"1821690","USW00013881",74.3,50
"1821691","USW00013881",74.5,50.3
"1821692","USW00013881",74.8,50.6
"1821693","USW00013881",75,50.9
"1821694","USW00013881",75.2,51.2
"1821695","USW00013881",75.5,51.5
"1821696","USW00013881",75.7,51.8
"1821697","USW00013881",75.9,52.1
"1821698","USW00013881",76.1,52.3
"1821699","USW00013881",76.3,52.6
"1821700","USW00013881",76.5,52.9
"1821701","USW00013881",76.7,53.2
"1821702","USW00013881",76.9,53.5
"1821703","USW00013881",77.2,53.8
"1821704","USW00013881",77.4,54.1
"1821705","USW00013881",77.6,54.4
"1821706","USW00013881",77.8,54.7
"1821707","USW00013881",78,55
"1821708","USW00013881",78.2,55.3
"1821709","USW00013881",78.4,55.6
"1821710","USW00013881",78.6,55.9
"1821711","USW00013881",78.8,56.2
"1821712","USW00013881",79,56.5
"1821713","USW00013881",79.2,56.8
"1821714","USW00013881",79.4,57.1
"1821715","USW00013881",79.6,57.4
"1821716","USW00013881",79.8,57.7
"1821717","USW00013881",80.1,58
"1821718","USW00013881",80.3,58.4
"1821719","USW00013881",80.5,58.7
"1821720","USW00013881",80.8,59
"1821721","USW00013881",81,59.3
"1821722","USW00013881",81.3,59.6
"1821723","USW00013881",81.5,59.9
"1821724","USW00013881",81.8,60.3
"1821725","USW00013881",82.1,60.6
"1821726","USW00013881",82.3,60.9
"1821727","USW00013881",82.6,61.2
"1821728","USW00013881",82.9,61.5
"1821729","USW00013881",83.1,61.8
"1821730","USW00013881",83.4,62.2
"1821731","USW00013881",83.7,62.5
"1821732","USW00013881",84,62.8
"1821733","USW00013881",84.3,63.1
"1821734","USW00013881",84.6,63.4
"1821735","USW00013881",84.8,63.7
"1821736","USW00013881",85.1,64
"1821737","USW00013881",85.4,64.2
"1821738","USW00013881",85.7,64.5
"1821739","USW00013881",85.9,64.8
"1821740","USW00013881",86.2,65
"1821741","USW00013881",86.5,65.3
"1821742","USW00013881",86.8,65.6
"1821743","USW00013881",87,65.8
"1821744","USW00013881",87.3,66
"1821745","USW00013881",87.5,66.3
"1821746","USW00013881",87.7,66.5
"1821747","USW00013881",88,66.7
"1821748","USW00013881",88.2,66.9
"1821749","USW00013881",88.4,67.1
"1821750","USW00013881",88.6,67.3
"1821751","USW00013881",88.8,67.5
"1821752","USW00013881",89,67.6
"1821753","USW00013881",89.2,67.8
"1821754","USW00013881",89.3,68
"1821755","USW00013881",89.5,68.1
"1821756","USW00013881",89.6,68.2
"1821757","USW00013881",89.8,68.4
"1821758","USW00013881",89.9,68.5
"1821759","USW00013881",90,68.6
"1821760","USW00013881",90.1,68.7
"1821761","USW00013881",90.3,68.8
"1821762","USW00013881",90.3,68.9
"1821763","USW00013881",90.4,69
"1821764","USW00013881",90.5,69.1
"1821765","USW00013881",90.6,69.2
"1821766","USW00013881",90.6,69.3
"1821767","USW00013881",90.7,69.4
"1821768","USW00013881",90.7,69.4
"1821769","USW00013881",90.8,69.5
"1821770","USW00013881",90.8,69.6
"1821771","USW00013881",90.8,69.6
"1821772","USW00013881",90.9,69.7
"1821773","USW00013881",90.9,69.8
"1821774","USW00013881",90.9,69.8
"1821775","USW00013881",90.9,69.9
"1821776","USW00013881",90.9,69.9
"1821777","USW00013881",90.9,70
"1821778","USW00013881",90.9,70
"1821779","USW00013881",90.9,70.1
"1821780","USW00013881",90.9,70.1
"1821781","USW00013881",90.9,70.1
"1821782","USW00013881",90.9,70.2
"1821783","USW00013881",90.9,70.2
"1821784","USW00013881",90.9,70.2
"1821785","USW00013881",90.8,70.3
"1821786","USW00013881",90.8,70.3
"1821787","USW00013881",90.8,70.3
"1821788","USW00013881",90.8,70.3
"1821789","USW00013881",90.8,70.4
"1821790","USW00013881",90.8,70.4
"1821791","USW00013881",90.7,70.4
"1821792","USW00013881",90.7,70.4
"1821793","USW00013881",90.7,70.4
"1821794","USW00013881",90.7,70.4
"1821795","USW00013881",90.6,70.4
"1821796","USW00013881",90.6,70.4
"1821797","USW00013881",90.6,70.4
"1821798","USW00013881",90.5,70.4
"1821799","USW00013881",90.5,70.4
"1821800","USW00013881",90.4,70.3
"1821801","USW00013881",90.4,70.3
"1821802","USW00013881",90.3,70.3
"1821803","USW00013881",90.3,70.2
"1821804","USW00013881",90.2,70.2
"1821805","USW00013881",90.1,70.1
"1821806","USW00013881",90.1,70
"1821807","USW00013881",90,70
"1821808","USW00013881",89.9,69.9
"1821809","USW00013881",89.8,69.8
"1821810","USW00013881",89.7,69.7
"1821811","USW00013881",89.6,69.6
"1821812","USW00013881",89.5,69.5
"1821813","USW00013881",89.4,69.4
"1821814","USW00013881",89.3,69.3
"1821815","USW00013881",89.2,69.2
"1821816","USW00013881",89,69.1
"1821817","USW00013881",88.9,69
"1821818","USW00013881",88.8,68.8
"1821819","USW00013881",88.6,68.7
"1821820","USW00013881",88.5,68.5
"1821821","USW00013881",88.3,68.4
"1821822","USW00013881",88.1,68.2
"1821823","USW00013881",88,68.1
"1821824","USW00013881",87.8,67.9
"1821825","USW00013881",87.6,67.7
"1821826","USW00013881",87.4,67.5
"1821827","USW00013881",87.2,67.4
"1821828","USW00013881",87,67.2
"1821829","USW00013881",86.8,67
"1821830","USW00013881",86.6,66.8
"1821831","USW00013881",86.4,66.6
"1821832","USW00013881",86.2,66.3
"1821833","USW00013881",85.9,66.1
"1821834","USW00013881",85.7,65.9
"1821835","USW00013881",85.5,65.7
"1821836","USW00013881",85.3,65.4
"1821837","USW00013881",85,65.2
"1821838","USW00013881",84.8,64.9
"1821839","USW00013881",84.6,64.7
"1821840","USW00013881",84.3,64.4
"1821841","USW00013881",84.1,64.2
"1821842","USW00013881",83.8,63.9
"1821843","USW00013881",83.6,63.6
"1821844","USW00013881",83.3,63.3
"1821845","USW00013881",83,63
"1821846","USW00013881",82.8,62.7
"1821847","USW00013881",82.5,62.3
"1821848","USW00013881",82.2,62
"1821849","USW00013881",81.9,61.7
"1821850","USW00013881",81.7,61.3
"1821851","USW00013881",81.4,60.9
"1821852","USW00013881",81.1,60.5
"1821853","USW00013881",80.8,60.2
"1821854","USW00013881",80.5,59.7
"1821855","USW00013881",80.2,59.3
"1821856","USW00013881",79.9,58.9
"1821857","USW00013881",79.6,58.5
"1821858","USW00013881",79.2,58
"1821859","USW00013881",78.9,57.6
"1821860","USW00013881",78.6,57.1
"1821861","USW00013881",78.2,56.6
"1821862","USW00013881",77.9,56.1
"1821863","USW00013881",77.5,55.6
"1821864","USW00013881",77.2,55.1
"1821865","USW00013881",76.8,54.6
"1821866","USW00013881",76.5,54.1
"1821867","USW00013881",76.1,53.5
"1821868","USW00013881",75.7,53
"1821869","USW00013881",75.3,52.5
"1821870","USW00013881",74.9,51.9
"1821871","USW00013881",74.5,51.4
"1821872","USW00013881",74.1,50.8
"1821873","USW00013881",73.7,50.3
"1821874","USW00013881",73.3,49.7
"1821875","USW00013881",72.9,49.2
"1821876","USW00013881",72.5,48.6
"1821877","USW00013881",72.1,48.1
"1821878","USW00013881",71.7,47.5
"1821879","USW00013881",71.3,47
"1821880","USW00013881",70.9,46.5
"1821881","USW00013881",70.4,46
"1821882","USW00013881",70,45.5
"1821883","USW00013881",69.6,45
"1821884","USW00013881",69.2,44.5
"1821885","USW00013881",68.8,44
"1821886","USW00013881",68.4,43.5
"1821887","USW00013881",68,43.1
"1821888","USW00013881",67.6,42.7
"1821889","USW00013881",67.2,42.3
"1821890","USW00013881",66.8,41.9
"1821891","USW00013881",66.4,41.5
"1821892","USW00013881",66,41.1
"1821893","USW00013881",65.7,40.8
"1821894","USW00013881",65.3,40.5
"1821895","USW00013881",65,40.2
"1821896","USW00013881",64.6,39.9
"1821897","USW00013881",64.3,39.6
"1821898","USW00013881",64,39.4
"1821899","USW00013881",63.6,39.2
"1821900","USW00013881",63.3,39
"1821901","USW00013881",63,38.8
"1821902","USW00013881",62.7,38.6
"1821903","USW00013881",62.5,38.4
"1821904","USW00013881",62.2,38.3
"1821905","USW00013881",61.9,38.2
"1821906","USW00013881",61.7,38.1
"1821907","USW00013881",61.4,38
"1821908","USW00013881",61.2,37.9
"1821909","USW00013881",60.9,37.8
"1821910","USW00013881",60.7,37.8
"1821911","USW00013881",60.5,37.7
"1821912","USW00013881",60.3,37.7
"1821913","USW00013881",60.1,37.6
"1821914","USW00013881",59.9,37.6
"1821915","USW00013881",59.7,37.5
"1821916","USW00013881",59.5,37.5
"1821917","USW00013881",59.3,37.5
"1821918","USW00013881",59.1,37.5
"1821919","USW00013881",58.9,37.4
"1821920","USW00013881",58.7,37.4
"1821921","USW00013881",58.5,37.3
"1821922","USW00013881",58.3,37.3
"1821923","USW00013881",58.2,37.3
"1821924","USW00013881",58,37.2
"1821925","USW00013881",57.8,37.1
"1821926","USW00013881",57.6,37.1
"1821927","USW00013881",57.4,37
"1821928","USW00013881",57.3,36.9
"1821929","USW00013881",57.1,36.8
"1821930","USW00013881",56.9,36.7
"1821931","USW00013881",56.7,36.6
"1821932","USW00013881",56.5,36.5
"1821933","USW00013881",56.3,36.3
"1821934","USW00013881",56.1,36.2
"1821935","USW00013881",55.9,36
"1821936","USW00013881",55.7,35.9
"1821937","USW00013881",55.6,35.7
"1821938","USW00013881",55.4,35.5
"1821939","USW00013881",55.2,35.3
"1821940","USW00013881",55,35.1
"1821941","USW00013881",54.8,34.9
"1821942","USW00013881",54.6,34.7
"1821943","USW00013881",54.4,34.5
"1821944","USW00013881",54.2,34.3
"1821945","USW00013881",54,34.1
"1821946","USW00013881",53.9,33.9
"1821947","USW00013881",53.7,33.7
"1821948","USW00013881",53.5,33.5
"1832929","USW00013968",49.1,28.4
"1832930","USW00013968",49.1,28.3
"1832931","USW00013968",49.2,28.3
"1832932","USW00013968",49.2,28.2
"1832933","USW00013968",49.3,28.2
"1832934","USW00013968",49.4,28.2
"1832935","USW00013968",49.4,28.1
"1832936","USW00013968",49.5,28.1
"1832937","USW00013968",49.6,28.1
"1832938","USW00013968",49.7,28
"1832939","USW00013968",49.7,28
"1832940","USW00013968",49.8,28
"1832941","USW00013968",49.9,28
"1832942","USW00013968",50,27.9
"1832943","USW00013968",50,27.9
"1832944","USW00013968",50.1,27.9
"1832945","USW00013968",50.2,27.9
"1832946","USW00013968",50.2,27.9
"1832947","USW00013968",50.3,27.9
"1832948","USW00013968",50.3,27.8
"1832949","USW00013968",50.4,27.8
"1832950","USW00013968",50.4,27.8
"1832951","USW00013968",50.4,27.8
"1832952","USW00013968",50.5,27.8
"1832953","USW00013968",50.5,27.8
"1832954","USW00013968",50.6,27.9
"1832955","USW00013968",50.6,27.9
"1832956","USW00013968",50.6,27.9
"1832957","USW00013968",50.6,27.9
"1832958","USW00013968",50.7,28
"1832959","USW00013968",50.7,28
"1832960","USW00013968",50.8,28.1
"1832961","USW00013968",50.8,28.2
"1832962","USW00013968",50.9,28.3
"1832963","USW00013968",50.9,28.4
"1832964","USW00013968",51,28.5
"1832965","USW00013968",51.1,28.6
"1832966","USW00013968",51.2,28.7
"1832967","USW00013968",51.3,28.9
"1832968","USW00013968",51.4,29
"1832969","USW00013968",51.6,29.2
"1832970","USW00013968",51.7,29.4
"1832971","USW00013968",51.9,29.6
"1832972","USW00013968",52.1,29.9
"1832973","USW00013968",52.3,30.1
"1832974","USW00013968",52.5,30.4
"1832975","USW00013968",52.8,30.7
"1832976","USW00013968",53,31
"1832977","USW00013968",53.3,31.3
"1832978","USW00013968",53.6,31.7
"1832979","USW00013968",54,32
"1832980","USW00013968",54.3,32.4
"1832981","USW00013968",54.7,32.8
"1832982","USW00013968",55.1,33.2
"1832983","USW00013968",55.5,33.6
"1832984","USW00013968",55.9,34
"1832985","USW00013968",56.3,34.4
"1832986","USW00013968",56.8,34.9
"1832987","USW00013968",57.2,35.3
"1832988","USW00013968",57.5,35.5
"1832989","USW00013968",57.7,35.8
"1832990","USW00013968",58.2,36.2
"1832991","USW00013968",58.7,36.7
"1832992","USW00013968",59.2,37.2
"1832993","USW00013968",59.7,37.7
"1832994","USW00013968",60.2,38.1
"1832995","USW00013968",60.7,38.6
"1832996","USW00013968",61.2,39.1
"1832997","USW00013968",61.8,39.6
"1832998","USW00013968",62.3,40
"1832999","USW00013968",62.8,40.5
"1833000","USW00013968",63.3,40.9
"1833001","USW00013968",63.8,41.4
"1833002","USW00013968",64.3,41.8
"1833003","USW00013968",64.8,42.2
"1833004","USW00013968",65.2,42.6
"1833005","USW00013968",65.7,43.1
"1833006","USW00013968",66.2,43.4
"1833007","USW00013968",66.6,43.8
"1833008","USW00013968",67,44.2
"1833009","USW00013968",67.4,44.5
"1833010","USW00013968",67.8,44.8
"1833011","USW00013968",68.2,45.2
"1833012","USW00013968",68.5,45.5
"1833013","USW00013968",68.8,45.7
"1833014","USW00013968",69.2,46
"1833015","USW00013968",69.4,46.3
"1833016","USW00013968",69.7,46.5
"1833017","USW00013968",70,46.7
"1833018","USW00013968",70.2,46.9
"1833019","USW00013968",70.4,47.1
"1833020","USW00013968",70.6,47.3
"1833021","USW00013968",70.8,47.5
"1833022","USW00013968",71,47.7
"1833023","USW00013968",71.1,47.8
"1833024","USW00013968",71.3,48
"1833025","USW00013968",71.4,48.1
"1833026","USW00013968",71.5,48.3
"1833027","USW00013968",71.6,48.4
"1833028","USW00013968",71.7,48.5
"1833029","USW00013968",71.8,48.7
"1833030","USW00013968",71.9,48.8
"1833031","USW00013968",72,48.9
"1833032","USW00013968",72.1,49.1
"1833033","USW00013968",72.2,49.2
"1833034","USW00013968",72.3,49.4
"1833035","USW00013968",72.4,49.5
"1833036","USW00013968",72.4,49.7
"1833037","USW00013968",72.5,49.9
"1833038","USW00013968",72.6,50
"1833039","USW00013968",72.7,50.2
"1833040","USW00013968",72.9,50.4
"1833041","USW00013968",73,50.7
"1833042","USW00013968",73.1,50.9
"1833043","USW00013968",73.3,51.1
"1833044","USW00013968",73.4,51.4
"1833045","USW00013968",73.6,51.7
"1833046","USW00013968",73.8,52
"1833047","USW00013968",74,52.3
"1833048","USW00013968",74.2,52.6
"1833049","USW00013968",74.4,52.9
"1833050","USW00013968",74.7,53.2
"1833051","USW00013968",74.9,53.6
"1833052","USW00013968",75.2,54
"1833053","USW00013968",75.5,54.4
"1833054","USW00013968",75.8,54.8
"1833055","USW00013968",76.1,55.2
"1833056","USW00013968",76.4,55.6
"1833057","USW00013968",76.7,56
"1833058","USW00013968",77.1,56.5
"1833059","USW00013968",77.4,56.9
"1833060","USW00013968",77.8,57.4
"1833061","USW00013968",78.2,57.8
"1833062","USW00013968",78.6,58.3
"1833063","USW00013968",78.9,58.8
"1833064","USW00013968",79.3,59.2
"1833065","USW00013968",79.7,59.7
"1833066","USW00013968",80.1,60.2
"1833067","USW00013968",80.6,60.6
"1833068","USW00013968",81,61.1
"1833069","USW00013968",81.4,61.6
"1833070","USW00013968",81.8,62
"1833071","USW00013968",82.2,62.5
"1833072","USW00013968",82.6,62.9
"1833073","USW00013968",83,63.4
"1833074","USW00013968",83.4,63.8
"1833075","USW00013968",83.8,64.2
"1833076","USW00013968",84.2,64.6
"1833077","USW00013968",84.6,65
"1833078","USW00013968",85,65.4
"1833079","USW00013968",85.3,65.8
"1833080","USW00013968",85.7,66.2
"1833081","USW00013968",86.1,66.6
"1833082","USW00013968",86.4,66.9
"1833083","USW00013968",86.7,67.2
"1833084","USW00013968",87.1,67.6
"1833085","USW00013968",87.4,67.9
"1833086","USW00013968",87.7,68.2
"1833087","USW00013968",88,68.5
"1833088","USW00013968",88.3,68.7
"1833089","USW00013968",88.6,69
"1833090","USW00013968",88.8,69.3
"1833091","USW00013968",89.1,69.5
"1833092","USW00013968",89.4,69.7
"1833093","USW00013968",89.6,69.9
"1833094","USW00013968",89.9,70.1
"1833095","USW00013968",90.1,70.3
"1833096","USW00013968",90.3,70.5
"1833097","USW00013968",90.5,70.7
"1833098","USW00013968",90.7,70.9
"1833099","USW00013968",90.9,71
"1833100","USW00013968",91.1,71.2
"1833101","USW00013968",91.3,71.3
"1833102","USW00013968",91.5,71.5
"1833103","USW00013968",91.7,71.6
"1833104","USW00013968",91.8,71.8
"1833105","USW00013968",92,71.9
"1833106","USW00013968",92.1,72
"1833107","USW00013968",92.3,72.1
"1833108","USW00013968",92.4,72.2
"1833109","USW00013968",92.6,72.3
"1833110","USW00013968",92.7,72.4
"1833111","USW00013968",92.8,72.5
"1833112","USW00013968",93,72.6
"1833113","USW00013968",93.1,72.7
"1833114","USW00013968",93.2,72.8
"1833115","USW00013968",93.3,72.9
"1833116","USW00013968",93.4,73
"1833117","USW00013968",93.5,73.1
"1833118","USW00013968",93.6,73.1
"1833119","USW00013968",93.7,73.2
"1833120","USW00013968",93.8,73.3
"1833121","USW00013968",93.9,73.3
"1833122","USW00013968",93.9,73.4
"1833123","USW00013968",94,73.5
"1833124","USW00013968",94.1,73.5
"1833125","USW00013968",94.2,73.6
"1833126","USW00013968",94.2,73.6
"1833127","USW00013968",94.3,73.6
"1833128","USW00013968",94.3,73.7
"1833129","USW00013968",94.4,73.7
"1833130","USW00013968",94.4,73.7
"1833131","USW00013968",94.4,73.7
"1833132","USW00013968",94.4,73.7
"1833133","USW00013968",94.5,73.7
"1833134","USW00013968",94.5,73.7
"1833135","USW00013968",94.5,73.7
"1833136","USW00013968",94.5,73.7
"1833137","USW00013968",94.5,73.7
"1833138","USW00013968",94.5,73.7
"1833139","USW00013968",94.5,73.6
"1833140","USW00013968",94.4,73.6
"1833141","USW00013968",94.4,73.6
"1833142","USW00013968",94.4,73.5
"1833143","USW00013968",94.3,73.5
"1833144","USW00013968",94.3,73.4
"1833145","USW00013968",94.2,73.3
"1833146","USW00013968",94.2,73.2
"1833147","USW00013968",94.1,73.2
"1833148","USW00013968",94,73.1
"1833149","USW00013968",94,73
"1833150","USW00013968",93.9,72.9
"1833151","USW00013968",93.8,72.7
"1833152","USW00013968",93.7,72.6
"1833153","USW00013968",93.6,72.5
"1833154","USW00013968",93.5,72.4
"1833155","USW00013968",93.4,72.2
"1833156","USW00013968",93.3,72.1
"1833157","USW00013968",93.2,72
"1833158","USW00013968",93,71.8
"1833159","USW00013968",92.9,71.6
"1833160","USW00013968",92.8,71.5
"1833161","USW00013968",92.6,71.3
"1833162","USW00013968",92.5,71.1
"1833163","USW00013968",92.3,70.9
"1833164","USW00013968",92.1,70.7
"1833165","USW00013968",91.9,70.5
"1833166","USW00013968",91.8,70.3
"1833167","USW00013968",91.6,70.1
"1833168","USW00013968",91.4,69.9
"1833169","USW00013968",91.1,69.7
"1833170","USW00013968",90.9,69.4
"1833171","USW00013968",90.7,69.2
"1833172","USW00013968",90.5,69
"1833173","USW00013968",90.2,68.7
"1833174","USW00013968",90,68.4
"1833175","USW00013968",89.7,68.2
"1833176","USW00013968",89.4,67.9
"1833177","USW00013968",89.1,67.6
"1833178","USW00013968",88.8,67.3
"1833179","USW00013968",88.5,67
"1833180","USW00013968",88.2,66.7
"1833181","USW00013968",87.9,66.3
"1833182","USW00013968",87.5,66
"1833183","USW00013968",87.2,65.7
"1833184","USW00013968",86.9,65.3
"1833185","USW00013968",86.5,64.9
"1833186","USW00013968",86.1,64.6
"1833187","USW00013968",85.7,64.2
"1833188","USW00013968",85.4,63.8
"1833189","USW00013968",85,63.4
"1833190","USW00013968",84.6,63
"1833191","USW00013968",84.2,62.6
"1833192","USW00013968",83.8,62.2
"1833193","USW00013968",83.3,61.7
"1833194","USW00013968",82.9,61.3
"1833195","USW00013968",82.5,60.9
"1833196","USW00013968",82.1,60.4
"1833197","USW00013968",81.7,60
"1833198","USW00013968",81.2,59.5
"1833199","USW00013968",80.8,59.1
"1833200","USW00013968",80.4,58.6
"1833201","USW00013968",80,58.1
"1833202","USW00013968",79.5,57.7
"1833203","USW00013968",79.1,57.2
"1833204","USW00013968",78.7,56.7
"1833205","USW00013968",78.3,56.3
"1833206","USW00013968",77.9,55.8
"1833207","USW00013968",77.5,55.3
"1833208","USW00013968",77.1,54.9
"1833209","USW00013968",76.7,54.4
"1833210","USW00013968",76.3,53.9
"1833211","USW00013968",75.9,53.5
"1833212","USW00013968",75.5,53
"1833213","USW00013968",75.1,52.6
"1833214","USW00013968",74.8,52.1
"1833215","USW00013968",74.4,51.7
"1833216","USW00013968",74.1,51.2
"1833217","USW00013968",73.7,50.8
"1833218","USW00013968",73.4,50.4
"1833219","USW00013968",73.1,50
"1833220","USW00013968",72.7,49.5
"1833221","USW00013968",72.4,49.1
"1833222","USW00013968",72.1,48.7
"1833223","USW00013968",71.8,48.3
"1833224","USW00013968",71.5,48
"1833225","USW00013968",71.2,47.6
"1833226","USW00013968",70.9,47.2
"1833227","USW00013968",70.6,46.8
"1833228","USW00013968",70.3,46.5
"1833229","USW00013968",70,46.1
"1833230","USW00013968",69.7,45.8
"1833231","USW00013968",69.4,45.4
"1833232","USW00013968",69.1,45.1
"1833233","USW00013968",68.8,44.7
"1833234","USW00013968",68.4,44.4
"1833235","USW00013968",68.1,44
"1833236","USW00013968",67.8,43.7
"1833237","USW00013968",67.5,43.4
"1833238","USW00013968",67.1,43.1
"1833239","USW00013968",66.8,42.7
"1833240","USW00013968",66.4,42.4
"1833241","USW00013968",66.1,42.1
"1833242","USW00013968",65.7,41.8
"1833243","USW00013968",65.3,41.4
"1833244","USW00013968",64.9,41.1
"1833245","USW00013968",64.5,40.8
"1833246","USW00013968",64.1,40.4
"1833247","USW00013968",63.7,40.1
"1833248","USW00013968",63.3,39.8
"1833249","USW00013968",62.9,39.5
"1833250","USW00013968",62.4,39.1
"1833251","USW00013968",62,38.8
"1833252","USW00013968",61.5,38.5
"1833253","USW00013968",61,38.1
"1833254","USW00013968",60.6,37.8
"1833255","USW00013968",60.1,37.5
"1833256","USW00013968",59.6,37.1
"1833257","USW00013968",59.1,36.8
"1833258","USW00013968",58.7,36.4
"1833259","USW00013968",58.2,36.1
"1833260","USW00013968",57.7,35.8
"1833261","USW00013968",57.2,35.4
"1833262","USW00013968",56.7,35.1
"1833263","USW00013968",56.3,34.8
"1833264","USW00013968",55.8,34.5
"1833265","USW00013968",55.3,34.1
"1833266","USW00013968",54.9,33.8
"1833267","USW00013968",54.4,33.5
"1833268","USW00013968",54,33.2
"1833269","USW00013968",53.6,32.9
"1833270","USW00013968",53.2,32.6
"1833271","USW00013968",52.8,32.3
"1833272","USW00013968",52.4,32.1
"1833273","USW00013968",52.1,31.8
"1833274","USW00013968",51.7,31.6
"1833275","USW00013968",51.4,31.3
"1833276","USW00013968",51.1,31.1
"1833277","USW00013968",50.8,30.8
"1833278","USW00013968",50.6,30.6
"1833279","USW00013968",50.3,30.4
"1833280","USW00013968",50.1,30.2
"1833281","USW00013968",49.9,30
"1833282","USW00013968",49.7,29.8
"1833283","USW00013968",49.6,29.7
"1833284","USW00013968",49.4,29.5
"1833285","USW00013968",49.3,29.4
"1833286","USW00013968",49.2,29.2
"1833287","USW00013968",49.1,29.1
"1833288","USW00013968",49.1,29
"1833289","USW00013968",49,28.9
"1833290","USW00013968",49,28.8
"1833291","USW00013968",49,28.7
"1833292","USW00013968",49,28.6
"1833293","USW00013968",49,28.5
"1833294","USW00013968",49,28.5
"1833661","USW00013970",62.9,42.3
"1833662","USW00013970",62.8,42.2
"1833663","USW00013970",62.7,42
"1833664","USW00013970",62.6,41.9
"1833665","USW00013970",62.5,41.8
"1833666","USW00013970",62.5,41.6
"1833667","USW00013970",62.4,41.5
"1833668","USW00013970",62.4,41.4
"1833669","USW00013970",62.3,41.3
"1833670","USW00013970",62.3,41.2
"1833671","USW00013970",62.3,41.1
"1833672","USW00013970",62.3,41
"1833673","USW00013970",62.3,40.9
"1833674","USW00013970",62.3,40.9
"1833675","USW00013970",62.4,40.8
"1833676","USW00013970",62.4,40.8
"1833677","USW00013970",62.5,40.8
"1833678","USW00013970",62.5,40.8
"1833679","USW00013970",62.6,40.8
"1833680","USW00013970",62.7,40.8
"1833681","USW00013970",62.8,40.8
"1833682","USW00013970",62.9,40.9
"1833683","USW00013970",63,41
"1833684","USW00013970",63.1,41
"1833685","USW00013970",63.2,41.1
"1833686","USW00013970",63.3,41.2
"1833687","USW00013970",63.5,41.4
"1833688","USW00013970",63.6,41.5
"1833689","USW00013970",63.8,41.6
"1833690","USW00013970",64,41.8
"1833691","USW00013970",64.1,42
"1833692","USW00013970",64.3,42.1
"1833693","USW00013970",64.5,42.3
"1833694","USW00013970",64.7,42.5
"1833695","USW00013970",64.9,42.7
"1833696","USW00013970",65.1,43
"1833697","USW00013970",65.3,43.2
"1833698","USW00013970",65.5,43.4
"1833699","USW00013970",65.7,43.7
"1833700","USW00013970",65.9,43.9
"1833701","USW00013970",66.2,44.2
"1833702","USW00013970",66.4,44.4
"1833703","USW00013970",66.6,44.7
"1833704","USW00013970",66.8,44.9
"1833705","USW00013970",67.1,45.2
"1833706","USW00013970",67.3,45.5
"1833707","USW00013970",67.6,45.8
"1833708","USW00013970",67.8,46
"1833709","USW00013970",68.1,46.3
"1833710","USW00013970",68.3,46.6
"1833711","USW00013970",68.6,46.8
"1833712","USW00013970",68.8,47.1
"1833713","USW00013970",69.1,47.3
"1833714","USW00013970",69.3,47.6
"1833715","USW00013970",69.6,47.9
"1833716","USW00013970",69.8,48.1
"1833717","USW00013970",70.1,48.4
"1833718","USW00013970",70.4,48.6
"1833719","USW00013970",70.6,48.9
"1833720","USW00013970",70.8,49
"1833721","USW00013970",70.9,49.1
"1833722","USW00013970",71.2,49.3
"1833723","USW00013970",71.4,49.6
"1833724","USW00013970",71.7,49.8
"1833725","USW00013970",71.9,50
"1833726","USW00013970",72.2,50.2
"1833727","USW00013970",72.5,50.4
"1833728","USW00013970",72.7,50.6
"1833729","USW00013970",73,50.8
"1833730","USW00013970",73.2,51
"1833731","USW00013970",73.5,51.2
"1833732","USW00013970",73.7,51.4
"1833733","USW00013970",74,51.6
"1833734","USW00013970",74.2,51.8
"1833735","USW00013970",74.5,51.9
"1833736","USW00013970",74.7,52.1
"1833737","USW00013970",75,52.3
"1833738","USW00013970",75.2,52.4
"1833739","USW00013970",75.4,52.6
"1833740","USW00013970",75.7,52.8
"1833741","USW00013970",75.9,52.9
"1833742","USW00013970",76.1,53.1
"1833743","USW00013970",76.3,53.3
"1833744","USW00013970",76.5,53.4
"1833745","USW00013970",76.7,53.6
"1833746","USW00013970",76.9,53.7
"1833747","USW00013970",77.1,53.9
"1833748","USW00013970",77.3,54
"1833749","USW00013970",77.5,54.2
"1833750","USW00013970",77.7,54.4
"1833751","USW00013970",77.8,54.5
"1833752","USW00013970",78,54.7
"1833753","USW00013970",78.2,54.8
"1833754","USW00013970",78.3,55
"1833755","USW00013970",78.5,55.2
"1833756","USW00013970",78.6,55.3
"1833757","USW00013970",78.8,55.5
"1833758","USW00013970",78.9,55.7
"1833759","USW00013970",79.1,55.9
"1833760","USW00013970",79.2,56
"1833761","USW00013970",79.3,56.2
"1833762","USW00013970",79.5,56.4
"1833763","USW00013970",79.6,56.6
"1833764","USW00013970",79.7,56.8
"1833765","USW00013970",79.9,57
"1833766","USW00013970",80,57.2
"1833767","USW00013970",80.1,57.4
"1833768","USW00013970",80.3,57.6
"1833769","USW00013970",80.4,57.8
"1833770","USW00013970",80.5,58
"1833771","USW00013970",80.7,58.2
"1833772","USW00013970",80.8,58.4
"1833773","USW00013970",81,58.6
"1833774","USW00013970",81.1,58.9
"1833775","USW00013970",81.3,59.1
"1833776","USW00013970",81.4,59.3
"1833777","USW00013970",81.6,59.6
"1833778","USW00013970",81.8,59.8
"1833779","USW00013970",82,60.1
"1833780","USW00013970",82.1,60.3
"1833781","USW00013970",82.3,60.6
"1833782","USW00013970",82.5,60.9
"1833783","USW00013970",82.7,61.1
"1833784","USW00013970",83,61.4
"1833785","USW00013970",83.2,61.7
"1833786","USW00013970",83.4,61.9
"1833787","USW00013970",83.6,62.2
"1833788","USW00013970",83.9,62.5
"1833789","USW00013970",84.1,62.8
"1833790","USW00013970",84.4,63.1
"1833791","USW00013970",84.6,63.4
"1833792","USW00013970",84.9,63.6
"1833793","USW00013970",85.1,63.9
"1833794","USW00013970",85.4,64.2
"1833795","USW00013970",85.6,64.5
"1833796","USW00013970",85.9,64.8
"1833797","USW00013970",86.2,65.1
"1833798","USW00013970",86.5,65.4
"1833799","USW00013970",86.7,65.7
"1833800","USW00013970",87,66
"1833801","USW00013970",87.3,66.3
"1833802","USW00013970",87.5,66.6
"1833803","USW00013970",87.8,66.9
"1833804","USW00013970",88,67.1
"1833805","USW00013970",88.3,67.4
"1833806","USW00013970",88.5,67.7
"1833807","USW00013970",88.8,68
"1833808","USW00013970",89,68.3
"1833809","USW00013970",89.3,68.5
"1833810","USW00013970",89.5,68.8
"1833811","USW00013970",89.7,69
"1833812","USW00013970",89.9,69.3
"1833813","USW00013970",90.1,69.5
"1833814","USW00013970",90.3,69.8
"1833815","USW00013970",90.5,70
"1833816","USW00013970",90.6,70.2
"1833817","USW00013970",90.8,70.4
"1833818","USW00013970",90.9,70.7
"1833819","USW00013970",91.1,70.9
"1833820","USW00013970",91.2,71.1
"1833821","USW00013970",91.3,71.2
"1833822","USW00013970",91.4,71.4
"1833823","USW00013970",91.5,71.6
"1833824","USW00013970",91.6,71.8
"1833825","USW00013970",91.6,71.9
"1833826","USW00013970",91.7,72.1
"1833827","USW00013970",91.8,72.2
"1833828","USW00013970",91.8,72.3
"1833829","USW00013970",91.9,72.5
"1833830","USW00013970",91.9,72.6
"1833831","USW00013970",91.9,72.7
"1833832","USW00013970",91.9,72.8
"1833833","USW00013970",91.9,72.9
"1833834","USW00013970",91.9,73
"1833835","USW00013970",92,73.1
"1833836","USW00013970",92,73.2
"1833837","USW00013970",91.9,73.2
"1833838","USW00013970",91.9,73.3
"1833839","USW00013970",91.9,73.4
"1833840","USW00013970",91.9,73.4
"1833841","USW00013970",91.9,73.5
"1833842","USW00013970",91.9,73.5
"1833843","USW00013970",91.9,73.6
"1833844","USW00013970",91.9,73.6
"1833845","USW00013970",91.9,73.7
"1833846","USW00013970",91.9,73.7
"1833847","USW00013970",91.9,73.8
"1833848","USW00013970",91.9,73.8
"1833849","USW00013970",91.9,73.8
"1833850","USW00013970",91.9,73.9
"1833851","USW00013970",91.9,73.9
"1833852","USW00013970",91.9,73.9
"1833853","USW00013970",92,74
"1833854","USW00013970",92,74
"1833855","USW00013970",92,74
"1833856","USW00013970",92,74.1
"1833857","USW00013970",92.1,74.1
"1833858","USW00013970",92.1,74.1
"1833859","USW00013970",92.1,74.2
"1833860","USW00013970",92.2,74.2
"1833861","USW00013970",92.2,74.2
"1833862","USW00013970",92.3,74.2
"1833863","USW00013970",92.3,74.3
"1833864","USW00013970",92.4,74.3
"1833865","USW00013970",92.4,74.3
"1833866","USW00013970",92.5,74.3
"1833867","USW00013970",92.5,74.4
"1833868","USW00013970",92.6,74.4
"1833869","USW00013970",92.6,74.4
"1833870","USW00013970",92.7,74.4
"1833871","USW00013970",92.7,74.5
"1833872","USW00013970",92.8,74.5
"1833873","USW00013970",92.8,74.5
"1833874","USW00013970",92.8,74.5
"1833875","USW00013970",92.9,74.5
"1833876","USW00013970",92.9,74.5
"1833877","USW00013970",92.9,74.5
"1833878","USW00013970",92.9,74.5
"1833879","USW00013970",92.9,74.5
"1833880","USW00013970",92.9,74.5
"1833881","USW00013970",92.9,74.5
"1833882","USW00013970",92.9,74.5
"1833883","USW00013970",92.9,74.4
"1833884","USW00013970",92.9,74.4
"1833885","USW00013970",92.9,74.4
"1833886","USW00013970",92.9,74.3
"1833887","USW00013970",92.8,74.3
"1833888","USW00013970",92.8,74.3
"1833889","USW00013970",92.7,74.2
"1833890","USW00013970",92.7,74.2
"1833891","USW00013970",92.6,74.1
"1833892","USW00013970",92.5,74
"1833893","USW00013970",92.5,73.9
"1833894","USW00013970",92.4,73.9
"1833895","USW00013970",92.3,73.8
"1833896","USW00013970",92.2,73.7
"1833897","USW00013970",92.1,73.6
"1833898","USW00013970",92,73.5
"1833899","USW00013970",91.9,73.4
"1833900","USW00013970",91.8,73.3
"1833901","USW00013970",91.7,73.2
"1833902","USW00013970",91.6,73
"1833903","USW00013970",91.5,72.9
"1833904","USW00013970",91.4,72.8
"1833905","USW00013970",91.3,72.6
"1833906","USW00013970",91.2,72.5
"1833907","USW00013970",91,72.3
"1833908","USW00013970",90.9,72.2
"1833909","USW00013970",90.8,72
"1833910","USW00013970",90.7,71.8
"1833911","USW00013970",90.5,71.6
"1833912","USW00013970",90.4,71.5
"1833913","USW00013970",90.3,71.3
"1833914","USW00013970",90.1,71.1
"1833915","USW00013970",90,70.8
"1833916","USW00013970",89.8,70.6
"1833917","USW00013970",89.7,70.4
"1833918","USW00013970",89.6,70.2
"1833919","USW00013970",89.4,69.9
"1833920","USW00013970",89.3,69.7
"1833921","USW00013970",89.1,69.4
"1833922","USW00013970",88.9,69.2
"1833923","USW00013970",88.8,68.9
"1833924","USW00013970",88.6,68.6
"1833925","USW00013970",88.4,68.3
"1833926","USW00013970",88.3,68
"1833927","USW00013970",88.1,67.7
"1833928","USW00013970",87.9,67.4
"1833929","USW00013970",87.7,67
"1833930","USW00013970",87.5,66.7
"1833931","USW00013970",87.3,66.4
"1833932","USW00013970",87.1,66
"1833933","USW00013970",86.9,65.6
"1833934","USW00013970",86.6,65.3
"1833935","USW00013970",86.4,64.9
"1833936","USW00013970",86.1,64.5
"1833937","USW00013970",85.9,64.1
"1833938","USW00013970",85.6,63.7
"1833939","USW00013970",85.4,63.2
"1833940","USW00013970",85.1,62.8
"1833941","USW00013970",84.8,62.4
"1833942","USW00013970",84.5,61.9
"1833943","USW00013970",84.2,61.5
"1833944","USW00013970",83.9,61
"1833945","USW00013970",83.6,60.6
"1833946","USW00013970",83.2,60.1
"1833947","USW00013970",82.9,59.6
"1833948","USW00013970",82.6,59.2
"1833949","USW00013970",82.2,58.7
"1833950","USW00013970",81.9,58.2
"1833951","USW00013970",81.5,57.7
"1833952","USW00013970",81.2,57.3
"1833953","USW00013970",80.8,56.8
"1833954","USW00013970",80.4,56.3
"1833955","USW00013970",80.1,55.9
"1833956","USW00013970",79.7,55.4
"1833957","USW00013970",79.3,54.9
"1833958","USW00013970",79,54.5
"1833959","USW00013970",78.6,54
"1833960","USW00013970",78.2,53.6
"1833961","USW00013970",77.8,53.1
"1833962","USW00013970",77.5,52.7
"1833963","USW00013970",77.1,52.3
"1833964","USW00013970",76.7,51.9
"1833965","USW00013970",76.4,51.5
"1833966","USW00013970",76,51.1
"1833967","USW00013970",75.7,50.7
"1833968","USW00013970",75.3,50.4
"1833969","USW00013970",75,50
"1833970","USW00013970",74.6,49.7
"1833971","USW00013970",74.3,49.4
"1833972","USW00013970",74,49.1
"1833973","USW00013970",73.6,48.8
"1833974","USW00013970",73.3,48.5
"1833975","USW00013970",73,48.3
"1833976","USW00013970",72.7,48
"1833977","USW00013970",72.4,47.8
"1833978","USW00013970",72.1,47.6
"1833979","USW00013970",71.9,47.4
"1833980","USW00013970",71.6,47.2
"1833981","USW00013970",71.3,47
"1833982","USW00013970",71.1,46.9
"1833983","USW00013970",70.8,46.7
"1833984","USW00013970",70.6,46.6
"1833985","USW00013970",70.3,46.5
"1833986","USW00013970",70.1,46.4
"1833987","USW00013970",69.9,46.3
"1833988","USW00013970",69.6,46.2
"1833989","USW00013970",69.4,46.1
"1833990","USW00013970",69.2,46
"1833991","USW00013970",69,45.9
"1833992","USW00013970",68.8,45.9
"1833993","USW00013970",68.6,45.8
"1833994","USW00013970",68.4,45.8
"1833995","USW00013970",68.2,45.7
"1833996","USW00013970",68,45.7
"1833997","USW00013970",67.8,45.6
"1833998","USW00013970",67.6,45.5
"1833999","USW00013970",67.4,45.5
"1834000","USW00013970",67.2,45.4
"1834001","USW00013970",67,45.4
"1834002","USW00013970",66.8,45.3
"1834003","USW00013970",66.7,45.3
"1834004","USW00013970",66.5,45.2
"1834005","USW00013970",66.3,45.1
"1834006","USW00013970",66.1,45.1
"1834007","USW00013970",65.9,45
"1834008","USW00013970",65.7,44.9
"1834009","USW00013970",65.6,44.8
"1834010","USW00013970",65.4,44.7
"1834011","USW00013970",65.2,44.6
"1834012","USW00013970",65,44.5
"1834013","USW00013970",64.9,44.4
"1834014","USW00013970",64.7,44.3
"1834015","USW00013970",64.5,44.1
"1834016","USW00013970",64.4,44
"1834017","USW00013970",64.2,43.9
"1834018","USW00013970",64,43.7
"1834019","USW00013970",63.9,43.6
"1834020","USW00013970",63.7,43.4
"1834021","USW00013970",63.6,43.3
"1834022","USW00013970",63.5,43.1
"1834023","USW00013970",63.3,43
"1834024","USW00013970",63.2,42.8
"1834025","USW00013970",63.1,42.7
"1834026","USW00013970",63,42.5
"1846471","USW00014734",42.2,28.6
"1846472","USW00014734",42.1,28.4
"1846473","USW00014734",41.9,28.2
"1846474","USW00014734",41.8,28
"1846475","USW00014734",41.7,27.7
"1846476","USW00014734",41.5,27.5
"1846477","USW00014734",41.4,27.3
"1846478","USW00014734",41.3,27.1
"1846479","USW00014734",41.2,26.9
"1846480","USW00014734",41.1,26.8
"1846481","USW00014734",41,26.6
"1846482","USW00014734",40.9,26.4
"1846483","USW00014734",40.8,26.3
"1846484","USW00014734",40.7,26.1
"1846485","USW00014734",40.6,26
"1846486","USW00014734",40.6,25.8
"1846487","USW00014734",40.5,25.7
"1846488","USW00014734",40.5,25.6
"1846489","USW00014734",40.4,25.5
"1846490","USW00014734",40.4,25.4
"1846491","USW00014734",40.4,25.3
"1846492","USW00014734",40.4,25.2
"1846493","USW00014734",40.4,25.2
"1846494","USW00014734",40.4,25.1
"1846495","USW00014734",40.4,25.1
"1846496","USW00014734",40.4,25.1
"1846497","USW00014734",40.5,25.1
"1846498","USW00014734",40.5,25.1
"1846499","USW00014734",40.6,25.1
"1846500","USW00014734",40.6,25.1
"1846501","USW00014734",40.7,25.1
"1846502","USW00014734",40.8,25.2
"1846503","USW00014734",40.9,25.3
"1846504","USW00014734",41,25.4
"1846505","USW00014734",41.1,25.4
"1846506","USW00014734",41.3,25.5
"1846507","USW00014734",41.4,25.7
"1846508","USW00014734",41.5,25.8
"1846509","USW00014734",41.7,25.9
"1846510","USW00014734",41.9,26.1
"1846511","USW00014734",42,26.2
"1846512","USW00014734",42.2,26.4
"1846513","USW00014734",42.4,26.6
"1846514","USW00014734",42.6,26.8
"1846515","USW00014734",42.8,27
"1846516","USW00014734",43.1,27.2
"1846517","USW00014734",43.3,27.4
"1846518","USW00014734",43.5,27.6
"1846519","USW00014734",43.8,27.8
"1846520","USW00014734",44,28
"1846521","USW00014734",44.3,28.3
"1846522","USW00014734",44.5,28.5
"1846523","USW00014734",44.8,28.7
"1846524","USW00014734",45.1,29
"1846525","USW00014734",45.3,29.2
"1846526","USW00014734",45.6,29.5
"1846527","USW00014734",45.9,29.7
"1846528","USW00014734",46.2,30
"1846529","USW00014734",46.5,30.3
"1846530","USW00014734",46.6,30.4
"1846531","USW00014734",46.8,30.5
"1846532","USW00014734",47.1,30.8
"1846533","USW00014734",47.4,31.1
"1846534","USW00014734",47.7,31.3
"1846535","USW00014734",48,31.6
"1846536","USW00014734",48.3,31.9
"1846537","USW00014734",48.7,32.1
"1846538","USW00014734",49,32.4
"1846539","USW00014734",49.3,32.7
"1846540","USW00014734",49.6,32.9
"1846541","USW00014734",49.9,33.2
"1846542","USW00014734",50.3,33.5
"1846543","USW00014734",50.6,33.8
"1846544","USW00014734",50.9,34.1
"1846545","USW00014734",51.3,34.3
"1846546","USW00014734",51.6,34.6
"1846547","USW00014734",51.9,34.9
"1846548","USW00014734",52.3,35.2
"1846549","USW00014734",52.6,35.5
"1846550","USW00014734",53,35.8
"1846551","USW00014734",53.3,36.1
"1846552","USW00014734",53.7,36.4
"1846553","USW00014734",54,36.7
"1846554","USW00014734",54.4,37
"1846555","USW00014734",54.7,37.3
"1846556","USW00014734",55.1,37.6
"1846557","USW00014734",55.5,37.9
"1846558","USW00014734",55.8,38.2
"1846559","USW00014734",56.2,38.5
"1846560","USW00014734",56.6,38.8
"1846561","USW00014734",57,39.2
"1846562","USW00014734",57.4,39.5
"1846563","USW00014734",57.7,39.8
"1846564","USW00014734",58.1,40.2
"1846565","USW00014734",58.5,40.5
"1846566","USW00014734",58.9,40.8
"1846567","USW00014734",59.3,41.2
"1846568","USW00014734",59.7,41.5
"1846569","USW00014734",60.1,41.9
"1846570","USW00014734",60.5,42.2
"1846571","USW00014734",60.9,42.6
"1846572","USW00014734",61.3,42.9
"1846573","USW00014734",61.7,43.3
"1846574","USW00014734",62.1,43.7
"1846575","USW00014734",62.5,44
"1846576","USW00014734",62.9,44.4
"1846577","USW00014734",63.3,44.8
"1846578","USW00014734",63.7,45.1
"1846579","USW00014734",64.1,45.5
"1846580","USW00014734",64.5,45.9
"1846581","USW00014734",64.9,46.2
"1846582","USW00014734",65.3,46.6
"1846583","USW00014734",65.7,46.9
"1846584","USW00014734",66.1,47.3
"1846585","USW00014734",66.5,47.7
"1846586","USW00014734",66.9,48
"1846587","USW00014734",67.2,48.4
"1846588","USW00014734",67.6,48.7
"1846589","USW00014734",68,49.1
"1846590","USW00014734",68.3,49.4
"1846591","USW00014734",68.7,49.8
"1846592","USW00014734",69,50.1
"1846593","USW00014734",69.4,50.5
"1846594","USW00014734",69.7,50.8
"1846595","USW00014734",70,51.1
"1846596","USW00014734",70.3,51.5
"1846597","USW00014734",70.7,51.8
"1846598","USW00014734",71,52.1
"1846599","USW00014734",71.3,52.4
"1846600","USW00014734",71.6,52.7
"1846601","USW00014734",71.9,53
"1846602","USW00014734",72.1,53.4
"1846603","USW00014734",72.4,53.7
"1846604","USW00014734",72.7,54
"1846605","USW00014734",73,54.3
"1846606","USW00014734",73.2,54.6
"1846607","USW00014734",73.5,54.9
"1846608","USW00014734",73.8,55.2
"1846609","USW00014734",74,55.5
"1846610","USW00014734",74.3,55.7
"1846611","USW00014734",74.5,56
"1846612","USW00014734",74.8,56.3
"1846613","USW00014734",75.1,56.6
"1846614","USW00014734",75.3,56.9
"1846615","USW00014734",75.6,57.2
"1846616","USW00014734",75.8,57.5
"1846617","USW00014734",76.1,57.8
"1846618","USW00014734",76.3,58.1
"1846619","USW00014734",76.6,58.4
"1846620","USW00014734",76.9,58.7
"1846621","USW00014734",77.1,59
"1846622","USW00014734",77.4,59.3
"1846623","USW00014734",77.7,59.6
"1846624","USW00014734",77.9,59.9
"1846625","USW00014734",78.2,60.2
"1846626","USW00014734",78.5,60.5
"1846627","USW00014734",78.8,60.8
"1846628","USW00014734",79.1,61.1
"1846629","USW00014734",79.4,61.4
"1846630","USW00014734",79.7,61.7
"1846631","USW00014734",80,62
"1846632","USW00014734",80.3,62.3
"1846633","USW00014734",80.6,62.6
"1846634","USW00014734",80.9,63
"1846635","USW00014734",81.2,63.3
"1846636","USW00014734",81.5,63.6
"1846637","USW00014734",81.8,63.9
"1846638","USW00014734",82.2,64.2
"1846639","USW00014734",82.5,64.5
"1846640","USW00014734",82.8,64.8
"1846641","USW00014734",83.1,65.1
"1846642","USW00014734",83.4,65.4
"1846643","USW00014734",83.7,65.7
"1846644","USW00014734",84,66
"1846645","USW00014734",84.3,66.3
"1846646","USW00014734",84.6,66.6
"1846647","USW00014734",84.9,66.9
"1846648","USW00014734",85.2,67.2
"1846649","USW00014734",85.5,67.4
"1846650","USW00014734",85.8,67.7
"1846651","USW00014734",86,68
"1846652","USW00014734",86.3,68.2
"1846653","USW00014734",86.5,68.4
"1846654","USW00014734",86.7,68.7
"1846655","USW00014734",87,68.9
"1846656","USW00014734",87.2,69.1
"1846657","USW00014734",87.3,69.3
"1846658","USW00014734",87.5,69.5
"1846659","USW00014734",87.7,69.7
"1846660","USW00014734",87.8,69.8
"1846661","USW00014734",88,70
"1846662","USW00014734",88.1,70.1
"1846663","USW00014734",88.2,70.3
"1846664","USW00014734",88.3,70.4
"1846665","USW00014734",88.4,70.5
"1846666","USW00014734",88.5,70.6
"1846667","USW00014734",88.5,70.7
"1846668","USW00014734",88.5,70.8
"1846669","USW00014734",88.6,70.8
"1846670","USW00014734",88.6,70.9
"1846671","USW00014734",88.6,70.9
"1846672","USW00014734",88.5,70.9
"1846673","USW00014734",88.5,71
"1846674","USW00014734",88.5,71
"1846675","USW00014734",88.4,71
"1846676","USW00014734",88.3,70.9
"1846677","USW00014734",88.3,70.9
"1846678","USW00014734",88.2,70.9
"1846679","USW00014734",88.1,70.8
"1846680","USW00014734",88,70.8
"1846681","USW00014734",87.9,70.7
"1846682","USW00014734",87.8,70.6
"1846683","USW00014734",87.6,70.6
"1846684","USW00014734",87.5,70.5
"1846685","USW00014734",87.4,70.4
"1846686","USW00014734",87.2,70.3
"1846687","USW00014734",87.1,70.2
"1846688","USW00014734",86.9,70
"1846689","USW00014734",86.8,69.9
"1846690","USW00014734",86.6,69.8
"1846691","USW00014734",86.4,69.7
"1846692","USW00014734",86.3,69.5
"1846693","USW00014734",86.1,69.4
"1846694","USW00014734",86,69.2
"1846695","USW00014734",85.8,69.1
"1846696","USW00014734",85.6,68.9
"1846697","USW00014734",85.5,68.8
"1846698","USW00014734",85.3,68.6
"1846699","USW00014734",85.1,68.4
"1846700","USW00014734",85,68.3
"1846701","USW00014734",84.8,68.1
"1846702","USW00014734",84.6,67.9
"1846703","USW00014734",84.5,67.7
"1846704","USW00014734",84.3,67.6
"1846705","USW00014734",84.1,67.4
"1846706","USW00014734",84,67.2
"1846707","USW00014734",83.8,67
"1846708","USW00014734",83.6,66.8
"1846709","USW00014734",83.4,66.6
"1846710","USW00014734",83.3,66.4
"1846711","USW00014734",83.1,66.2
"1846712","USW00014734",82.9,66
"1846713","USW00014734",82.7,65.8
"1846714","USW00014734",82.5,65.6
"1846715","USW00014734",82.3,65.4
"1846716","USW00014734",82.1,65.2
"1846717","USW00014734",81.9,64.9
"1846718","USW00014734",81.7,64.7
"1846719","USW00014734",81.5,64.5
"1846720","USW00014734",81.3,64.2
"1846721","USW00014734",81,64
"1846722","USW00014734",80.8,63.7
"1846723","USW00014734",80.6,63.5
"1846724","USW00014734",80.3,63.2
"1846725","USW00014734",80,63
"1846726","USW00014734",79.8,62.7
"1846727","USW00014734",79.5,62.4
"1846728","USW00014734",79.2,62.2
"1846729","USW00014734",78.9,61.9
"1846730","USW00014734",78.6,61.6
"1846731","USW00014734",78.3,61.3
"1846732","USW00014734",78,61
"1846733","USW00014734",77.7,60.7
"1846734","USW00014734",77.4,60.3
"1846735","USW00014734",77,60
"1846736","USW00014734",76.7,59.7
"1846737","USW00014734",76.3,59.4
"1846738","USW00014734",76,59
"1846739","USW00014734",75.6,58.7
"1846740","USW00014734",75.2,58.3
"1846741","USW00014734",74.9,58
"1846742","USW00014734",74.5,57.6
"1846743","USW00014734",74.1,57.2
"1846744","USW00014734",73.7,56.8
"1846745","USW00014734",73.3,56.5
"1846746","USW00014734",72.9,56.1
"1846747","USW00014734",72.5,55.7
"1846748","USW00014734",72.1,55.3
"1846749","USW00014734",71.7,54.9
"1846750","USW00014734",71.3,54.5
"1846751","USW00014734",70.8,54.1
"1846752","USW00014734",70.4,53.7
"1846753","USW00014734",70,53.3
"1846754","USW00014734",69.6,52.8
"1846755","USW00014734",69.2,52.4
"1846756","USW00014734",68.7,52
"1846757","USW00014734",68.3,51.6
"1846758","USW00014734",67.9,51.1
"1846759","USW00014734",67.5,50.7
"1846760","USW00014734",67.1,50.3
"1846761","USW00014734",66.7,49.9
"1846762","USW00014734",66.2,49.5
"1846763","USW00014734",65.8,49
"1846764","USW00014734",65.4,48.6
"1846765","USW00014734",65,48.2
"1846766","USW00014734",64.6,47.8
"1846767","USW00014734",64.2,47.3
"1846768","USW00014734",63.8,46.9
"1846769","USW00014734",63.4,46.5
"1846770","USW00014734",63,46.1
"1846771","USW00014734",62.6,45.7
"1846772","USW00014734",62.2,45.3
"1846773","USW00014734",61.8,44.9
"1846774","USW00014734",61.4,44.5
"1846775","USW00014734",61,44.1
"1846776","USW00014734",60.6,43.8
"1846777","USW00014734",60.2,43.4
"1846778","USW00014734",59.8,43
"1846779","USW00014734",59.4,42.7
"1846780","USW00014734",59.1,42.3
"1846781","USW00014734",58.7,42
"1846782","USW00014734",58.3,41.6
"1846783","USW00014734",57.9,41.3
"1846784","USW00014734",57.5,40.9
"1846785","USW00014734",57.2,40.6
"1846786","USW00014734",56.8,40.3
"1846787","USW00014734",56.4,40
"1846788","USW00014734",56,39.7
"1846789","USW00014734",55.7,39.4
"1846790","USW00014734",55.3,39.1
"1846791","USW00014734",54.9,38.8
"1846792","USW00014734",54.6,38.5
"1846793","USW00014734",54.2,38.3
"1846794","USW00014734",53.9,38
"1846795","USW00014734",53.5,37.8
"1846796","USW00014734",53.1,37.5
"1846797","USW00014734",52.8,37.3
"1846798","USW00014734",52.4,37
"1846799","USW00014734",52.1,36.8
"1846800","USW00014734",51.8,36.5
"1846801","USW00014734",51.4,36.3
"1846802","USW00014734",51.1,36.1
"1846803","USW00014734",50.7,35.9
"1846804","USW00014734",50.4,35.7
"1846805","USW00014734",50.1,35.4
"1846806","USW00014734",49.8,35.2
"1846807","USW00014734",49.4,35
"1846808","USW00014734",49.1,34.8
"1846809","USW00014734",48.8,34.6
"1846810","USW00014734",48.5,34.4
"1846811","USW00014734",48.2,34.2
"1846812","USW00014734",47.9,34
"1846813","USW00014734",47.6,33.8
"1846814","USW00014734",47.3,33.6
"1846815","USW00014734",47.1,33.4
"1846816","USW00014734",46.8,33.2
"1846817","USW00014734",46.5,33
"1846818","USW00014734",46.2,32.8
"1846819","USW00014734",46,32.6
"1846820","USW00014734",45.7,32.4
"1846821","USW00014734",45.5,32.1
"1846822","USW00014734",45.2,31.9
"1846823","USW00014734",45,31.7
"1846824","USW00014734",44.8,31.5
"1846825","USW00014734",44.5,31.3
"1846826","USW00014734",44.3,31.1
"1846827","USW00014734",44.1,30.9
"1846828","USW00014734",43.9,30.6
"1846829","USW00014734",43.7,30.4
"1846830","USW00014734",43.5,30.2
"1846831","USW00014734",43.3,30
"1846832","USW00014734",43.1,29.7
"1846833","USW00014734",42.9,29.5
"1846834","USW00014734",42.7,29.3
"1846835","USW00014734",42.6,29.1
"1846836","USW00014734",42.4,28.8
"1853425","USW00014762",38.7,25.3
"1853426","USW00014762",38.6,25.1
"1853427","USW00014762",38.4,24.9
"1853428","USW00014762",38.3,24.6
"1853429","USW00014762",38.1,24.4
"1853430","USW00014762",38,24.2
"1853431","USW00014762",37.9,23.9
"1853432","USW00014762",37.7,23.7
"1853433","USW00014762",37.6,23.5
"1853434","USW00014762",37.5,23.3
"1853435","USW00014762",37.4,23.1
"1853436","USW00014762",37.2,22.9
"1853437","USW00014762",37.1,22.7
"1853438","USW00014762",37,22.5
"1853439","USW00014762",36.9,22.4
"1853440","USW00014762",36.8,22.2
"1853441","USW00014762",36.8,22.1
"1853442","USW00014762",36.7,21.9
"1853443","USW00014762",36.6,21.8
"1853444","USW00014762",36.5,21.7
"1853445","USW00014762",36.5,21.6
"1853446","USW00014762",36.4,21.5
"1853447","USW00014762",36.4,21.4
"1853448","USW00014762",36.4,21.3
"1853449","USW00014762",36.3,21.3
"1853450","USW00014762",36.3,21.2
"1853451","USW00014762",36.3,21.2
"1853452","USW00014762",36.3,21.2
"1853453","USW00014762",36.4,21.2
"1853454","USW00014762",36.4,21.2
"1853455","USW00014762",36.5,21.3
"1853456","USW00014762",36.5,21.3
"1853457","USW00014762",36.6,21.4
"1853458","USW00014762",36.7,21.4
"1853459","USW00014762",36.8,21.5
"1853460","USW00014762",36.9,21.6
"1853461","USW00014762",37,21.8
"1853462","USW00014762",37.2,21.9
"1853463","USW00014762",37.4,22
"1853464","USW00014762",37.5,22.2
"1853465","USW00014762",37.7,22.4
"1853466","USW00014762",37.9,22.6
"1853467","USW00014762",38.1,22.8
"1853468","USW00014762",38.4,23
"1853469","USW00014762",38.6,23.2
"1853470","USW00014762",38.9,23.4
"1853471","USW00014762",39.2,23.6
"1853472","USW00014762",39.5,23.9
"1853473","USW00014762",39.8,24.1
"1853474","USW00014762",40.1,24.4
"1853475","USW00014762",40.4,24.7
"1853476","USW00014762",40.8,24.9
"1853477","USW00014762",41.1,25.2
"1853478","USW00014762",41.5,25.5
"1853479","USW00014762",41.8,25.8
"1853480","USW00014762",42.2,26.1
"1853481","USW00014762",42.6,26.4
"1853482","USW00014762",43,26.7
"1853483","USW00014762",43.4,27
"1853484","USW00014762",43.6,27.2
"1853485","USW00014762",43.8,27.3
"1853486","USW00014762",44.2,27.6
"1853487","USW00014762",44.6,27.9
"1853488","USW00014762",45.1,28.2
"1853489","USW00014762",45.5,28.6
"1853490","USW00014762",45.9,28.9
"1853491","USW00014762",46.4,29.2
"1853492","USW00014762",46.8,29.5
"1853493","USW00014762",47.2,29.8
"1853494","USW00014762",47.7,30.1
"1853495","USW00014762",48.1,30.4
"1853496","USW00014762",48.6,30.8
"1853497","USW00014762",49,31.1
"1853498","USW00014762",49.5,31.4
"1853499","USW00014762",49.9,31.7
"1853500","USW00014762",50.3,32
"1853501","USW00014762",50.8,32.3
"1853502","USW00014762",51.2,32.6
"1853503","USW00014762",51.6,32.9
"1853504","USW00014762",52.1,33.2
"1853505","USW00014762",52.5,33.6
"1853506","USW00014762",52.9,33.9
"1853507","USW00014762",53.4,34.2
"1853508","USW00014762",53.8,34.5
"1853509","USW00014762",54.2,34.8
"1853510","USW00014762",54.6,35.1
"1853511","USW00014762",55.1,35.4
"1853512","USW00014762",55.5,35.8
"1853513","USW00014762",55.9,36.1
"1853514","USW00014762",56.3,36.4
"1853515","USW00014762",56.7,36.7
"1853516","USW00014762",57.1,37
"1853517","USW00014762",57.5,37.4
"1853518","USW00014762",57.9,37.7
"1853519","USW00014762",58.4,38
"1853520","USW00014762",58.8,38.4
"1853521","USW00014762",59.2,38.7
"1853522","USW00014762",59.6,39.1
"1853523","USW00014762",60,39.4
"1853524","USW00014762",60.4,39.8
"1853525","USW00014762",60.8,40.1
"1853526","USW00014762",61.2,40.5
"1853527","USW00014762",61.6,40.8
"1853528","USW00014762",62,41.2
"1853529","USW00014762",62.4,41.6
"1853530","USW00014762",62.8,41.9
"1853531","USW00014762",63.2,42.3
"1853532","USW00014762",63.6,42.7
"1853533","USW00014762",63.9,43.1
"1853534","USW00014762",64.3,43.4
"1853535","USW00014762",64.7,43.8
"1853536","USW00014762",65.1,44.2
"1853537","USW00014762",65.5,44.6
"1853538","USW00014762",65.9,45
"1853539","USW00014762",66.2,45.3
"1853540","USW00014762",66.6,45.7
"1853541","USW00014762",67,46.1
"1853542","USW00014762",67.3,46.5
"1853543","USW00014762",67.7,46.9
"1853544","USW00014762",68.1,47.2
"1853545","USW00014762",68.4,47.6
"1853546","USW00014762",68.8,48
"1853547","USW00014762",69.1,48.4
"1853548","USW00014762",69.4,48.7
"1853549","USW00014762",69.7,49.1
"1853550","USW00014762",70.1,49.5
"1853551","USW00014762",70.4,49.8
"1853552","USW00014762",70.7,50.2
"1853553","USW00014762",71,50.6
"1853554","USW00014762",71.3,50.9
"1853555","USW00014762",71.6,51.2
"1853556","USW00014762",71.8,51.6
"1853557","USW00014762",72.1,51.9
"1853558","USW00014762",72.4,52.2
"1853559","USW00014762",72.6,52.6
"1853560","USW00014762",72.9,52.9
"1853561","USW00014762",73.1,53.2
"1853562","USW00014762",73.4,53.5
"1853563","USW00014762",73.6,53.8
"1853564","USW00014762",73.8,54.1
"1853565","USW00014762",74.1,54.4
"1853566","USW00014762",74.3,54.7
"1853567","USW00014762",74.5,55
"1853568","USW00014762",74.7,55.2
"1853569","USW00014762",74.9,55.5
"1853570","USW00014762",75.1,55.8
"1853571","USW00014762",75.3,56.1
"1853572","USW00014762",75.5,56.3
"1853573","USW00014762",75.7,56.6
"1853574","USW00014762",75.9,56.8
"1853575","USW00014762",76.1,57.1
"1853576","USW00014762",76.3,57.3
"1853577","USW00014762",76.5,57.5
"1853578","USW00014762",76.6,57.8
"1853579","USW00014762",76.8,58
"1853580","USW00014762",77,58.2
"1853581","USW00014762",77.2,58.5
"1853582","USW00014762",77.4,58.7
"1853583","USW00014762",77.6,58.9
"1853584","USW00014762",77.8,59.1
"1853585","USW00014762",78,59.3
"1853586","USW00014762",78.2,59.5
"1853587","USW00014762",78.4,59.8
"1853588","USW00014762",78.6,60
"1853589","USW00014762",78.8,60.2
"1853590","USW00014762",79,60.4
"1853591","USW00014762",79.2,60.6
"1853592","USW00014762",79.4,60.8
"1853593","USW00014762",79.6,61
"1853594","USW00014762",79.8,61.2
"1853595","USW00014762",80,61.4
"1853596","USW00014762",80.2,61.6
"1853597","USW00014762",80.4,61.8
"1853598","USW00014762",80.6,61.9
"1853599","USW00014762",80.8,62.1
"1853600","USW00014762",81,62.3
"1853601","USW00014762",81.2,62.5
"1853602","USW00014762",81.4,62.7
"1853603","USW00014762",81.6,62.9
"1853604","USW00014762",81.8,63
"1853605","USW00014762",81.9,63.2
"1853606","USW00014762",82.1,63.4
"1853607","USW00014762",82.3,63.5
"1853608","USW00014762",82.4,63.7
"1853609","USW00014762",82.6,63.8
"1853610","USW00014762",82.7,64
"1853611","USW00014762",82.9,64.1
"1853612","USW00014762",83,64.2
"1853613","USW00014762",83.1,64.4
"1853614","USW00014762",83.2,64.5
"1853615","USW00014762",83.3,64.6
"1853616","USW00014762",83.4,64.7
"1853617","USW00014762",83.5,64.8
"1853618","USW00014762",83.6,64.9
"1853619","USW00014762",83.6,65
"1853620","USW00014762",83.7,65.1
"1853621","USW00014762",83.7,65.1
"1853622","USW00014762",83.8,65.2
"1853623","USW00014762",83.8,65.3
"1853624","USW00014762",83.8,65.3
"1853625","USW00014762",83.8,65.4
"1853626","USW00014762",83.8,65.4
"1853627","USW00014762",83.8,65.4
"1853628","USW00014762",83.8,65.4
"1853629","USW00014762",83.7,65.4
"1853630","USW00014762",83.7,65.4
"1853631","USW00014762",83.7,65.4
"1853632","USW00014762",83.6,65.4
"1853633","USW00014762",83.6,65.4
"1853634","USW00014762",83.5,65.3
"1853635","USW00014762",83.4,65.3
"1853636","USW00014762",83.3,65.3
"1853637","USW00014762",83.3,65.2
"1853638","USW00014762",83.2,65.1
"1853639","USW00014762",83.1,65.1
"1853640","USW00014762",83,65
"1853641","USW00014762",82.9,64.9
"1853642","USW00014762",82.8,64.8
"1853643","USW00014762",82.7,64.7
"1853644","USW00014762",82.6,64.6
"1853645","USW00014762",82.5,64.5
"1853646","USW00014762",82.4,64.4
"1853647","USW00014762",82.3,64.3
"1853648","USW00014762",82.2,64.2
"1853649","USW00014762",82.1,64
"1853650","USW00014762",82,63.9
"1853651","USW00014762",81.9,63.8
"1853652","USW00014762",81.8,63.6
"1853653","USW00014762",81.7,63.5
"1853654","USW00014762",81.6,63.3
"1853655","USW00014762",81.4,63.2
"1853656","USW00014762",81.3,63
"1853657","USW00014762",81.2,62.8
"1853658","USW00014762",81.1,62.7
"1853659","USW00014762",81,62.5
"1853660","USW00014762",80.9,62.3
"1853661","USW00014762",80.7,62.2
"1853662","USW00014762",80.6,62
"1853663","USW00014762",80.5,61.8
"1853664","USW00014762",80.3,61.6
"1853665","USW00014762",80.2,61.4
"1853666","USW00014762",80,61.2
"1853667","USW00014762",79.9,61
"1853668","USW00014762",79.7,60.8
"1853669","USW00014762",79.5,60.6
"1853670","USW00014762",79.4,60.4
"1853671","USW00014762",79.2,60.2
"1853672","USW00014762",79,60
"1853673","USW00014762",78.8,59.8
"1853674","USW00014762",78.6,59.6
"1853675","USW00014762",78.4,59.4
"1853676","USW00014762",78.1,59.1
"1853677","USW00014762",77.9,58.9
"1853678","USW00014762",77.6,58.6
"1853679","USW00014762",77.4,58.4
"1853680","USW00014762",77.1,58.1
"1853681","USW00014762",76.8,57.9
"1853682","USW00014762",76.5,57.6
"1853683","USW00014762",76.2,57.4
"1853684","USW00014762",75.9,57.1
"1853685","USW00014762",75.6,56.8
"1853686","USW00014762",75.3,56.5
"1853687","USW00014762",74.9,56.2
"1853688","USW00014762",74.6,55.9
"1853689","USW00014762",74.2,55.6
"1853690","USW00014762",73.8,55.3
"1853691","USW00014762",73.4,55
"1853692","USW00014762",73.1,54.7
"1853693","USW00014762",72.7,54.3
"1853694","USW00014762",72.2,54
"1853695","USW00014762",71.8,53.6
"1853696","USW00014762",71.4,53.3
"1853697","USW00014762",71,52.9
"1853698","USW00014762",70.6,52.6
"1853699","USW00014762",70.1,52.2
"1853700","USW00014762",69.7,51.8
"1853701","USW00014762",69.3,51.4
"1853702","USW00014762",68.8,51
"1853703","USW00014762",68.4,50.7
"1853704","USW00014762",67.9,50.3
"1853705","USW00014762",67.5,49.9
"1853706","USW00014762",67,49.5
"1853707","USW00014762",66.6,49
"1853708","USW00014762",66.1,48.6
"1853709","USW00014762",65.7,48.2
"1853710","USW00014762",65.3,47.8
"1853711","USW00014762",64.8,47.4
"1853712","USW00014762",64.4,47
"1853713","USW00014762",63.9,46.5
"1853714","USW00014762",63.5,46.1
"1853715","USW00014762",63.1,45.7
"1853716","USW00014762",62.6,45.3
"1853717","USW00014762",62.2,44.8
"1853718","USW00014762",61.8,44.4
"1853719","USW00014762",61.4,44
"1853720","USW00014762",61,43.6
"1853721","USW00014762",60.5,43.2
"1853722","USW00014762",60.1,42.7
"1853723","USW00014762",59.7,42.3
"1853724","USW00014762",59.3,41.9
"1853725","USW00014762",58.9,41.5
"1853726","USW00014762",58.5,41.1
"1853727","USW00014762",58.1,40.7
"1853728","USW00014762",57.7,40.4
"1853729","USW00014762",57.4,40
"1853730","USW00014762",57,39.6
"1853731","USW00014762",56.6,39.2
"1853732","USW00014762",56.2,38.9
"1853733","USW00014762",55.8,38.5
"1853734","USW00014762",55.4,38.2
"1853735","USW00014762",55.1,37.9
"1853736","USW00014762",54.7,37.5
"1853737","USW00014762",54.3,37.2
"1853738","USW00014762",53.9,36.9
"1853739","USW00014762",53.6,36.6
"1853740","USW00014762",53.2,36.3
"1853741","USW00014762",52.8,36
"1853742","USW00014762",52.5,35.7
"1853743","USW00014762",52.1,35.4
"1853744","USW00014762",51.7,35.2
"1853745","USW00014762",51.4,34.9
"1853746","USW00014762",51,34.7
"1853747","USW00014762",50.6,34.4
"1853748","USW00014762",50.3,34.2
"1853749","USW00014762",49.9,33.9
"1853750","USW00014762",49.6,33.7
"1853751","USW00014762",49.2,33.5
"1853752","USW00014762",48.8,33.3
"1853753","USW00014762",48.5,33.1
"1853754","USW00014762",48.1,32.9
"1853755","USW00014762",47.8,32.7
"1853756","USW00014762",47.5,32.5
"1853757","USW00014762",47.1,32.3
"1853758","USW00014762",46.8,32.1
"1853759","USW00014762",46.5,31.9
"1853760","USW00014762",46.1,31.7
"1853761","USW00014762",45.8,31.5
"1853762","USW00014762",45.5,31.3
"1853763","USW00014762",45.2,31.2
"1853764","USW00014762",44.9,31
"1853765","USW00014762",44.6,30.8
"1853766","USW00014762",44.3,30.6
"1853767","USW00014762",44,30.4
"1853768","USW00014762",43.7,30.3
"1853769","USW00014762",43.4,30.1
"1853770","USW00014762",43.1,29.9
"1853771","USW00014762",42.9,29.7
"1853772","USW00014762",42.6,29.5
"1853773","USW00014762",42.4,29.3
"1853774","USW00014762",42.1,29.1
"1853775","USW00014762",41.9,28.9
"1853776","USW00014762",41.6,28.7
"1853777","USW00014762",41.4,28.5
"1853778","USW00014762",41.2,28.3
"1853779","USW00014762",41,28.1
"1853780","USW00014762",40.7,27.9
"1853781","USW00014762",40.5,27.6
"1853782","USW00014762",40.3,27.4
"1853783","USW00014762",40.1,27.2
"1853784","USW00014762",39.9,27
"1853785","USW00014762",39.8,26.7
"1853786","USW00014762",39.6,26.5
"1853787","USW00014762",39.4,26.3
"1853788","USW00014762",39.2,26
"1853789","USW00014762",39.1,25.8
"1853790","USW00014762",38.9,25.6
"1861477","USW00014822",34.7,22.8
"1861478","USW00014822",34.6,22.6
"1861479","USW00014822",34.5,22.4
"1861480","USW00014822",34.4,22.2
"1861481","USW00014822",34.3,22
"1861482","USW00014822",34.2,21.8
"1861483","USW00014822",34,21.6
"1861484","USW00014822",33.9,21.4
"1861485","USW00014822",33.8,21.2
"1861486","USW00014822",33.7,21.1
"1861487","USW00014822",33.6,20.9
"1861488","USW00014822",33.5,20.7
"1861489","USW00014822",33.4,20.5
"1861490","USW00014822",33.3,20.3
"1861491","USW00014822",33.2,20.1
"1861492","USW00014822",33.1,20
"1861493","USW00014822",33,19.8
"1861494","USW00014822",32.9,19.7
"1861495","USW00014822",32.8,19.5
"1861496","USW00014822",32.7,19.4
"1861497","USW00014822",32.6,19.2
"1861498","USW00014822",32.6,19.1
"1861499","USW00014822",32.5,19
"1861500","USW00014822",32.4,18.9
"1861501","USW00014822",32.3,18.8
"1861502","USW00014822",32.3,18.7
"1861503","USW00014822",32.2,18.6
"1861504","USW00014822",32.2,18.5
"1861505","USW00014822",32.1,18.5
"1861506","USW00014822",32.1,18.4
"1861507","USW00014822",32.1,18.4
"1861508","USW00014822",32.1,18.4
"1861509","USW00014822",32.1,18.4
"1861510","USW00014822",32.1,18.4
"1861511","USW00014822",32.1,18.4
"1861512","USW00014822",32.2,18.5
"1861513","USW00014822",32.3,18.5
"1861514","USW00014822",32.3,18.6
"1861515","USW00014822",32.4,18.7
"1861516","USW00014822",32.5,18.8
"1861517","USW00014822",32.7,18.9
"1861518","USW00014822",32.8,19
"1861519","USW00014822",33,19.1
"1861520","USW00014822",33.2,19.3
"1861521","USW00014822",33.4,19.5
"1861522","USW00014822",33.6,19.7
"1861523","USW00014822",33.9,19.9
"1861524","USW00014822",34.1,20.1
"1861525","USW00014822",34.4,20.3
"1861526","USW00014822",34.7,20.5
"1861527","USW00014822",35,20.8
"1861528","USW00014822",35.4,21
"1861529","USW00014822",35.7,21.3
"1861530","USW00014822",36.1,21.6
"1861531","USW00014822",36.5,21.9
"1861532","USW00014822",36.9,22.2
"1861533","USW00014822",37.3,22.5
"1861534","USW00014822",37.7,22.8
"1861535","USW00014822",38.1,23.2
"1861536","USW00014822",38.4,23.3
"1861537","USW00014822",38.6,23.5
"1861538","USW00014822",39,23.8
"1861539","USW00014822",39.5,24.2
"1861540","USW00014822",40,24.5
"1861541","USW00014822",40.4,24.9
"1861542","USW00014822",40.9,25.2
"1861543","USW00014822",41.4,25.6
"1861544","USW00014822",41.9,25.9
"1861545","USW00014822",42.4,26.3
"1861546","USW00014822",42.9,26.6
"1861547","USW00014822",43.4,27
"1861548","USW00014822",43.9,27.3
"1861549","USW00014822",44.3,27.7
"1861550","USW00014822",44.8,28
"1861551","USW00014822",45.3,28.4
"1861552","USW00014822",45.8,28.7
"1861553","USW00014822",46.2,29
"1861554","USW00014822",46.7,29.4
"1861555","USW00014822",47.2,29.7
"1861556","USW00014822",47.6,30
"1861557","USW00014822",48,30.4
"1861558","USW00014822",48.5,30.7
"1861559","USW00014822",48.9,31
"1861560","USW00014822",49.3,31.3
"1861561","USW00014822",49.8,31.6
"1861562","USW00014822",50.2,31.9
"1861563","USW00014822",50.6,32.2
"1861564","USW00014822",51,32.5
"1861565","USW00014822",51.3,32.8
"1861566","USW00014822",51.7,33.1
"1861567","USW00014822",52.1,33.4
"1861568","USW00014822",52.5,33.7
"1861569","USW00014822",52.9,34
"1861570","USW00014822",53.2,34.3
"1861571","USW00014822",53.6,34.6
"1861572","USW00014822",53.9,34.9
"1861573","USW00014822",54.3,35.2
"1861574","USW00014822",54.7,35.5
"1861575","USW00014822",55,35.8
"1861576","USW00014822",55.4,36.1
"1861577","USW00014822",55.7,36.4
"1861578","USW00014822",56.1,36.7
"1861579","USW00014822",56.5,37.1
"1861580","USW00014822",56.8,37.4
"1861581","USW00014822",57.2,37.7
"1861582","USW00014822",57.6,38
"1861583","USW00014822",57.9,38.4
"1861584","USW00014822",58.3,38.7
"1861585","USW00014822",58.7,39.1
"1861586","USW00014822",59.1,39.4
"1861587","USW00014822",59.5,39.8
"1861588","USW00014822",59.9,40.2
"1861589","USW00014822",60.3,40.5
"1861590","USW00014822",60.7,40.9
"1861591","USW00014822",61.2,41.3
"1861592","USW00014822",61.6,41.7
"1861593","USW00014822",62,42.1
"1861594","USW00014822",62.4,42.5
"1861595","USW00014822",62.9,42.9
"1861596","USW00014822",63.3,43.3
"1861597","USW00014822",63.8,43.7
"1861598","USW00014822",64.2,44.1
"1861599","USW00014822",64.6,44.6
"1861600","USW00014822",65.1,45
"1861601","USW00014822",65.5,45.4
"1861602","USW00014822",66,45.9
"1861603","USW00014822",66.4,46.3
"1861604","USW00014822",66.9,46.7
"1861605","USW00014822",67.3,47.2
"1861606","USW00014822",67.8,47.6
"1861607","USW00014822",68.2,48
"1861608","USW00014822",68.7,48.5
"1861609","USW00014822",69.1,48.9
"1861610","USW00014822",69.5,49.3
"1861611","USW00014822",69.9,49.7
"1861612","USW00014822",70.4,50.2
"1861613","USW00014822",70.8,50.6
"1861614","USW00014822",71.2,51
"1861615","USW00014822",71.6,51.4
"1861616","USW00014822",71.9,51.8
"1861617","USW00014822",72.3,52.2
"1861618","USW00014822",72.7,52.6
"1861619","USW00014822",73.1,52.9
"1861620","USW00014822",73.4,53.3
"1861621","USW00014822",73.7,53.7
"1861622","USW00014822",74.1,54.1
"1861623","USW00014822",74.4,54.4
"1861624","USW00014822",74.7,54.8
"1861625","USW00014822",75,55.1
"1861626","USW00014822",75.3,55.4
"1861627","USW00014822",75.6,55.8
"1861628","USW00014822",75.9,56.1
"1861629","USW00014822",76.2,56.4
"1861630","USW00014822",76.4,56.7
"1861631","USW00014822",76.7,57
"1861632","USW00014822",77,57.3
"1861633","USW00014822",77.2,57.6
"1861634","USW00014822",77.5,57.9
"1861635","USW00014822",77.7,58.2
"1861636","USW00014822",77.9,58.4
"1861637","USW00014822",78.2,58.7
"1861638","USW00014822",78.4,59
"1861639","USW00014822",78.6,59.2
"1861640","USW00014822",78.8,59.5
"1861641","USW00014822",79,59.7
"1861642","USW00014822",79.3,60
"1861643","USW00014822",79.5,60.2
"1861644","USW00014822",79.7,60.5
"1861645","USW00014822",79.9,60.7
"1861646","USW00014822",80.1,60.9
"1861647","USW00014822",80.3,61.2
"1861648","USW00014822",80.5,61.4
"1861649","USW00014822",80.7,61.6
"1861650","USW00014822",80.9,61.8
"1861651","USW00014822",81.1,62
"1861652","USW00014822",81.3,62.2
"1861653","USW00014822",81.5,62.5
"1861654","USW00014822",81.7,62.7
"1861655","USW00014822",81.9,62.9
"1861656","USW00014822",82.1,63.1
"1861657","USW00014822",82.3,63.3
"1861658","USW00014822",82.5,63.5
"1861659","USW00014822",82.6,63.7
"1861660","USW00014822",82.8,63.8
"1861661","USW00014822",83,64
"1861662","USW00014822",83.2,64.2
"1861663","USW00014822",83.3,64.4
"1861664","USW00014822",83.5,64.5
"1861665","USW00014822",83.6,64.7
"1861666","USW00014822",83.7,64.8
"1861667","USW00014822",83.9,65
"1861668","USW00014822",84,65.1
"1861669","USW00014822",84.1,65.3
"1861670","USW00014822",84.2,65.4
"1861671","USW00014822",84.3,65.5
"1861672","USW00014822",84.4,65.6
"1861673","USW00014822",84.4,65.7
"1861674","USW00014822",84.5,65.8
"1861675","USW00014822",84.6,65.9
"1861676","USW00014822",84.6,66
"1861677","USW00014822",84.6,66.1
"1861678","USW00014822",84.6,66.1
"1861679","USW00014822",84.7,66.2
"1861680","USW00014822",84.6,66.2
"1861681","USW00014822",84.6,66.3
"1861682","USW00014822",84.6,66.3
"1861683","USW00014822",84.6,66.3
"1861684","USW00014822",84.5,66.3
"1861685","USW00014822",84.5,66.3
"1861686","USW00014822",84.4,66.3
"1861687","USW00014822",84.3,66.2
"1861688","USW00014822",84.2,66.2
"1861689","USW00014822",84.1,66.2
"1861690","USW00014822",84,66.1
"1861691","USW00014822",83.9,66
"1861692","USW00014822",83.8,66
"1861693","USW00014822",83.7,65.9
"1861694","USW00014822",83.5,65.8
"1861695","USW00014822",83.4,65.7
"1861696","USW00014822",83.3,65.6
"1861697","USW00014822",83.1,65.5
"1861698","USW00014822",83,65.4
"1861699","USW00014822",82.8,65.2
"1861700","USW00014822",82.6,65.1
"1861701","USW00014822",82.5,65
"1861702","USW00014822",82.3,64.8
"1861703","USW00014822",82.1,64.7
"1861704","USW00014822",82,64.5
"1861705","USW00014822",81.8,64.3
"1861706","USW00014822",81.6,64.2
"1861707","USW00014822",81.4,64
"1861708","USW00014822",81.3,63.8
"1861709","USW00014822",81.1,63.6
"1861710","USW00014822",80.9,63.4
"1861711","USW00014822",80.7,63.2
"1861712","USW00014822",80.5,63
"1861713","USW00014822",80.3,62.8
"1861714","USW00014822",80.2,62.6
"1861715","USW00014822",80,62.4
"1861716","USW00014822",79.8,62.2
"1861717","USW00014822",79.6,61.9
"1861718","USW00014822",79.4,61.7
"1861719","USW00014822",79.2,61.5
"1861720","USW00014822",78.9,61.2
"1861721","USW00014822",78.7,61
"1861722","USW00014822",78.5,60.8
"1861723","USW00014822",78.3,60.5
"1861724","USW00014822",78.1,60.2
"1861725","USW00014822",77.8,60
"1861726","USW00014822",77.6,59.7
"1861727","USW00014822",77.3,59.4
"1861728","USW00014822",77.1,59.2
"1861729","USW00014822",76.8,58.9
"1861730","USW00014822",76.5,58.6
"1861731","USW00014822",76.2,58.3
"1861732","USW00014822",75.9,58
"1861733","USW00014822",75.6,57.7
"1861734","USW00014822",75.3,57.4
"1861735","USW00014822",75,57.1
"1861736","USW00014822",74.7,56.8
"1861737","USW00014822",74.3,56.4
"1861738","USW00014822",74,56.1
"1861739","USW00014822",73.6,55.8
"1861740","USW00014822",73.3,55.4
"1861741","USW00014822",72.9,55.1
"1861742","USW00014822",72.5,54.7
"1861743","USW00014822",72.1,54.3
"1861744","USW00014822",71.7,54
"1861745","USW00014822",71.3,53.6
"1861746","USW00014822",70.8,53.2
"1861747","USW00014822",70.4,52.8
"1861748","USW00014822",70,52.4
"1861749","USW00014822",69.5,52
"1861750","USW00014822",69.1,51.6
"1861751","USW00014822",68.6,51.2
"1861752","USW00014822",68.2,50.8
"1861753","USW00014822",67.7,50.4
"1861754","USW00014822",67.2,50
"1861755","USW00014822",66.8,49.6
"1861756","USW00014822",66.3,49.2
"1861757","USW00014822",65.8,48.8
"1861758","USW00014822",65.3,48.3
"1861759","USW00014822",64.9,47.9
"1861760","USW00014822",64.4,47.5
"1861761","USW00014822",63.9,47.1
"1861762","USW00014822",63.4,46.6
"1861763","USW00014822",62.9,46.2
"1861764","USW00014822",62.5,45.8
"1861765","USW00014822",62,45.4
"1861766","USW00014822",61.5,44.9
"1861767","USW00014822",61.1,44.5
"1861768","USW00014822",60.6,44.1
"1861769","USW00014822",60.1,43.7
"1861770","USW00014822",59.7,43.3
"1861771","USW00014822",59.2,42.9
"1861772","USW00014822",58.7,42.5
"1861773","USW00014822",58.3,42
"1861774","USW00014822",57.8,41.6
"1861775","USW00014822",57.4,41.2
"1861776","USW00014822",57,40.9
"1861777","USW00014822",56.5,40.5
"1861778","USW00014822",56.1,40.1
"1861779","USW00014822",55.6,39.7
"1861780","USW00014822",55.2,39.3
"1861781","USW00014822",54.8,38.9
"1861782","USW00014822",54.4,38.6
"1861783","USW00014822",53.9,38.2
"1861784","USW00014822",53.5,37.8
"1861785","USW00014822",53.1,37.5
"1861786","USW00014822",52.7,37.1
"1861787","USW00014822",52.2,36.8
"1861788","USW00014822",51.8,36.5
"1861789","USW00014822",51.4,36.1
"1861790","USW00014822",51,35.8
"1861791","USW00014822",50.6,35.5
"1861792","USW00014822",50.1,35.1
"1861793","USW00014822",49.7,34.8
"1861794","USW00014822",49.3,34.5
"1861795","USW00014822",48.9,34.2
"1861796","USW00014822",48.5,33.9
"1861797","USW00014822",48.1,33.6
"1861798","USW00014822",47.6,33.3
"1861799","USW00014822",47.2,33
"1861800","USW00014822",46.8,32.7
"1861801","USW00014822",46.4,32.4
"1861802","USW00014822",46,32.2
"1861803","USW00014822",45.6,31.9
"1861804","USW00014822",45.2,31.6
"1861805","USW00014822",44.8,31.3
"1861806","USW00014822",44.4,31.1
"1861807","USW00014822",44,30.8
"1861808","USW00014822",43.6,30.5
"1861809","USW00014822",43.2,30.3
"1861810","USW00014822",42.8,30
"1861811","USW00014822",42.4,29.8
"1861812","USW00014822",42,29.5
"1861813","USW00014822",41.7,29.3
"1861814","USW00014822",41.3,29.1
"1861815","USW00014822",41,28.8
"1861816","USW00014822",40.6,28.6
"1861817","USW00014822",40.3,28.4
"1861818","USW00014822",40,28.1
"1861819","USW00014822",39.6,27.9
"1861820","USW00014822",39.3,27.7
"1861821","USW00014822",39,27.5
"1861822","USW00014822",38.7,27.2
"1861823","USW00014822",38.4,27
"1861824","USW00014822",38.2,26.8
"1861825","USW00014822",37.9,26.6
"1861826","USW00014822",37.7,26.4
"1861827","USW00014822",37.4,26.1
"1861828","USW00014822",37.2,25.9
"1861829","USW00014822",37,25.7
"1861830","USW00014822",36.8,25.5
"1861831","USW00014822",36.6,25.3
"1861832","USW00014822",36.4,25.1
"1861833","USW00014822",36.2,24.9
"1861834","USW00014822",36,24.7
"1861835","USW00014822",35.8,24.5
"1861836","USW00014822",35.7,24.3
"1861837","USW00014822",35.5,24.1
"1861838","USW00014822",35.4,23.9
"1861839","USW00014822",35.2,23.7
"1861840","USW00014822",35.1,23.4
"1861841","USW00014822",35,23.2
"1861842","USW00014822",34.8,23
"1875385","USW00014922",24.9,11.5
"1875386","USW00014922",24.8,11.4
"1875387","USW00014922",24.8,11.2
"1875388","USW00014922",24.7,11.1
"1875389","USW00014922",24.7,11
"1875390","USW00014922",24.6,10.9
"1875391","USW00014922",24.6,10.7
"1875392","USW00014922",24.6,10.6
"1875393","USW00014922",24.5,10.5
"1875394","USW00014922",24.5,10.3
"1875395","USW00014922",24.4,10.2
"1875396","USW00014922",24.4,10.1
"1875397","USW00014922",24.4,9.9
"1875398","USW00014922",24.3,9.8
"1875399","USW00014922",24.3,9.6
"1875400","USW00014922",24.2,9.5
"1875401","USW00014922",24.2,9.3
"1875402","USW00014922",24.1,9.2
"1875403","USW00014922",24.1,9
"1875404","USW00014922",24,8.9
"1875405","USW00014922",23.9,8.7
"1875406","USW00014922",23.9,8.6
"1875407","USW00014922",23.8,8.5
"1875408","USW00014922",23.8,8.3
"1875409","USW00014922",23.7,8.2
"1875410","USW00014922",23.7,8.1
"1875411","USW00014922",23.7,8
"1875412","USW00014922",23.7,7.9
"1875413","USW00014922",23.6,7.8
"1875414","USW00014922",23.7,7.8
"1875415","USW00014922",23.7,7.7
"1875416","USW00014922",23.7,7.7
"1875417","USW00014922",23.7,7.7
"1875418","USW00014922",23.8,7.7
"1875419","USW00014922",23.9,7.7
"1875420","USW00014922",24,7.8
"1875421","USW00014922",24.1,7.9
"1875422","USW00014922",24.2,8
"1875423","USW00014922",24.4,8.1
"1875424","USW00014922",24.6,8.3
"1875425","USW00014922",24.8,8.5
"1875426","USW00014922",25.1,8.7
"1875427","USW00014922",25.3,9
"1875428","USW00014922",25.6,9.2
"1875429","USW00014922",25.9,9.6
"1875430","USW00014922",26.3,9.9
"1875431","USW00014922",26.6,10.3
"1875432","USW00014922",27,10.7
"1875433","USW00014922",27.5,11.1
"1875434","USW00014922",27.9,11.5
"1875435","USW00014922",28.4,12
"1875436","USW00014922",28.9,12.5
"1875437","USW00014922",29.4,13
"1875438","USW00014922",29.9,13.6
"1875439","USW00014922",30.5,14.1
"1875440","USW00014922",31,14.7
"1875441","USW00014922",31.6,15.3
"1875442","USW00014922",32.2,15.9
"1875443","USW00014922",32.8,16.5
"1875444","USW00014922",33.2,16.8
"1875445","USW00014922",33.5,17.2
"1875446","USW00014922",34.1,17.8
"1875447","USW00014922",34.8,18.4
"1875448","USW00014922",35.4,19.1
"1875449","USW00014922",36.1,19.8
"1875450","USW00014922",36.7,20.4
"1875451","USW00014922",37.4,21.1
"1875452","USW00014922",38,21.7
"1875453","USW00014922",38.7,22.4
"1875454","USW00014922",39.3,23
"1875455","USW00014922",40,23.6
"1875456","USW00014922",40.6,24.2
"1875457","USW00014922",41.2,24.8
"1875458","USW00014922",41.8,25.4
"1875459","USW00014922",42.4,26
"1875460","USW00014922",43,26.6
"1875461","USW00014922",43.6,27.1
"1875462","USW00014922",44.2,27.7
"1875463","USW00014922",44.7,28.2
"1875464","USW00014922",45.3,28.7
"1875465","USW00014922",45.8,29.1
"1875466","USW00014922",46.3,29.6
"1875467","USW00014922",46.8,30
"1875468","USW00014922",47.3,30.5
"1875469","USW00014922",47.8,30.9
"1875470","USW00014922",48.2,31.2
"1875471","USW00014922",48.7,31.6
"1875472","USW00014922",49.1,32
"1875473","USW00014922",49.5,32.3
"1875474","USW00014922",49.9,32.6
"1875475","USW00014922",50.3,33
"1875476","USW00014922",50.7,33.3
"1875477","USW00014922",51.1,33.6
"1875478","USW00014922",51.5,33.8
"1875479","USW00014922",51.9,34.1
"1875480","USW00014922",52.2,34.4
"1875481","USW00014922",52.6,34.7
"1875482","USW00014922",53,34.9
"1875483","USW00014922",53.3,35.2
"1875484","USW00014922",53.7,35.5
"1875485","USW00014922",54.1,35.7
"1875486","USW00014922",54.4,36
"1875487","USW00014922",54.8,36.3
"1875488","USW00014922",55.2,36.6
"1875489","USW00014922",55.6,36.8
"1875490","USW00014922",56,37.1
"1875491","USW00014922",56.4,37.4
"1875492","USW00014922",56.8,37.8
"1875493","USW00014922",57.2,38.1
"1875494","USW00014922",57.6,38.4
"1875495","USW00014922",58.1,38.8
"1875496","USW00014922",58.5,39.1
"1875497","USW00014922",58.9,39.5
"1875498","USW00014922",59.4,39.9
"1875499","USW00014922",59.9,40.3
"1875500","USW00014922",60.3,40.7
"1875501","USW00014922",60.8,41.1
"1875502","USW00014922",61.3,41.5
"1875503","USW00014922",61.8,42
"1875504","USW00014922",62.2,42.4
"1875505","USW00014922",62.7,42.9
"1875506","USW00014922",63.2,43.4
"1875507","USW00014922",63.7,43.9
"1875508","USW00014922",64.2,44.3
"1875509","USW00014922",64.7,44.8
"1875510","USW00014922",65.2,45.3
"1875511","USW00014922",65.7,45.8
"1875512","USW00014922",66.2,46.3
"1875513","USW00014922",66.7,46.8
"1875514","USW00014922",67.2,47.4
"1875515","USW00014922",67.7,47.9
"1875516","USW00014922",68.1,48.4
"1875517","USW00014922",68.6,48.9
"1875518","USW00014922",69,49.4
"1875519","USW00014922",69.5,49.9
"1875520","USW00014922",69.9,50.4
"1875521","USW00014922",70.4,50.8
"1875522","USW00014922",70.8,51.3
"1875523","USW00014922",71.2,51.8
"1875524","USW00014922",71.6,52.3
"1875525","USW00014922",72,52.7
"1875526","USW00014922",72.3,53.2
"1875527","USW00014922",72.7,53.6
"1875528","USW00014922",73.1,54
"1875529","USW00014922",73.4,54.4
"1875530","USW00014922",73.7,54.8
"1875531","USW00014922",74.1,55.2
"1875532","USW00014922",74.4,55.6
"1875533","USW00014922",74.7,56
"1875534","USW00014922",75,56.3
"1875535","USW00014922",75.3,56.7
"1875536","USW00014922",75.6,57
"1875537","USW00014922",75.9,57.4
"1875538","USW00014922",76.2,57.7
"1875539","USW00014922",76.4,58
"1875540","USW00014922",76.7,58.3
"1875541","USW00014922",77,58.6
"1875542","USW00014922",77.2,58.9
"1875543","USW00014922",77.5,59.2
"1875544","USW00014922",77.8,59.5
"1875545","USW00014922",78,59.8
"1875546","USW00014922",78.3,60
"1875547","USW00014922",78.5,60.3
"1875548","USW00014922",78.8,60.6
"1875549","USW00014922",79.1,60.8
"1875550","USW00014922",79.3,61.1
"1875551","USW00014922",79.6,61.3
"1875552","USW00014922",79.8,61.6
"1875553","USW00014922",80.1,61.8
"1875554","USW00014922",80.4,62
"1875555","USW00014922",80.6,62.3
"1875556","USW00014922",80.9,62.5
"1875557","USW00014922",81.2,62.7
"1875558","USW00014922",81.4,63
"1875559","USW00014922",81.7,63.2
"1875560","USW00014922",81.9,63.4
"1875561","USW00014922",82.2,63.6
"1875562","USW00014922",82.4,63.9
"1875563","USW00014922",82.7,64.1
"1875564","USW00014922",82.9,64.3
"1875565","USW00014922",83.2,64.5
"1875566","USW00014922",83.4,64.7
"1875567","USW00014922",83.6,64.9
"1875568","USW00014922",83.8,65
"1875569","USW00014922",84,65.2
"1875570","USW00014922",84.2,65.4
"1875571","USW00014922",84.4,65.6
"1875572","USW00014922",84.5,65.7
"1875573","USW00014922",84.7,65.8
"1875574","USW00014922",84.8,66
"1875575","USW00014922",85,66.1
"1875576","USW00014922",85.1,66.2
"1875577","USW00014922",85.2,66.3
"1875578","USW00014922",85.2,66.4
"1875579","USW00014922",85.3,66.5
"1875580","USW00014922",85.3,66.5
"1875581","USW00014922",85.4,66.6
"1875582","USW00014922",85.4,66.6
"1875583","USW00014922",85.4,66.7
"1875584","USW00014922",85.4,66.7
"1875585","USW00014922",85.3,66.7
"1875586","USW00014922",85.3,66.7
"1875587","USW00014922",85.2,66.7
"1875588","USW00014922",85.2,66.7
"1875589","USW00014922",85.1,66.6
"1875590","USW00014922",85,66.6
"1875591","USW00014922",84.9,66.5
"1875592","USW00014922",84.7,66.5
"1875593","USW00014922",84.6,66.4
"1875594","USW00014922",84.5,66.3
"1875595","USW00014922",84.3,66.2
"1875596","USW00014922",84.2,66.1
"1875597","USW00014922",84,66
"1875598","USW00014922",83.8,65.9
"1875599","USW00014922",83.7,65.8
"1875600","USW00014922",83.5,65.6
"1875601","USW00014922",83.3,65.5
"1875602","USW00014922",83.1,65.4
"1875603","USW00014922",83,65.2
"1875604","USW00014922",82.8,65.1
"1875605","USW00014922",82.6,65
"1875606","USW00014922",82.5,64.8
"1875607","USW00014922",82.3,64.7
"1875608","USW00014922",82.1,64.5
"1875609","USW00014922",82,64.4
"1875610","USW00014922",81.8,64.2
"1875611","USW00014922",81.6,64
"1875612","USW00014922",81.5,63.9
"1875613","USW00014922",81.3,63.7
"1875614","USW00014922",81.2,63.6
"1875615","USW00014922",81.1,63.4
"1875616","USW00014922",80.9,63.2
"1875617","USW00014922",80.8,63
"1875618","USW00014922",80.6,62.9
"1875619","USW00014922",80.5,62.7
"1875620","USW00014922",80.3,62.5
"1875621","USW00014922",80.2,62.3
"1875622","USW00014922",80,62.1
"1875623","USW00014922",79.9,61.9
"1875624","USW00014922",79.7,61.7
"1875625","USW00014922",79.6,61.5
"1875626","USW00014922",79.4,61.3
"1875627","USW00014922",79.2,61.1
"1875628","USW00014922",79,60.8
"1875629","USW00014922",78.8,60.6
"1875630","USW00014922",78.6,60.3
"1875631","USW00014922",78.4,60
"1875632","USW00014922",78.2,59.8
"1875633","USW00014922",77.9,59.5
"1875634","USW00014922",77.6,59.2
"1875635","USW00014922",77.3,58.8
"1875636","USW00014922",77,58.5
"1875637","USW00014922",76.7,58.2
"1875638","USW00014922",76.4,57.8
"1875639","USW00014922",76,57.4
"1875640","USW00014922",75.7,57
"1875641","USW00014922",75.3,56.6
"1875642","USW00014922",74.9,56.2
"1875643","USW00014922",74.4,55.8
"1875644","USW00014922",74,55.4
"1875645","USW00014922",73.5,54.9
"1875646","USW00014922",73,54.5
"1875647","USW00014922",72.5,54
"1875648","USW00014922",72,53.5
"1875649","USW00014922",71.5,53.1
"1875650","USW00014922",71,52.6
"1875651","USW00014922",70.4,52.1
"1875652","USW00014922",69.9,51.6
"1875653","USW00014922",69.3,51.1
"1875654","USW00014922",68.7,50.5
"1875655","USW00014922",68.1,50
"1875656","USW00014922",67.5,49.5
"1875657","USW00014922",66.9,49
"1875658","USW00014922",66.3,48.5
"1875659","USW00014922",65.7,48
"1875660","USW00014922",65.1,47.4
"1875661","USW00014922",64.5,46.9
"1875662","USW00014922",63.9,46.4
"1875663","USW00014922",63.3,45.9
"1875664","USW00014922",62.8,45.4
"1875665","USW00014922",62.2,44.9
"1875666","USW00014922",61.6,44.4
"1875667","USW00014922",61,44
"1875668","USW00014922",60.5,43.5
"1875669","USW00014922",59.9,43
"1875670","USW00014922",59.4,42.6
"1875671","USW00014922",58.9,42.1
"1875672","USW00014922",58.3,41.7
"1875673","USW00014922",57.8,41.2
"1875674","USW00014922",57.3,40.8
"1875675","USW00014922",56.8,40.4
"1875676","USW00014922",56.4,40
"1875677","USW00014922",55.9,39.6
"1875678","USW00014922",55.4,39.2
"1875679","USW00014922",55,38.8
"1875680","USW00014922",54.6,38.4
"1875681","USW00014922",54.1,38.1
"1875682","USW00014922",53.7,37.7
"1875683","USW00014922",53.3,37.3
"1875684","USW00014922",52.9,37
"1875685","USW00014922",52.5,36.6
"1875686","USW00014922",52.1,36.2
"1875687","USW00014922",51.6,35.9
"1875688","USW00014922",51.2,35.5
"1875689","USW00014922",50.8,35.1
"1875690","USW00014922",50.4,34.7
"1875691","USW00014922",50,34.4
"1875692","USW00014922",49.6,34
"1875693","USW00014922",49.2,33.6
"1875694","USW00014922",48.7,33.2
"1875695","USW00014922",48.3,32.8
"1875696","USW00014922",47.8,32.4
"1875697","USW00014922",47.4,32
"1875698","USW00014922",46.9,31.5
"1875699","USW00014922",46.4,31.1
"1875700","USW00014922",46,30.7
"1875701","USW00014922",45.5,30.2
"1875702","USW00014922",44.9,29.7
"1875703","USW00014922",44.4,29.3
"1875704","USW00014922",43.9,28.8
"1875705","USW00014922",43.4,28.3
"1875706","USW00014922",42.8,27.8
"1875707","USW00014922",42.2,27.3
"1875708","USW00014922",41.7,26.8
"1875709","USW00014922",41.1,26.3
"1875710","USW00014922",40.5,25.8
"1875711","USW00014922",39.9,25.2
"1875712","USW00014922",39.3,24.7
"1875713","USW00014922",38.7,24.2
"1875714","USW00014922",38.1,23.7
"1875715","USW00014922",37.5,23.1
"1875716","USW00014922",36.9,22.6
"1875717","USW00014922",36.3,22.1
"1875718","USW00014922",35.7,21.6
"1875719","USW00014922",35.2,21.1
"1875720","USW00014922",34.6,20.6
"1875721","USW00014922",34,20.1
"1875722","USW00014922",33.4,19.6
"1875723","USW00014922",32.9,19.1
"1875724","USW00014922",32.4,18.7
"1875725","USW00014922",31.8,18.2
"1875726","USW00014922",31.3,17.8
"1875727","USW00014922",30.8,17.3
"1875728","USW00014922",30.4,16.9
"1875729","USW00014922",29.9,16.5
"1875730","USW00014922",29.5,16.2
"1875731","USW00014922",29,15.8
"1875732","USW00014922",28.7,15.5
"1875733","USW00014922",28.3,15.1
"1875734","USW00014922",27.9,14.8
"1875735","USW00014922",27.6,14.5
"1875736","USW00014922",27.3,14.2
"1875737","USW00014922",27,14
"1875738","USW00014922",26.7,13.7
"1875739","USW00014922",26.5,13.5
"1875740","USW00014922",26.3,13.3
"1875741","USW00014922",26.1,13
"1875742","USW00014922",25.9,12.8
"1875743","USW00014922",25.7,12.7
"1875744","USW00014922",25.6,12.5
"1875745","USW00014922",25.4,12.3
"1875746","USW00014922",25.3,12.2
"1875747","USW00014922",25.2,12
"1875748","USW00014922",25.1,11.9
"1875749","USW00014922",25,11.7
"1875750","USW00014922",24.9,11.6
"1880143","USW00014939",36,15.4
"1880144","USW00014939",36,15.4
"1880145","USW00014939",36.1,15.4
"1880146","USW00014939",36.1,15.4
"1880147","USW00014939",36.1,15.4
"1880148","USW00014939",36.2,15.4
"1880149","USW00014939",36.2,15.3
"1880150","USW00014939",36.2,15.3
"1880151","USW00014939",36.3,15.3
"1880152","USW00014939",36.3,15.3
"1880153","USW00014939",36.4,15.3
"1880154","USW00014939",36.4,15.2
"1880155","USW00014939",36.5,15.2
"1880156","USW00014939",36.5,15.2
"1880157","USW00014939",36.5,15.1
"1880158","USW00014939",36.5,15.1
"1880159","USW00014939",36.6,15.1
"1880160","USW00014939",36.6,15
"1880161","USW00014939",36.6,15
"1880162","USW00014939",36.6,14.9
"1880163","USW00014939",36.6,14.8
"1880164","USW00014939",36.6,14.8
"1880165","USW00014939",36.6,14.7
"1880166","USW00014939",36.5,14.7
"1880167","USW00014939",36.5,14.6
"1880168","USW00014939",36.5,14.5
"1880169","USW00014939",36.5,14.5
"1880170","USW00014939",36.5,14.4
"1880171","USW00014939",36.5,14.4
"1880172","USW00014939",36.5,14.4
"1880173","USW00014939",36.5,14.4
"1880174","USW00014939",36.5,14.3
"1880175","USW00014939",36.5,14.3
"1880176","USW00014939",36.6,14.4
"1880177","USW00014939",36.6,14.4
"1880178","USW00014939",36.7,14.4
"1880179","USW00014939",36.8,14.5
"1880180","USW00014939",36.9,14.6
"1880181","USW00014939",37,14.7
"1880182","USW00014939",37.1,14.8
"1880183","USW00014939",37.3,14.9
"1880184","USW00014939",37.5,15.1
"1880185","USW00014939",37.7,15.3
"1880186","USW00014939",37.9,15.5
"1880187","USW00014939",38.2,15.7
"1880188","USW00014939",38.5,16
"1880189","USW00014939",38.8,16.3
"1880190","USW00014939",39.2,16.6
"1880191","USW00014939",39.6,16.9
"1880192","USW00014939",40,17.3
"1880193","USW00014939",40.4,17.6
"1880194","USW00014939",40.9,18
"1880195","USW00014939",41.4,18.5
"1880196","USW00014939",41.9,18.9
"1880197","USW00014939",42.4,19.4
"1880198","USW00014939",43,19.9
"1880199","USW00014939",43.5,20.3
"1880200","USW00014939",44.1,20.9
"1880201","USW00014939",44.8,21.4
"1880202","USW00014939",45.1,21.7
"1880203","USW00014939",45.4,21.9
"1880204","USW00014939",46,22.5
"1880205","USW00014939",46.7,23
"1880206","USW00014939",47.4,23.6
"1880207","USW00014939",48.1,24.2
"1880208","USW00014939",48.7,24.7
"1880209","USW00014939",49.4,25.3
"1880210","USW00014939",50.1,25.9
"1880211","USW00014939",50.8,26.5
"1880212","USW00014939",51.5,27
"1880213","USW00014939",52.2,27.6
"1880214","USW00014939",52.9,28.1
"1880215","USW00014939",53.5,28.7
"1880216","USW00014939",54.2,29.2
"1880217","USW00014939",54.8,29.7
"1880218","USW00014939",55.4,30.2
"1880219","USW00014939",56,30.7
"1880220","USW00014939",56.6,31.2
"1880221","USW00014939",57.2,31.7
"1880222","USW00014939",57.7,32.1
"1880223","USW00014939",58.2,32.5
"1880224","USW00014939",58.7,32.9
"1880225","USW00014939",59.2,33.3
"1880226","USW00014939",59.7,33.7
"1880227","USW00014939",60.1,34
"1880228","USW00014939",60.5,34.3
"1880229","USW00014939",60.9,34.6
"1880230","USW00014939",61.2,34.9
"1880231","USW00014939",61.6,35.2
"1880232","USW00014939",61.9,35.5
"1880233","USW00014939",62.1,35.7
"1880234","USW00014939",62.4,36
"1880235","USW00014939",62.7,36.2
"1880236","USW00014939",62.9,36.4
"1880237","USW00014939",63.1,36.6
"1880238","USW00014939",63.3,36.8
"1880239","USW00014939",63.5,37
"1880240","USW00014939",63.7,37.1
"1880241","USW00014939",63.8,37.3
"1880242","USW00014939",64,37.5
"1880243","USW00014939",64.1,37.7
"1880244","USW00014939",64.3,37.9
"1880245","USW00014939",64.4,38
"1880246","USW00014939",64.6,38.2
"1880247","USW00014939",64.7,38.4
"1880248","USW00014939",64.8,38.6
"1880249","USW00014939",65,38.8
"1880250","USW00014939",65.2,39.1
"1880251","USW00014939",65.3,39.3
"1880252","USW00014939",65.5,39.6
"1880253","USW00014939",65.7,39.8
"1880254","USW00014939",65.9,40.1
"1880255","USW00014939",66.1,40.4
"1880256","USW00014939",66.3,40.7
"1880257","USW00014939",66.6,41.1
"1880258","USW00014939",66.8,41.4
"1880259","USW00014939",67.1,41.8
"1880260","USW00014939",67.4,42.2
"1880261","USW00014939",67.7,42.6
"1880262","USW00014939",68,43
"1880263","USW00014939",68.3,43.4
"1880264","USW00014939",68.7,43.9
"1880265","USW00014939",69,44.3
"1880266","USW00014939",69.4,44.8
"1880267","USW00014939",69.8,45.3
"1880268","USW00014939",70.2,45.8
"1880269","USW00014939",70.7,46.3
"1880270","USW00014939",71.1,46.9
"1880271","USW00014939",71.6,47.4
"1880272","USW00014939",72,48
"1880273","USW00014939",72.5,48.5
"1880274","USW00014939",73,49.1
"1880275","USW00014939",73.4,49.6
"1880276","USW00014939",73.9,50.2
"1880277","USW00014939",74.4,50.7
"1880278","USW00014939",74.9,51.3
"1880279","USW00014939",75.4,51.8
"1880280","USW00014939",75.9,52.4
"1880281","USW00014939",76.4,52.9
"1880282","USW00014939",76.9,53.5
"1880283","USW00014939",77.4,54
"1880284","USW00014939",77.8,54.5
"1880285","USW00014939",78.3,55
"1880286","USW00014939",78.8,55.5
"1880287","USW00014939",79.2,56
"1880288","USW00014939",79.7,56.5
"1880289","USW00014939",80.1,57
"1880290","USW00014939",80.6,57.4
"1880291","USW00014939",81,57.8
"1880292","USW00014939",81.4,58.3
"1880293","USW00014939",81.8,58.7
"1880294","USW00014939",82.2,59.1
"1880295","USW00014939",82.6,59.4
"1880296","USW00014939",82.9,59.8
"1880297","USW00014939",83.3,60.1
"1880298","USW00014939",83.6,60.5
"1880299","USW00014939",83.9,60.8
"1880300","USW00014939",84.3,61.1
"1880301","USW00014939",84.6,61.4
"1880302","USW00014939",84.8,61.6
"1880303","USW00014939",85.1,61.9
"1880304","USW00014939",85.4,62.2
"1880305","USW00014939",85.7,62.4
"1880306","USW00014939",85.9,62.6
"1880307","USW00014939",86.2,62.9
"1880308","USW00014939",86.4,63.1
"1880309","USW00014939",86.6,63.3
"1880310","USW00014939",86.8,63.5
"1880311","USW00014939",87,63.7
"1880312","USW00014939",87.2,63.8
"1880313","USW00014939",87.4,64
"1880314","USW00014939",87.6,64.2
"1880315","USW00014939",87.8,64.4
"1880316","USW00014939",88,64.5
"1880317","USW00014939",88.1,64.7
"1880318","USW00014939",88.3,64.9
"1880319","USW00014939",88.4,65
"1880320","USW00014939",88.6,65.2
"1880321","USW00014939",88.7,65.3
"1880322","USW00014939",88.8,65.5
"1880323","USW00014939",89,65.6
"1880324","USW00014939",89.1,65.8
"1880325","USW00014939",89.2,65.9
"1880326","USW00014939",89.3,66
"1880327","USW00014939",89.4,66.2
"1880328","USW00014939",89.5,66.3
"1880329","USW00014939",89.6,66.4
"1880330","USW00014939",89.7,66.6
"1880331","USW00014939",89.7,66.7
"1880332","USW00014939",89.8,66.8
"1880333","USW00014939",89.9,66.9
"1880334","USW00014939",89.9,67
"1880335","USW00014939",90,67.1
"1880336","USW00014939",90,67.2
"1880337","USW00014939",90,67.3
"1880338","USW00014939",90,67.3
"1880339","USW00014939",90,67.4
"1880340","USW00014939",90,67.5
"1880341","USW00014939",90,67.5
"1880342","USW00014939",90,67.5
"1880343","USW00014939",90,67.6
"1880344","USW00014939",89.9,67.6
"1880345","USW00014939",89.9,67.6
"1880346","USW00014939",89.8,67.6
"1880347","USW00014939",89.8,67.6
"1880348","USW00014939",89.7,67.5
"1880349","USW00014939",89.6,67.5
"1880350","USW00014939",89.6,67.5
"1880351","USW00014939",89.5,67.4
"1880352","USW00014939",89.4,67.3
"1880353","USW00014939",89.3,67.2
"1880354","USW00014939",89.2,67.1
"1880355","USW00014939",89.1,67
"1880356","USW00014939",89,66.9
"1880357","USW00014939",88.9,66.8
"1880358","USW00014939",88.7,66.7
"1880359","USW00014939",88.6,66.5
"1880360","USW00014939",88.5,66.4
"1880361","USW00014939",88.4,66.2
"1880362","USW00014939",88.3,66.1
"1880363","USW00014939",88.1,65.9
"1880364","USW00014939",88,65.7
"1880365","USW00014939",87.9,65.5
"1880366","USW00014939",87.8,65.3
"1880367","USW00014939",87.6,65.1
"1880368","USW00014939",87.5,64.9
"1880369","USW00014939",87.4,64.7
"1880370","USW00014939",87.3,64.5
"1880371","USW00014939",87.1,64.3
"1880372","USW00014939",87,64.1
"1880373","USW00014939",86.9,63.8
"1880374","USW00014939",86.8,63.6
"1880375","USW00014939",86.6,63.4
"1880376","USW00014939",86.5,63.1
"1880377","USW00014939",86.4,62.9
"1880378","USW00014939",86.2,62.6
"1880379","USW00014939",86.1,62.4
"1880380","USW00014939",86,62.2
"1880381","USW00014939",85.8,61.9
"1880382","USW00014939",85.7,61.6
"1880383","USW00014939",85.5,61.4
"1880384","USW00014939",85.4,61.1
"1880385","USW00014939",85.2,60.8
"1880386","USW00014939",85,60.6
"1880387","USW00014939",84.8,60.3
"1880388","USW00014939",84.6,60
"1880389","USW00014939",84.4,59.7
"1880390","USW00014939",84.2,59.4
"1880391","USW00014939",83.9,59.1
"1880392","USW00014939",83.7,58.8
"1880393","USW00014939",83.4,58.4
"1880394","USW00014939",83.2,58.1
"1880395","USW00014939",82.9,57.8
"1880396","USW00014939",82.6,57.4
"1880397","USW00014939",82.2,57.1
"1880398","USW00014939",81.9,56.7
"1880399","USW00014939",81.6,56.3
"1880400","USW00014939",81.2,55.9
"1880401","USW00014939",80.8,55.5
"1880402","USW00014939",80.4,55.1
"1880403","USW00014939",80,54.7
"1880404","USW00014939",79.6,54.3
"1880405","USW00014939",79.1,53.9
"1880406","USW00014939",78.7,53.4
"1880407","USW00014939",78.2,53
"1880408","USW00014939",77.7,52.5
"1880409","USW00014939",77.3,52
"1880410","USW00014939",76.8,51.6
"1880411","USW00014939",76.3,51.1
"1880412","USW00014939",75.8,50.6
"1880413","USW00014939",75.2,50.1
"1880414","USW00014939",74.7,49.6
"1880415","USW00014939",74.2,49.1
"1880416","USW00014939",73.7,48.6
"1880417","USW00014939",73.1,48.1
"1880418","USW00014939",72.6,47.6
"1880419","USW00014939",72.1,47
"1880420","USW00014939",71.6,46.5
"1880421","USW00014939",71,46
"1880422","USW00014939",70.5,45.5
"1880423","USW00014939",70,45
"1880424","USW00014939",69.5,44.5
"1880425","USW00014939",69,43.9
"1880426","USW00014939",68.5,43.4
"1880427","USW00014939",68,42.9
"1880428","USW00014939",67.6,42.4
"1880429","USW00014939",67.1,41.9
"1880430","USW00014939",66.6,41.4
"1880431","USW00014939",66.2,41
"1880432","USW00014939",65.8,40.5
"1880433","USW00014939",65.3,40
"1880434","USW00014939",64.9,39.5
"1880435","USW00014939",64.5,39.1
"1880436","USW00014939",64.1,38.6
"1880437","USW00014939",63.7,38.2
"1880438","USW00014939",63.3,37.7
"1880439","USW00014939",63,37.3
"1880440","USW00014939",62.6,36.9
"1880441","USW00014939",62.2,36.5
"1880442","USW00014939",61.9,36
"1880443","USW00014939",61.5,35.6
"1880444","USW00014939",61.2,35.2
"1880445","USW00014939",60.8,34.8
"1880446","USW00014939",60.5,34.4
"1880447","USW00014939",60.1,34
"1880448","USW00014939",59.8,33.6
"1880449","USW00014939",59.4,33.2
"1880450","USW00014939",59,32.8
"1880451","USW00014939",58.7,32.4
"1880452","USW00014939",58.3,32.1
"1880453","USW00014939",57.9,31.7
"1880454","USW00014939",57.5,31.3
"1880455","USW00014939",57.1,30.9
"1880456","USW00014939",56.7,30.5
"1880457","USW00014939",56.3,30.1
"1880458","USW00014939",55.8,29.7
"1880459","USW00014939",55.4,29.3
"1880460","USW00014939",54.9,28.9
"1880461","USW00014939",54.4,28.5
"1880462","USW00014939",53.9,28.1
"1880463","USW00014939",53.4,27.7
"1880464","USW00014939",52.9,27.2
"1880465","USW00014939",52.4,26.8
"1880466","USW00014939",51.9,26.4
"1880467","USW00014939",51.3,26
"1880468","USW00014939",50.8,25.6
"1880469","USW00014939",50.2,25.1
"1880470","USW00014939",49.7,24.7
"1880471","USW00014939",49.1,24.3
"1880472","USW00014939",48.5,23.9
"1880473","USW00014939",47.9,23.5
"1880474","USW00014939",47.3,23.1
"1880475","USW00014939",46.8,22.7
"1880476","USW00014939",46.2,22.3
"1880477","USW00014939",45.6,21.9
"1880478","USW00014939",45,21.5
"1880479","USW00014939",44.5,21.1
"1880480","USW00014939",43.9,20.7
"1880481","USW00014939",43.4,20.3
"1880482","USW00014939",42.8,20
"1880483","USW00014939",42.3,19.6
"1880484","USW00014939",41.8,19.3
"1880485","USW00014939",41.3,19
"1880486","USW00014939",40.8,18.7
"1880487","USW00014939",40.4,18.4
"1880488","USW00014939",39.9,18.1
"1880489","USW00014939",39.5,17.8
"1880490","USW00014939",39.1,17.6
"1880491","USW00014939",38.8,17.4
"1880492","USW00014939",38.4,17.1
"1880493","USW00014939",38.1,16.9
"1880494","USW00014939",37.8,16.7
"1880495","USW00014939",37.5,16.6
"1880496","USW00014939",37.3,16.4
"1880497","USW00014939",37.1,16.3
"1880498","USW00014939",36.9,16.1
"1880499","USW00014939",36.7,16
"1880500","USW00014939",36.5,15.9
"1880501","USW00014939",36.4,15.8
"1880502","USW00014939",36.3,15.7
"1880503","USW00014939",36.2,15.7
"1880504","USW00014939",36.1,15.6
"1880505","USW00014939",36.1,15.6
"1880506","USW00014939",36,15.5
"1880507","USW00014939",36,15.5
"1880508","USW00014939",36,15.5
"1881241","USW00014942",34.1,16.4
"1881242","USW00014942",34.1,16.3
"1881243","USW00014942",34.1,16.3
"1881244","USW00014942",34.1,16.2
"1881245","USW00014942",34.1,16.2
"1881246","USW00014942",34.1,16.1
"1881247","USW00014942",34.2,16
"1881248","USW00014942",34.2,16
"1881249","USW00014942",34.2,15.9
"1881250","USW00014942",34.2,15.9
"1881251","USW00014942",34.3,15.8
"1881252","USW00014942",34.3,15.8
"1881253","USW00014942",34.3,15.7
"1881254","USW00014942",34.3,15.7
"1881255","USW00014942",34.3,15.6
"1881256","USW00014942",34.3,15.5
"1881257","USW00014942",34.3,15.5
"1881258","USW00014942",34.3,15.4
"1881259","USW00014942",34.3,15.3
"1881260","USW00014942",34.3,15.2
"1881261","USW00014942",34.3,15.2
"1881262","USW00014942",34.3,15.1
"1881263","USW00014942",34.2,15
"1881264","USW00014942",34.2,15
"1881265","USW00014942",34.2,14.9
"1881266","USW00014942",34.1,14.8
"1881267","USW00014942",34.1,14.8
"1881268","USW00014942",34.1,14.8
"1881269","USW00014942",34.1,14.7
"1881270","USW00014942",34.1,14.7
"1881271","USW00014942",34,14.7
"1881272","USW00014942",34,14.7
"1881273","USW00014942",34.1,14.7
"1881274","USW00014942",34.1,14.7
"1881275","USW00014942",34.1,14.7
"1881276","USW00014942",34.2,14.8
"1881277","USW00014942",34.3,14.9
"1881278","USW00014942",34.4,14.9
"1881279","USW00014942",34.5,15.1
"1881280","USW00014942",34.6,15.2
"1881281","USW00014942",34.8,15.3
"1881282","USW00014942",35,15.5
"1881283","USW00014942",35.2,15.7
"1881284","USW00014942",35.4,16
"1881285","USW00014942",35.7,16.2
"1881286","USW00014942",36,16.5
"1881287","USW00014942",36.3,16.8
"1881288","USW00014942",36.7,17.1
"1881289","USW00014942",37,17.5
"1881290","USW00014942",37.4,17.8
"1881291","USW00014942",37.9,18.2
"1881292","USW00014942",38.4,18.6
"1881293","USW00014942",38.9,19.1
"1881294","USW00014942",39.4,19.5
"1881295","USW00014942",39.9,20
"1881296","USW00014942",40.5,20.5
"1881297","USW00014942",41.1,21.1
"1881298","USW00014942",41.7,21.6
"1881299","USW00014942",42.3,22.1
"1881300","USW00014942",42.7,22.4
"1881301","USW00014942",43,22.7
"1881302","USW00014942",43.7,23.3
"1881303","USW00014942",44.3,23.9
"1881304","USW00014942",45,24.5
"1881305","USW00014942",45.7,25.1
"1881306","USW00014942",46.4,25.7
"1881307","USW00014942",47.1,26.3
"1881308","USW00014942",47.9,26.9
"1881309","USW00014942",48.6,27.5
"1881310","USW00014942",49.3,28.1
"1881311","USW00014942",50,28.7
"1881312","USW00014942",50.7,29.3
"1881313","USW00014942",51.4,29.8
"1881314","USW00014942",52.1,30.4
"1881315","USW00014942",52.7,31
"1881316","USW00014942",53.4,31.5
"1881317","USW00014942",54,32
"1881318","USW00014942",54.6,32.6
"1881319","USW00014942",55.2,33.1
"1881320","USW00014942",55.8,33.5
"1881321","USW00014942",56.4,34
"1881322","USW00014942",56.9,34.4
"1881323","USW00014942",57.4,34.9
"1881324","USW00014942",57.9,35.3
"1881325","USW00014942",58.4,35.7
"1881326","USW00014942",58.8,36
"1881327","USW00014942",59.2,36.4
"1881328","USW00014942",59.6,36.7
"1881329","USW00014942",60,37
"1881330","USW00014942",60.4,37.3
"1881331","USW00014942",60.7,37.6
"1881332","USW00014942",61,37.9
"1881333","USW00014942",61.3,38.1
"1881334","USW00014942",61.5,38.3
"1881335","USW00014942",61.8,38.6
"1881336","USW00014942",62,38.8
"1881337","USW00014942",62.3,39
"1881338","USW00014942",62.5,39.2
"1881339","USW00014942",62.7,39.4
"1881340","USW00014942",62.9,39.6
"1881341","USW00014942",63.1,39.8
"1881342","USW00014942",63.2,40
"1881343","USW00014942",63.4,40.1
"1881344","USW00014942",63.6,40.3
"1881345","USW00014942",63.8,40.5
"1881346","USW00014942",64,40.7
"1881347","USW00014942",64.1,40.9
"1881348","USW00014942",64.3,41.2
"1881349","USW00014942",64.5,41.4
"1881350","USW00014942",64.7,41.6
"1881351","USW00014942",65,41.9
"1881352","USW00014942",65.2,42.1
"1881353","USW00014942",65.4,42.4
"1881354","USW00014942",65.7,42.7
"1881355","USW00014942",65.9,43
"1881356","USW00014942",66.2,43.3
"1881357","USW00014942",66.5,43.7
"1881358","USW00014942",66.8,44
"1881359","USW00014942",67.1,44.4
"1881360","USW00014942",67.5,44.8
"1881361","USW00014942",67.8,45.2
"1881362","USW00014942",68.2,45.6
"1881363","USW00014942",68.6,46
"1881364","USW00014942",69,46.5
"1881365","USW00014942",69.4,46.9
"1881366","USW00014942",69.8,47.4
"1881367","USW00014942",70.2,47.9
"1881368","USW00014942",70.7,48.4
"1881369","USW00014942",71.1,48.9
"1881370","USW00014942",71.6,49.4
"1881371","USW00014942",72.1,49.9
"1881372","USW00014942",72.5,50.4
"1881373","USW00014942",73,51
"1881374","USW00014942",73.5,51.5
"1881375","USW00014942",74,52
"1881376","USW00014942",74.5,52.5
"1881377","USW00014942",75,53.1
"1881378","USW00014942",75.4,53.6
"1881379","USW00014942",75.9,54.1
"1881380","USW00014942",76.4,54.7
"1881381","USW00014942",76.9,55.2
"1881382","USW00014942",77.3,55.7
"1881383","USW00014942",77.8,56.2
"1881384","USW00014942",78.2,56.7
"1881385","USW00014942",78.7,57.1
"1881386","USW00014942",79.1,57.6
"1881387","USW00014942",79.5,58.1
"1881388","USW00014942",79.9,58.5
"1881389","USW00014942",80.3,58.9
"1881390","USW00014942",80.7,59.4
"1881391","USW00014942",81.1,59.8
"1881392","USW00014942",81.5,60.2
"1881393","USW00014942",81.8,60.5
"1881394","USW00014942",82.1,60.9
"1881395","USW00014942",82.5,61.3
"1881396","USW00014942",82.8,61.6
"1881397","USW00014942",83.1,61.9
"1881398","USW00014942",83.4,62.2
"1881399","USW00014942",83.7,62.5
"1881400","USW00014942",83.9,62.8
"1881401","USW00014942",84.2,63.1
"1881402","USW00014942",84.5,63.3
"1881403","USW00014942",84.7,63.6
"1881404","USW00014942",84.9,63.8
"1881405","USW00014942",85.2,64.1
"1881406","USW00014942",85.4,64.3
"1881407","USW00014942",85.6,64.5
"1881408","USW00014942",85.8,64.7
"1881409","USW00014942",86,64.9
"1881410","USW00014942",86.2,65.1
"1881411","USW00014942",86.3,65.3
"1881412","USW00014942",86.5,65.4
"1881413","USW00014942",86.7,65.6
"1881414","USW00014942",86.8,65.8
"1881415","USW00014942",87,65.9
"1881416","USW00014942",87.2,66.1
"1881417","USW00014942",87.3,66.3
"1881418","USW00014942",87.5,66.4
"1881419","USW00014942",87.6,66.6
"1881420","USW00014942",87.7,66.7
"1881421","USW00014942",87.9,66.8
"1881422","USW00014942",88,67
"1881423","USW00014942",88.1,67.1
"1881424","USW00014942",88.2,67.2
"1881425","USW00014942",88.3,67.4
"1881426","USW00014942",88.4,67.5
"1881427","USW00014942",88.5,67.6
"1881428","USW00014942",88.6,67.7
"1881429","USW00014942",88.7,67.8
"1881430","USW00014942",88.8,68
"1881431","USW00014942",88.8,68.1
"1881432","USW00014942",88.9,68.2
"1881433","USW00014942",88.9,68.2
"1881434","USW00014942",89,68.3
"1881435","USW00014942",89,68.4
"1881436","USW00014942",89,68.5
"1881437","USW00014942",89,68.6
"1881438","USW00014942",89,68.6
"1881439","USW00014942",89,68.7
"1881440","USW00014942",89,68.7
"1881441","USW00014942",89,68.7
"1881442","USW00014942",89,68.8
"1881443","USW00014942",88.9,68.8
"1881444","USW00014942",88.9,68.8
"1881445","USW00014942",88.8,68.8
"1881446","USW00014942",88.8,68.8
"1881447","USW00014942",88.7,68.7
"1881448","USW00014942",88.6,68.7
"1881449","USW00014942",88.5,68.7
"1881450","USW00014942",88.4,68.6
"1881451","USW00014942",88.3,68.5
"1881452","USW00014942",88.2,68.5
"1881453","USW00014942",88.1,68.4
"1881454","USW00014942",88,68.3
"1881455","USW00014942",87.9,68.2
"1881456","USW00014942",87.8,68.1
"1881457","USW00014942",87.6,68
"1881458","USW00014942",87.5,67.9
"1881459","USW00014942",87.4,67.7
"1881460","USW00014942",87.2,67.6
"1881461","USW00014942",87.1,67.4
"1881462","USW00014942",87,67.3
"1881463","USW00014942",86.8,67.1
"1881464","USW00014942",86.7,66.9
"1881465","USW00014942",86.6,66.8
"1881466","USW00014942",86.4,66.6
"1881467","USW00014942",86.3,66.4
"1881468","USW00014942",86.2,66.2
"1881469","USW00014942",86,66
"1881470","USW00014942",85.9,65.8
"1881471","USW00014942",85.8,65.6
"1881472","USW00014942",85.6,65.4
"1881473","USW00014942",85.5,65.2
"1881474","USW00014942",85.4,65
"1881475","USW00014942",85.2,64.7
"1881476","USW00014942",85.1,64.5
"1881477","USW00014942",84.9,64.3
"1881478","USW00014942",84.8,64
"1881479","USW00014942",84.6,63.8
"1881480","USW00014942",84.5,63.5
"1881481","USW00014942",84.3,63.3
"1881482","USW00014942",84.2,63
"1881483","USW00014942",84,62.8
"1881484","USW00014942",83.8,62.5
"1881485","USW00014942",83.6,62.2
"1881486","USW00014942",83.4,61.9
"1881487","USW00014942",83.2,61.6
"1881488","USW00014942",83,61.3
"1881489","USW00014942",82.8,61
"1881490","USW00014942",82.5,60.7
"1881491","USW00014942",82.3,60.4
"1881492","USW00014942",82,60.1
"1881493","USW00014942",81.7,59.7
"1881494","USW00014942",81.4,59.4
"1881495","USW00014942",81.1,59
"1881496","USW00014942",80.8,58.7
"1881497","USW00014942",80.4,58.3
"1881498","USW00014942",80.1,57.9
"1881499","USW00014942",79.7,57.5
"1881500","USW00014942",79.3,57.1
"1881501","USW00014942",78.9,56.7
"1881502","USW00014942",78.5,56.3
"1881503","USW00014942",78.1,55.9
"1881504","USW00014942",77.6,55.4
"1881505","USW00014942",77.2,55
"1881506","USW00014942",76.7,54.5
"1881507","USW00014942",76.2,54.1
"1881508","USW00014942",75.7,53.6
"1881509","USW00014942",75.2,53.1
"1881510","USW00014942",74.7,52.6
"1881511","USW00014942",74.2,52.2
"1881512","USW00014942",73.7,51.7
"1881513","USW00014942",73.2,51.2
"1881514","USW00014942",72.6,50.7
"1881515","USW00014942",72.1,50.2
"1881516","USW00014942",71.6,49.7
"1881517","USW00014942",71,49.2
"1881518","USW00014942",70.5,48.7
"1881519","USW00014942",70,48.2
"1881520","USW00014942",69.4,47.7
"1881521","USW00014942",68.9,47.2
"1881522","USW00014942",68.4,46.7
"1881523","USW00014942",67.9,46.2
"1881524","USW00014942",67.4,45.7
"1881525","USW00014942",66.9,45.2
"1881526","USW00014942",66.4,44.7
"1881527","USW00014942",65.9,44.2
"1881528","USW00014942",65.4,43.7
"1881529","USW00014942",64.9,43.3
"1881530","USW00014942",64.5,42.8
"1881531","USW00014942",64,42.3
"1881532","USW00014942",63.6,41.9
"1881533","USW00014942",63.2,41.4
"1881534","USW00014942",62.7,41
"1881535","USW00014942",62.3,40.6
"1881536","USW00014942",61.9,40.1
"1881537","USW00014942",61.5,39.7
"1881538","USW00014942",61.1,39.3
"1881539","USW00014942",60.7,38.9
"1881540","USW00014942",60.3,38.5
"1881541","USW00014942",60,38
"1881542","USW00014942",59.6,37.6
"1881543","USW00014942",59.2,37.2
"1881544","USW00014942",58.8,36.8
"1881545","USW00014942",58.5,36.5
"1881546","USW00014942",58.1,36.1
"1881547","USW00014942",57.7,35.7
"1881548","USW00014942",57.3,35.3
"1881549","USW00014942",56.9,34.9
"1881550","USW00014942",56.5,34.5
"1881551","USW00014942",56.1,34.1
"1881552","USW00014942",55.7,33.7
"1881553","USW00014942",55.3,33.3
"1881554","USW00014942",54.9,32.9
"1881555","USW00014942",54.4,32.5
"1881556","USW00014942",54,32.1
"1881557","USW00014942",53.5,31.7
"1881558","USW00014942",53.1,31.3
"1881559","USW00014942",52.6,30.9
"1881560","USW00014942",52.1,30.5
"1881561","USW00014942",51.6,30.1
"1881562","USW00014942",51.1,29.7
"1881563","USW00014942",50.6,29.2
"1881564","USW00014942",50,28.8
"1881565","USW00014942",49.5,28.4
"1881566","USW00014942",48.9,28
"1881567","USW00014942",48.4,27.5
"1881568","USW00014942",47.8,27.1
"1881569","USW00014942",47.3,26.7
"1881570","USW00014942",46.7,26.2
"1881571","USW00014942",46.1,25.8
"1881572","USW00014942",45.5,25.4
"1881573","USW00014942",44.9,25
"1881574","USW00014942",44.4,24.5
"1881575","USW00014942",43.8,24.1
"1881576","USW00014942",43.2,23.7
"1881577","USW00014942",42.7,23.3
"1881578","USW00014942",42.1,22.9
"1881579","USW00014942",41.6,22.5
"1881580","USW00014942",41,22.1
"1881581","USW00014942",40.5,21.8
"1881582","USW00014942",40,21.4
"1881583","USW00014942",39.5,21
"1881584","USW00014942",39.1,20.7
"1881585","USW00014942",38.6,20.4
"1881586","USW00014942",38.2,20.1
"1881587","USW00014942",37.8,19.8
"1881588","USW00014942",37.4,19.5
"1881589","USW00014942",37,19.2
"1881590","USW00014942",36.7,18.9
"1881591","USW00014942",36.3,18.7
"1881592","USW00014942",36,18.4
"1881593","USW00014942",35.8,18.2
"1881594","USW00014942",35.5,18
"1881595","USW00014942",35.3,17.8
"1881596","USW00014942",35.1,17.6
"1881597","USW00014942",34.9,17.5
"1881598","USW00014942",34.7,17.3
"1881599","USW00014942",34.6,17.2
"1881600","USW00014942",34.5,17.1
"1881601","USW00014942",34.4,16.9
"1881602","USW00014942",34.3,16.8
"1881603","USW00014942",34.2,16.7
"1881604","USW00014942",34.2,16.6
"1881605","USW00014942",34.1,16.6
"1881606","USW00014942",34.1,16.5
"1887829","USW00022521",80.8,68.2
"1887830","USW00022521",80.7,68.1
"1887831","USW00022521",80.7,68
"1887832","USW00022521",80.7,67.9
"1887833","USW00022521",80.7,67.9
"1887834","USW00022521",80.7,67.8
"1887835","USW00022521",80.6,67.7
"1887836","USW00022521",80.6,67.7
"1887837","USW00022521",80.6,67.6
"1887838","USW00022521",80.6,67.6
"1887839","USW00022521",80.6,67.5
"1887840","USW00022521",80.6,67.5
"1887841","USW00022521",80.6,67.4
"1887842","USW00022521",80.6,67.4
"1887843","USW00022521",80.6,67.4
"1887844","USW00022521",80.6,67.4
"1887845","USW00022521",80.6,67.3
"1887846","USW00022521",80.6,67.3
"1887847","USW00022521",80.6,67.3
"1887848","USW00022521",80.6,67.3
"1887849","USW00022521",80.6,67.3
"1887850","USW00022521",80.6,67.3
"1887851","USW00022521",80.6,67.3
"1887852","USW00022521",80.6,67.3
"1887853","USW00022521",80.6,67.3
"1887854","USW00022521",80.6,67.3
"1887855","USW00022521",80.6,67.3
"1887856","USW00022521",80.6,67.3
"1887857","USW00022521",80.6,67.3
"1887858","USW00022521",80.6,67.3
"1887859","USW00022521",80.6,67.3
"1887860","USW00022521",80.6,67.3
"1887861","USW00022521",80.6,67.4
"1887862","USW00022521",80.6,67.4
"1887863","USW00022521",80.6,67.4
"1887864","USW00022521",80.6,67.4
"1887865","USW00022521",80.6,67.4
"1887866","USW00022521",80.5,67.5
"1887867","USW00022521",80.5,67.5
"1887868","USW00022521",80.5,67.5
"1887869","USW00022521",80.5,67.5
"1887870","USW00022521",80.5,67.5
"1887871","USW00022521",80.5,67.6
"1887872","USW00022521",80.5,67.6
"1887873","USW00022521",80.5,67.6
"1887874","USW00022521",80.5,67.6
"1887875","USW00022521",80.5,67.6
"1887876","USW00022521",80.5,67.6
"1887877","USW00022521",80.5,67.7
"1887878","USW00022521",80.5,67.7
"1887879","USW00022521",80.5,67.7
"1887880","USW00022521",80.5,67.7
"1887881","USW00022521",80.4,67.7
"1887882","USW00022521",80.4,67.8
"1887883","USW00022521",80.4,67.8
"1887884","USW00022521",80.4,67.8
"1887885","USW00022521",80.4,67.8
"1887886","USW00022521",80.5,67.8
"1887887","USW00022521",80.5,67.9
"1887888","USW00022521",80.5,67.9
"1887889","USW00022521",80.5,67.9
"1887890","USW00022521",80.5,67.9
"1887891","USW00022521",80.5,67.9
"1887892","USW00022521",80.5,68
"1887893","USW00022521",80.5,68
"1887894","USW00022521",80.6,68
"1887895","USW00022521",80.6,68
"1887896","USW00022521",80.6,68.1
"1887897","USW00022521",80.6,68.1
"1887898","USW00022521",80.7,68.2
"1887899","USW00022521",80.7,68.2
"1887900","USW00022521",80.7,68.2
"1887901","USW00022521",80.8,68.3
"1887902","USW00022521",80.8,68.3
"1887903","USW00022521",80.9,68.4
"1887904","USW00022521",80.9,68.4
"1887905","USW00022521",81,68.5
"1887906","USW00022521",81,68.5
"1887907","USW00022521",81.1,68.6
"1887908","USW00022521",81.1,68.6
"1887909","USW00022521",81.2,68.7
"1887910","USW00022521",81.2,68.8
"1887911","USW00022521",81.3,68.8
"1887912","USW00022521",81.4,68.9
"1887913","USW00022521",81.4,69
"1887914","USW00022521",81.5,69
"1887915","USW00022521",81.6,69.1
"1887916","USW00022521",81.6,69.2
"1887917","USW00022521",81.7,69.2
"1887918","USW00022521",81.8,69.3
"1887919","USW00022521",81.8,69.4
"1887920","USW00022521",81.9,69.4
"1887921","USW00022521",82,69.5
"1887922","USW00022521",82,69.6
"1887923","USW00022521",82.1,69.7
"1887924","USW00022521",82.2,69.7
"1887925","USW00022521",82.2,69.8
"1887926","USW00022521",82.3,69.9
"1887927","USW00022521",82.4,69.9
"1887928","USW00022521",82.4,70
"1887929","USW00022521",82.5,70
"1887930","USW00022521",82.6,70.1
"1887931","USW00022521",82.6,70.2
"1887932","USW00022521",82.7,70.2
"1887933","USW00022521",82.7,70.3
"1887934","USW00022521",82.8,70.3
"1887935","USW00022521",82.9,70.4
"1887936","USW00022521",82.9,70.4
"1887937","USW00022521",83,70.5
"1887938","USW00022521",83,70.5
"1887939","USW00022521",83.1,70.6
"1887940","USW00022521",83.1,70.6
"1887941","USW00022521",83.2,70.7
"1887942","USW00022521",83.2,70.7
"1887943","USW00022521",83.3,70.7
"1887944","USW00022521",83.3,70.8
"1887945","USW00022521",83.4,70.8
"1887946","USW00022521",83.4,70.9
"1887947","USW00022521",83.5,70.9
"1887948","USW00022521",83.5,70.9
"1887949","USW00022521",83.6,71
"1887950","USW00022521",83.6,71
"1887951","USW00022521",83.7,71
"1887952","USW00022521",83.7,71.1
"1887953","USW00022521",83.8,71.1
"1887954","USW00022521",83.8,71.1
"1887955","USW00022521",83.9,71.2
"1887956","USW00022521",83.9,71.2
"1887957","USW00022521",84,71.3
"1887958","USW00022521",84.1,71.3
"1887959","USW00022521",84.1,71.3
"1887960","USW00022521",84.2,71.4
"1887961","USW00022521",84.2,71.4
"1887962","USW00022521",84.3,71.5
"1887963","USW00022521",84.3,71.5
"1887964","USW00022521",84.4,71.6
"1887965","USW00022521",84.5,71.6
"1887966","USW00022521",84.5,71.7
"1887967","USW00022521",84.6,71.7
"1887968","USW00022521",84.7,71.8
"1887969","USW00022521",84.7,71.9
"1887970","USW00022521",84.8,71.9
"1887971","USW00022521",84.8,72
"1887972","USW00022521",84.9,72.1
"1887973","USW00022521",85,72.1
"1887974","USW00022521",85.1,72.2
"1887975","USW00022521",85.1,72.3
"1887976","USW00022521",85.2,72.3
"1887977","USW00022521",85.3,72.4
"1887978","USW00022521",85.3,72.5
"1887979","USW00022521",85.4,72.6
"1887980","USW00022521",85.5,72.6
"1887981","USW00022521",85.6,72.7
"1887982","USW00022521",85.6,72.8
"1887983","USW00022521",85.7,72.9
"1887984","USW00022521",85.8,73
"1887985","USW00022521",85.8,73
"1887986","USW00022521",85.9,73.1
"1887987","USW00022521",86,73.2
"1887988","USW00022521",86,73.3
"1887989","USW00022521",86.1,73.4
"1887990","USW00022521",86.2,73.4
"1887991","USW00022521",86.2,73.5
"1887992","USW00022521",86.3,73.6
"1887993","USW00022521",86.4,73.7
"1887994","USW00022521",86.4,73.7
"1887995","USW00022521",86.5,73.8
"1887996","USW00022521",86.6,73.9
"1887997","USW00022521",86.6,74
"1887998","USW00022521",86.7,74
"1887999","USW00022521",86.7,74.1
"1888000","USW00022521",86.8,74.2
"1888001","USW00022521",86.9,74.2
"1888002","USW00022521",86.9,74.3
"1888003","USW00022521",87,74.3
"1888004","USW00022521",87,74.4
"1888005","USW00022521",87.1,74.4
"1888006","USW00022521",87.1,74.5
"1888007","USW00022521",87.2,74.5
"1888008","USW00022521",87.2,74.6
"1888009","USW00022521",87.3,74.6
"1888010","USW00022521",87.3,74.7
"1888011","USW00022521",87.4,74.7
"1888012","USW00022521",87.4,74.8
"1888013","USW00022521",87.5,74.8
"1888014","USW00022521",87.5,74.9
"1888015","USW00022521",87.5,74.9
"1888016","USW00022521",87.6,74.9
"1888017","USW00022521",87.6,75
"1888018","USW00022521",87.7,75
"1888019","USW00022521",87.7,75
"1888020","USW00022521",87.7,75.1
"1888021","USW00022521",87.8,75.1
"1888022","USW00022521",87.8,75.1
"1888023","USW00022521",87.8,75.2
"1888024","USW00022521",87.9,75.2
"1888025","USW00022521",87.9,75.2
"1888026","USW00022521",87.9,75.2
"1888027","USW00022521",88,75.3
"1888028","USW00022521",88,75.3
"1888029","USW00022521",88,75.3
"1888030","USW00022521",88.1,75.3
"1888031","USW00022521",88.1,75.4
"1888032","USW00022521",88.1,75.4
"1888033","USW00022521",88.1,75.4
"1888034","USW00022521",88.2,75.4
"1888035","USW00022521",88.2,75.4
"1888036","USW00022521",88.2,75.5
"1888037","USW00022521",88.2,75.5
"1888038","USW00022521",88.3,75.5
"1888039","USW00022521",88.3,75.5
"1888040","USW00022521",88.3,75.5
"1888041","USW00022521",88.3,75.5
"1888042","USW00022521",88.3,75.5
"1888043","USW00022521",88.3,75.6
"1888044","USW00022521",88.4,75.6
"1888045","USW00022521",88.4,75.6
"1888046","USW00022521",88.4,75.6
"1888047","USW00022521",88.4,75.6
"1888048","USW00022521",88.4,75.6
"1888049","USW00022521",88.4,75.6
"1888050","USW00022521",88.4,75.6
"1888051","USW00022521",88.4,75.6
"1888052","USW00022521",88.4,75.6
"1888053","USW00022521",88.4,75.6
"1888054","USW00022521",88.4,75.6
"1888055","USW00022521",88.4,75.6
"1888056","USW00022521",88.4,75.6
"1888057","USW00022521",88.4,75.5
"1888058","USW00022521",88.4,75.5
"1888059","USW00022521",88.4,75.5
"1888060","USW00022521",88.4,75.5
"1888061","USW00022521",88.4,75.5
"1888062","USW00022521",88.4,75.5
"1888063","USW00022521",88.4,75.5
"1888064","USW00022521",88.4,75.5
"1888065","USW00022521",88.4,75.4
"1888066","USW00022521",88.4,75.4
"1888067","USW00022521",88.4,75.4
"1888068","USW00022521",88.4,75.4
"1888069","USW00022521",88.4,75.4
"1888070","USW00022521",88.4,75.3
"1888071","USW00022521",88.3,75.3
"1888072","USW00022521",88.3,75.3
"1888073","USW00022521",88.3,75.3
"1888074","USW00022521",88.3,75.3
"1888075","USW00022521",88.3,75.2
"1888076","USW00022521",88.3,75.2
"1888077","USW00022521",88.3,75.2
"1888078","USW00022521",88.2,75.2
"1888079","USW00022521",88.2,75.2
"1888080","USW00022521",88.2,75.1
"1888081","USW00022521",88.2,75.1
"1888082","USW00022521",88.2,75.1
"1888083","USW00022521",88.1,75.1
"1888084","USW00022521",88.1,75.1
"1888085","USW00022521",88.1,75
"1888086","USW00022521",88.1,75
"1888087","USW00022521",88,75
"1888088","USW00022521",88,75
"1888089","USW00022521",88,75
"1888090","USW00022521",88,75
"1888091","USW00022521",87.9,74.9
"1888092","USW00022521",87.9,74.9
"1888093","USW00022521",87.9,74.9
"1888094","USW00022521",87.9,74.9
"1888095","USW00022521",87.8,74.9
"1888096","USW00022521",87.8,74.8
"1888097","USW00022521",87.7,74.8
"1888098","USW00022521",87.7,74.8
"1888099","USW00022521",87.7,74.8
"1888100","USW00022521",87.6,74.8
"1888101","USW00022521",87.6,74.7
"1888102","USW00022521",87.5,74.7
"1888103","USW00022521",87.5,74.7
"1888104","USW00022521",87.5,74.7
"1888105","USW00022521",87.4,74.6
"1888106","USW00022521",87.4,74.6
"1888107","USW00022521",87.3,74.6
"1888108","USW00022521",87.3,74.5
"1888109","USW00022521",87.2,74.5
"1888110","USW00022521",87.1,74.5
"1888111","USW00022521",87.1,74.4
"1888112","USW00022521",87,74.4
"1888113","USW00022521",87,74.3
"1888114","USW00022521",86.9,74.3
"1888115","USW00022521",86.8,74.2
"1888116","USW00022521",86.8,74.2
"1888117","USW00022521",86.7,74.1
"1888118","USW00022521",86.7,74.1
"1888119","USW00022521",86.6,74
"1888120","USW00022521",86.5,74
"1888121","USW00022521",86.4,73.9
"1888122","USW00022521",86.4,73.8
"1888123","USW00022521",86.3,73.8
"1888124","USW00022521",86.2,73.7
"1888125","USW00022521",86.1,73.6
"1888126","USW00022521",86.1,73.6
"1888127","USW00022521",86,73.5
"1888128","USW00022521",85.9,73.4
"1888129","USW00022521",85.8,73.4
"1888130","USW00022521",85.8,73.3
"1888131","USW00022521",85.7,73.2
"1888132","USW00022521",85.6,73.2
"1888133","USW00022521",85.5,73.1
"1888134","USW00022521",85.4,73
"1888135","USW00022521",85.4,72.9
"1888136","USW00022521",85.3,72.9
"1888137","USW00022521",85.2,72.8
"1888138","USW00022521",85.1,72.7
"1888139","USW00022521",85,72.7
"1888140","USW00022521",84.9,72.6
"1888141","USW00022521",84.9,72.5
"1888142","USW00022521",84.8,72.4
"1888143","USW00022521",84.7,72.4
"1888144","USW00022521",84.6,72.3
"1888145","USW00022521",84.5,72.2
"1888146","USW00022521",84.4,72.2
"1888147","USW00022521",84.3,72.1
"1888148","USW00022521",84.3,72
"1888149","USW00022521",84.2,72
"1888150","USW00022521",84.1,71.9
"1888151","USW00022521",84,71.8
"1888152","USW00022521",83.9,71.8
"1888153","USW00022521",83.8,71.7
"1888154","USW00022521",83.7,71.6
"1888155","USW00022521",83.6,71.6
"1888156","USW00022521",83.6,71.5
"1888157","USW00022521",83.5,71.4
"1888158","USW00022521",83.4,71.3
"1888159","USW00022521",83.3,71.3
"1888160","USW00022521",83.2,71.2
"1888161","USW00022521",83.1,71.1
"1888162","USW00022521",83,71.1
"1888163","USW00022521",82.9,71
"1888164","USW00022521",82.8,70.9
"1888165","USW00022521",82.8,70.8
"1888166","USW00022521",82.7,70.8
"1888167","USW00022521",82.6,70.7
"1888168","USW00022521",82.5,70.6
"1888169","USW00022521",82.4,70.5
"1888170","USW00022521",82.3,70.4
"1888171","USW00022521",82.2,70.3
"1888172","USW00022521",82.2,70.3
"1888173","USW00022521",82.1,70.2
"1888174","USW00022521",82,70.1
"1888175","USW00022521",81.9,70
"1888176","USW00022521",81.8,69.9
"1888177","USW00022521",81.8,69.8
"1888178","USW00022521",81.7,69.7
"1888179","USW00022521",81.6,69.6
"1888180","USW00022521",81.6,69.5
"1888181","USW00022521",81.5,69.4
"1888182","USW00022521",81.4,69.3
"1888183","USW00022521",81.4,69.2
"1888184","USW00022521",81.3,69.1
"1888185","USW00022521",81.2,69
"1888186","USW00022521",81.2,68.9
"1888187","USW00022521",81.1,68.9
"1888188","USW00022521",81.1,68.8
"1888189","USW00022521",81,68.7
"1888190","USW00022521",81,68.6
"1888191","USW00022521",80.9,68.5
"1888192","USW00022521",80.9,68.4
"1888193","USW00022521",80.8,68.3
"1888194","USW00022521",80.8,68.2
"1891855","USW00023044",56.5,32.7
"1891856","USW00023044",56.5,32.7
"1891857","USW00023044",56.6,32.7
"1891858","USW00023044",56.6,32.7
"1891859","USW00023044",56.7,32.7
"1891860","USW00023044",56.8,32.7
"1891861","USW00023044",56.9,32.8
"1891862","USW00023044",57,32.8
"1891863","USW00023044",57.1,32.8
"1891864","USW00023044",57.2,32.9
"1891865","USW00023044",57.4,33
"1891866","USW00023044",57.5,33.1
"1891867","USW00023044",57.7,33.1
"1891868","USW00023044",57.9,33.2
"1891869","USW00023044",58.1,33.3
"1891870","USW00023044",58.3,33.4
"1891871","USW00023044",58.5,33.5
"1891872","USW00023044",58.7,33.7
"1891873","USW00023044",58.9,33.8
"1891874","USW00023044",59.1,33.9
"1891875","USW00023044",59.4,34.1
"1891876","USW00023044",59.6,34.2
"1891877","USW00023044",59.9,34.3
"1891878","USW00023044",60.1,34.5
"1891879","USW00023044",60.4,34.7
"1891880","USW00023044",60.6,34.8
"1891881","USW00023044",60.9,35
"1891882","USW00023044",61.1,35.1
"1891883","USW00023044",61.4,35.3
"1891884","USW00023044",61.6,35.5
"1891885","USW00023044",61.9,35.7
"1891886","USW00023044",62.1,35.8
"1891887","USW00023044",62.4,36
"1891888","USW00023044",62.6,36.2
"1891889","USW00023044",62.9,36.4
"1891890","USW00023044",63.1,36.6
"1891891","USW00023044",63.3,36.8
"1891892","USW00023044",63.6,37
"1891893","USW00023044",63.8,37.1
"1891894","USW00023044",64,37.3
"1891895","USW00023044",64.3,37.5
"1891896","USW00023044",64.5,37.7
"1891897","USW00023044",64.7,38
"1891898","USW00023044",65,38.2
"1891899","USW00023044",65.2,38.4
"1891900","USW00023044",65.4,38.6
"1891901","USW00023044",65.6,38.8
"1891902","USW00023044",65.9,39
"1891903","USW00023044",66.1,39.3
"1891904","USW00023044",66.3,39.5
"1891905","USW00023044",66.5,39.7
"1891906","USW00023044",66.8,40
"1891907","USW00023044",67,40.2
"1891908","USW00023044",67.2,40.5
"1891909","USW00023044",67.5,40.7
"1891910","USW00023044",67.7,41
"1891911","USW00023044",68,41.2
"1891912","USW00023044",68.3,41.5
"1891913","USW00023044",68.5,41.8
"1891914","USW00023044",68.7,41.9
"1891915","USW00023044",68.8,42.1
"1891916","USW00023044",69.1,42.4
"1891917","USW00023044",69.4,42.6
"1891918","USW00023044",69.7,42.9
"1891919","USW00023044",70,43.2
"1891920","USW00023044",70.3,43.5
"1891921","USW00023044",70.6,43.9
"1891922","USW00023044",70.9,44.2
"1891923","USW00023044",71.3,44.5
"1891924","USW00023044",71.6,44.8
"1891925","USW00023044",71.9,45.1
"1891926","USW00023044",72.3,45.4
"1891927","USW00023044",72.6,45.8
"1891928","USW00023044",73,46.1
"1891929","USW00023044",73.3,46.4
"1891930","USW00023044",73.7,46.7
"1891931","USW00023044",74,47.1
"1891932","USW00023044",74.4,47.4
"1891933","USW00023044",74.8,47.7
"1891934","USW00023044",75.1,48
"1891935","USW00023044",75.5,48.3
"1891936","USW00023044",75.8,48.6
"1891937","USW00023044",76.1,48.9
"1891938","USW00023044",76.5,49.3
"1891939","USW00023044",76.8,49.5
"1891940","USW00023044",77.1,49.8
"1891941","USW00023044",77.4,50.1
"1891942","USW00023044",77.7,50.4
"1891943","USW00023044",78,50.7
"1891944","USW00023044",78.3,50.9
"1891945","USW00023044",78.6,51.2
"1891946","USW00023044",78.8,51.4
"1891947","USW00023044",79.1,51.7
"1891948","USW00023044",79.3,51.9
"1891949","USW00023044",79.6,52.1
"1891950","USW00023044",79.8,52.4
"1891951","USW00023044",80,52.6
"1891952","USW00023044",80.1,52.8
"1891953","USW00023044",80.3,53
"1891954","USW00023044",80.5,53.1
"1891955","USW00023044",80.6,53.3
"1891956","USW00023044",80.8,53.5
"1891957","USW00023044",80.9,53.7
"1891958","USW00023044",81,53.9
"1891959","USW00023044",81.2,54
"1891960","USW00023044",81.3,54.2
"1891961","USW00023044",81.4,54.3
"1891962","USW00023044",81.5,54.5
"1891963","USW00023044",81.6,54.7
"1891964","USW00023044",81.7,54.8
"1891965","USW00023044",81.8,55
"1891966","USW00023044",81.9,55.1
"1891967","USW00023044",82,55.3
"1891968","USW00023044",82.1,55.5
"1891969","USW00023044",82.2,55.6
"1891970","USW00023044",82.4,55.8
"1891971","USW00023044",82.5,56
"1891972","USW00023044",82.6,56.2
"1891973","USW00023044",82.8,56.4
"1891974","USW00023044",83,56.6
"1891975","USW00023044",83.1,56.8
"1891976","USW00023044",83.3,57
"1891977","USW00023044",83.5,57.3
"1891978","USW00023044",83.8,57.5
"1891979","USW00023044",84,57.8
"1891980","USW00023044",84.3,58
"1891981","USW00023044",84.6,58.3
"1891982","USW00023044",84.9,58.6
"1891983","USW00023044",85.2,58.9
"1891984","USW00023044",85.5,59.2
"1891985","USW00023044",85.9,59.5
"1891986","USW00023044",86.2,59.9
"1891987","USW00023044",86.6,60.2
"1891988","USW00023044",87,60.6
"1891989","USW00023044",87.4,60.9
"1891990","USW00023044",87.9,61.3
"1891991","USW00023044",88.3,61.7
"1891992","USW00023044",88.7,62.1
"1891993","USW00023044",89.2,62.5
"1891994","USW00023044",89.7,62.9
"1891995","USW00023044",90.2,63.3
"1891996","USW00023044",90.6,63.7
"1891997","USW00023044",91.1,64.2
"1891998","USW00023044",91.6,64.6
"1891999","USW00023044",92.1,65
"1892000","USW00023044",92.6,65.4
"1892001","USW00023044",93.1,65.9
"1892002","USW00023044",93.6,66.3
"1892003","USW00023044",94,66.7
"1892004","USW00023044",94.5,67.1
"1892005","USW00023044",94.9,67.5
"1892006","USW00023044",95.4,67.9
"1892007","USW00023044",95.8,68.3
"1892008","USW00023044",96.2,68.7
"1892009","USW00023044",96.6,69.1
"1892010","USW00023044",96.9,69.4
"1892011","USW00023044",97.3,69.8
"1892012","USW00023044",97.6,70.1
"1892013","USW00023044",97.9,70.4
"1892014","USW00023044",98.2,70.7
"1892015","USW00023044",98.4,71
"1892016","USW00023044",98.6,71.3
"1892017","USW00023044",98.8,71.6
"1892018","USW00023044",99,71.8
"1892019","USW00023044",99.1,72.1
"1892020","USW00023044",99.3,72.3
"1892021","USW00023044",99.3,72.5
"1892022","USW00023044",99.4,72.7
"1892023","USW00023044",99.5,72.8
"1892024","USW00023044",99.5,73
"1892025","USW00023044",99.5,73.1
"1892026","USW00023044",99.4,73.2
"1892027","USW00023044",99.4,73.3
"1892028","USW00023044",99.3,73.4
"1892029","USW00023044",99.2,73.5
"1892030","USW00023044",99.1,73.6
"1892031","USW00023044",99,73.6
"1892032","USW00023044",98.9,73.7
"1892033","USW00023044",98.7,73.7
"1892034","USW00023044",98.6,73.7
"1892035","USW00023044",98.4,73.7
"1892036","USW00023044",98.2,73.7
"1892037","USW00023044",98,73.7
"1892038","USW00023044",97.9,73.7
"1892039","USW00023044",97.7,73.7
"1892040","USW00023044",97.5,73.7
"1892041","USW00023044",97.3,73.6
"1892042","USW00023044",97.1,73.6
"1892043","USW00023044",97,73.6
"1892044","USW00023044",96.8,73.6
"1892045","USW00023044",96.6,73.5
"1892046","USW00023044",96.5,73.5
"1892047","USW00023044",96.3,73.5
"1892048","USW00023044",96.2,73.4
"1892049","USW00023044",96.1,73.4
"1892050","USW00023044",96,73.4
"1892051","USW00023044",95.9,73.3
"1892052","USW00023044",95.8,73.3
"1892053","USW00023044",95.7,73.3
"1892054","USW00023044",95.6,73.3
"1892055","USW00023044",95.6,73.3
"1892056","USW00023044",95.6,73.3
"1892057","USW00023044",95.5,73.2
"1892058","USW00023044",95.5,73.2
"1892059","USW00023044",95.5,73.2
"1892060","USW00023044",95.5,73.2
"1892061","USW00023044",95.5,73.2
"1892062","USW00023044",95.5,73.2
"1892063","USW00023044",95.5,73.2
"1892064","USW00023044",95.6,73.2
"1892065","USW00023044",95.6,73.3
"1892066","USW00023044",95.6,73.3
"1892067","USW00023044",95.6,73.3
"1892068","USW00023044",95.7,73.3
"1892069","USW00023044",95.7,73.3
"1892070","USW00023044",95.7,73.3
"1892071","USW00023044",95.8,73.3
"1892072","USW00023044",95.8,73.3
"1892073","USW00023044",95.8,73.2
"1892074","USW00023044",95.8,73.2
"1892075","USW00023044",95.8,73.2
"1892076","USW00023044",95.8,73.2
"1892077","USW00023044",95.8,73.1
"1892078","USW00023044",95.7,73.1
"1892079","USW00023044",95.7,73
"1892080","USW00023044",95.6,73
"1892081","USW00023044",95.6,72.9
"1892082","USW00023044",95.5,72.8
"1892083","USW00023044",95.4,72.8
"1892084","USW00023044",95.3,72.7
"1892085","USW00023044",95.2,72.6
"1892086","USW00023044",95,72.4
"1892087","USW00023044",94.9,72.3
"1892088","USW00023044",94.7,72.2
"1892089","USW00023044",94.5,72
"1892090","USW00023044",94.4,71.9
"1892091","USW00023044",94.2,71.7
"1892092","USW00023044",93.9,71.6
"1892093","USW00023044",93.7,71.4
"1892094","USW00023044",93.5,71.2
"1892095","USW00023044",93.2,71
"1892096","USW00023044",93,70.8
"1892097","USW00023044",92.7,70.5
"1892098","USW00023044",92.4,70.3
"1892099","USW00023044",92.2,70.1
"1892100","USW00023044",91.9,69.8
"1892101","USW00023044",91.6,69.6
"1892102","USW00023044",91.3,69.3
"1892103","USW00023044",91,69.1
"1892104","USW00023044",90.7,68.8
"1892105","USW00023044",90.4,68.5
"1892106","USW00023044",90.2,68.2
"1892107","USW00023044",89.9,67.9
"1892108","USW00023044",89.6,67.6
"1892109","USW00023044",89.3,67.3
"1892110","USW00023044",89,67
"1892111","USW00023044",88.7,66.7
"1892112","USW00023044",88.5,66.4
"1892113","USW00023044",88.2,66.1
"1892114","USW00023044",87.9,65.8
"1892115","USW00023044",87.7,65.5
"1892116","USW00023044",87.4,65.1
"1892117","USW00023044",87.2,64.8
"1892118","USW00023044",86.9,64.5
"1892119","USW00023044",86.7,64.1
"1892120","USW00023044",86.4,63.8
"1892121","USW00023044",86.2,63.4
"1892122","USW00023044",86,63.1
"1892123","USW00023044",85.7,62.8
"1892124","USW00023044",85.5,62.4
"1892125","USW00023044",85.3,62.1
"1892126","USW00023044",85.1,61.7
"1892127","USW00023044",84.9,61.4
"1892128","USW00023044",84.7,61
"1892129","USW00023044",84.4,60.6
"1892130","USW00023044",84.2,60.3
"1892131","USW00023044",84,59.9
"1892132","USW00023044",83.8,59.5
"1892133","USW00023044",83.6,59.2
"1892134","USW00023044",83.3,58.8
"1892135","USW00023044",83.1,58.4
"1892136","USW00023044",82.9,58
"1892137","USW00023044",82.6,57.6
"1892138","USW00023044",82.4,57.3
"1892139","USW00023044",82.1,56.9
"1892140","USW00023044",81.9,56.5
"1892141","USW00023044",81.6,56.1
"1892142","USW00023044",81.3,55.7
"1892143","USW00023044",81,55.3
"1892144","USW00023044",80.7,54.9
"1892145","USW00023044",80.4,54.5
"1892146","USW00023044",80.1,54.1
"1892147","USW00023044",79.8,53.7
"1892148","USW00023044",79.5,53.3
"1892149","USW00023044",79.1,52.8
"1892150","USW00023044",78.8,52.4
"1892151","USW00023044",78.4,52
"1892152","USW00023044",78,51.6
"1892153","USW00023044",77.7,51.2
"1892154","USW00023044",77.3,50.8
"1892155","USW00023044",76.9,50.4
"1892156","USW00023044",76.5,49.9
"1892157","USW00023044",76.1,49.5
"1892158","USW00023044",75.7,49.1
"1892159","USW00023044",75.3,48.7
"1892160","USW00023044",74.9,48.3
"1892161","USW00023044",74.4,47.9
"1892162","USW00023044",74,47.5
"1892163","USW00023044",73.6,47.1
"1892164","USW00023044",73.2,46.7
"1892165","USW00023044",72.7,46.3
"1892166","USW00023044",72.3,45.9
"1892167","USW00023044",71.8,45.5
"1892168","USW00023044",71.4,45.1
"1892169","USW00023044",71,44.7
"1892170","USW00023044",70.5,44.3
"1892171","USW00023044",70.1,43.9
"1892172","USW00023044",69.7,43.5
"1892173","USW00023044",69.2,43.2
"1892174","USW00023044",68.8,42.8
"1892175","USW00023044",68.4,42.4
"1892176","USW00023044",68,42.1
"1892177","USW00023044",67.5,41.7
"1892178","USW00023044",67.1,41.4
"1892179","USW00023044",66.7,41
"1892180","USW00023044",66.3,40.7
"1892181","USW00023044",65.9,40.4
"1892182","USW00023044",65.5,40.1
"1892183","USW00023044",65.1,39.7
"1892184","USW00023044",64.7,39.4
"1892185","USW00023044",64.4,39.1
"1892186","USW00023044",64,38.8
"1892187","USW00023044",63.6,38.5
"1892188","USW00023044",63.2,38.2
"1892189","USW00023044",62.9,37.9
"1892190","USW00023044",62.5,37.7
"1892191","USW00023044",62.2,37.4
"1892192","USW00023044",61.9,37.1
"1892193","USW00023044",61.5,36.9
"1892194","USW00023044",61.2,36.6
"1892195","USW00023044",60.9,36.4
"1892196","USW00023044",60.6,36.1
"1892197","USW00023044",60.3,35.9
"1892198","USW00023044",60,35.7
"1892199","USW00023044",59.7,35.4
"1892200","USW00023044",59.5,35.2
"1892201","USW00023044",59.2,35
"1892202","USW00023044",58.9,34.8
"1892203","USW00023044",58.7,34.6
"1892204","USW00023044",58.5,34.4
"1892205","USW00023044",58.2,34.3
"1892206","USW00023044",58,34.1
"1892207","USW00023044",57.8,33.9
"1892208","USW00023044",57.7,33.8
"1892209","USW00023044",57.5,33.7
"1892210","USW00023044",57.3,33.5
"1892211","USW00023044",57.2,33.4
"1892212","USW00023044",57,33.3
"1892213","USW00023044",56.9,33.2
"1892214","USW00023044",56.8,33.1
"1892215","USW00023044",56.7,33
"1892216","USW00023044",56.7,32.9
"1892217","USW00023044",56.6,32.9
"1892218","USW00023044",56.6,32.8
"1892219","USW00023044",56.5,32.8
"1892220","USW00023044",56.5,32.7
"1899907","USW00023129",67.9,46.6
"1899908","USW00023129",68,46.6
"1899909","USW00023129",68.1,46.7
"1899910","USW00023129",68.3,46.7
"1899911","USW00023129",68.4,46.8
"1899912","USW00023129",68.5,46.8
"1899913","USW00023129",68.6,46.9
"1899914","USW00023129",68.7,46.9
"1899915","USW00023129",68.8,47
"1899916","USW00023129",68.9,47
"1899917","USW00023129",68.9,47
"1899918","USW00023129",69,47.1
"1899919","USW00023129",69,47.1
"1899920","USW00023129",69.1,47.1
"1899921","USW00023129",69.1,47.2
"1899922","USW00023129",69.1,47.2
"1899923","USW00023129",69.1,47.2
"1899924","USW00023129",69.1,47.2
"1899925","USW00023129",69.1,47.3
"1899926","USW00023129",69,47.3
"1899927","USW00023129",69,47.3
"1899928","USW00023129",68.9,47.3
"1899929","USW00023129",68.9,47.3
"1899930","USW00023129",68.8,47.3
"1899931","USW00023129",68.8,47.3
"1899932","USW00023129",68.7,47.3
"1899933","USW00023129",68.6,47.3
"1899934","USW00023129",68.5,47.3
"1899935","USW00023129",68.4,47.3
"1899936","USW00023129",68.3,47.3
"1899937","USW00023129",68.3,47.3
"1899938","USW00023129",68.2,47.4
"1899939","USW00023129",68.1,47.4
"1899940","USW00023129",68,47.4
"1899941","USW00023129",67.9,47.4
"1899942","USW00023129",67.8,47.4
"1899943","USW00023129",67.8,47.5
"1899944","USW00023129",67.7,47.5
"1899945","USW00023129",67.6,47.5
"1899946","USW00023129",67.6,47.6
"1899947","USW00023129",67.5,47.6
"1899948","USW00023129",67.5,47.7
"1899949","USW00023129",67.5,47.7
"1899950","USW00023129",67.5,47.8
"1899951","USW00023129",67.4,47.9
"1899952","USW00023129",67.4,48
"1899953","USW00023129",67.4,48
"1899954","USW00023129",67.4,48.1
"1899955","USW00023129",67.5,48.2
"1899956","USW00023129",67.5,48.3
"1899957","USW00023129",67.5,48.4
"1899958","USW00023129",67.6,48.5
"1899959","USW00023129",67.6,48.7
"1899960","USW00023129",67.7,48.8
"1899961","USW00023129",67.8,48.9
"1899962","USW00023129",67.8,49
"1899963","USW00023129",67.9,49.2
"1899964","USW00023129",68,49.3
"1899965","USW00023129",68.1,49.4
"1899966","USW00023129",68.2,49.5
"1899967","USW00023129",68.2,49.6
"1899968","USW00023129",68.3,49.7
"1899969","USW00023129",68.4,49.9
"1899970","USW00023129",68.5,50
"1899971","USW00023129",68.6,50.1
"1899972","USW00023129",68.8,50.3
"1899973","USW00023129",68.9,50.4
"1899974","USW00023129",69,50.6
"1899975","USW00023129",69.1,50.7
"1899976","USW00023129",69.2,50.8
"1899977","USW00023129",69.4,51
"1899978","USW00023129",69.5,51.1
"1899979","USW00023129",69.6,51.2
"1899980","USW00023129",69.7,51.4
"1899981","USW00023129",69.8,51.5
"1899982","USW00023129",69.9,51.6
"1899983","USW00023129",70.1,51.7
"1899984","USW00023129",70.2,51.8
"1899985","USW00023129",70.3,52
"1899986","USW00023129",70.4,52.1
"1899987","USW00023129",70.5,52.2
"1899988","USW00023129",70.6,52.3
"1899989","USW00023129",70.7,52.4
"1899990","USW00023129",70.8,52.5
"1899991","USW00023129",70.9,52.6
"1899992","USW00023129",71,52.6
"1899993","USW00023129",71.1,52.7
"1899994","USW00023129",71.2,52.8
"1899995","USW00023129",71.3,52.9
"1899996","USW00023129",71.4,53
"1899997","USW00023129",71.5,53.1
"1899998","USW00023129",71.6,53.1
"1899999","USW00023129",71.7,53.2
"1900000","USW00023129",71.8,53.3
"1900001","USW00023129",71.8,53.4
"1900002","USW00023129",71.9,53.5
"1900003","USW00023129",72,53.5
"1900004","USW00023129",72.1,53.6
"1900005","USW00023129",72.2,53.7
"1900006","USW00023129",72.3,53.8
"1900007","USW00023129",72.4,53.9
"1900008","USW00023129",72.4,54
"1900009","USW00023129",72.5,54.1
"1900010","USW00023129",72.6,54.2
"1900011","USW00023129",72.7,54.3
"1900012","USW00023129",72.8,54.4
"1900013","USW00023129",72.8,54.5
"1900014","USW00023129",72.9,54.6
"1900015","USW00023129",73,54.7
"1900016","USW00023129",73,54.8
"1900017","USW00023129",73.1,54.9
"1900018","USW00023129",73.1,55
"1900019","USW00023129",73.2,55.1
"1900020","USW00023129",73.3,55.3
"1900021","USW00023129",73.3,55.4
"1900022","USW00023129",73.3,55.5
"1900023","USW00023129",73.4,55.6
"1900024","USW00023129",73.4,55.8
"1900025","USW00023129",73.4,55.9
"1900026","USW00023129",73.5,56
"1900027","USW00023129",73.5,56.2
"1900028","USW00023129",73.5,56.3
"1900029","USW00023129",73.5,56.4
"1900030","USW00023129",73.5,56.5
"1900031","USW00023129",73.5,56.7
"1900032","USW00023129",73.5,56.8
"1900033","USW00023129",73.5,56.9
"1900034","USW00023129",73.5,57.1
"1900035","USW00023129",73.5,57.2
"1900036","USW00023129",73.5,57.3
"1900037","USW00023129",73.5,57.4
"1900038","USW00023129",73.5,57.6
"1900039","USW00023129",73.4,57.7
"1900040","USW00023129",73.4,57.8
"1900041","USW00023129",73.4,57.9
"1900042","USW00023129",73.4,58
"1900043","USW00023129",73.4,58.2
"1900044","USW00023129",73.4,58.3
"1900045","USW00023129",73.4,58.4
"1900046","USW00023129",73.4,58.5
"1900047","USW00023129",73.4,58.6
"1900048","USW00023129",73.4,58.7
"1900049","USW00023129",73.4,58.8
"1900050","USW00023129",73.4,58.9
"1900051","USW00023129",73.5,59
"1900052","USW00023129",73.5,59.1
"1900053","USW00023129",73.5,59.2
"1900054","USW00023129",73.6,59.3
"1900055","USW00023129",73.7,59.4
"1900056","USW00023129",73.7,59.5
"1900057","USW00023129",73.8,59.6
"1900058","USW00023129",73.9,59.7
"1900059","USW00023129",74.1,59.9
"1900060","USW00023129",74.2,60
"1900061","USW00023129",74.3,60.1
"1900062","USW00023129",74.5,60.2
"1900063","USW00023129",74.6,60.3
"1900064","USW00023129",74.8,60.4
"1900065","USW00023129",75,60.6
"1900066","USW00023129",75.2,60.7
"1900067","USW00023129",75.4,60.8
"1900068","USW00023129",75.6,60.9
"1900069","USW00023129",75.8,61.1
"1900070","USW00023129",76,61.2
"1900071","USW00023129",76.2,61.4
"1900072","USW00023129",76.5,61.5
"1900073","USW00023129",76.7,61.6
"1900074","USW00023129",77,61.8
"1900075","USW00023129",77.2,61.9
"1900076","USW00023129",77.5,62.1
"1900077","USW00023129",77.8,62.3
"1900078","USW00023129",78,62.4
"1900079","USW00023129",78.3,62.6
"1900080","USW00023129",78.5,62.7
"1900081","USW00023129",78.8,62.9
"1900082","USW00023129",79,63.1
"1900083","USW00023129",79.3,63.2
"1900084","USW00023129",79.5,63.4
"1900085","USW00023129",79.8,63.5
"1900086","USW00023129",80,63.7
"1900087","USW00023129",80.2,63.8
"1900088","USW00023129",80.4,64
"1900089","USW00023129",80.6,64.2
"1900090","USW00023129",80.8,64.3
"1900091","USW00023129",81,64.4
"1900092","USW00023129",81.2,64.6
"1900093","USW00023129",81.3,64.7
"1900094","USW00023129",81.5,64.9
"1900095","USW00023129",81.6,65
"1900096","USW00023129",81.8,65.1
"1900097","USW00023129",81.9,65.2
"1900098","USW00023129",82,65.3
"1900099","USW00023129",82.1,65.4
"1900100","USW00023129",82.2,65.5
"1900101","USW00023129",82.3,65.6
"1900102","USW00023129",82.3,65.7
"1900103","USW00023129",82.4,65.8
"1900104","USW00023129",82.5,65.8
"1900105","USW00023129",82.5,65.9
"1900106","USW00023129",82.5,66
"1900107","USW00023129",82.6,66
"1900108","USW00023129",82.6,66.1
"1900109","USW00023129",82.6,66.1
"1900110","USW00023129",82.7,66.1
"1900111","USW00023129",82.7,66.2
"1900112","USW00023129",82.7,66.2
"1900113","USW00023129",82.7,66.2
"1900114","USW00023129",82.8,66.2
"1900115","USW00023129",82.8,66.2
"1900116","USW00023129",82.8,66.2
"1900117","USW00023129",82.9,66.2
"1900118","USW00023129",82.9,66.2
"1900119","USW00023129",82.9,66.2
"1900120","USW00023129",83,66.2
"1900121","USW00023129",83,66.2
"1900122","USW00023129",83.1,66.2
"1900123","USW00023129",83.1,66.2
"1900124","USW00023129",83.2,66.2
"1900125","USW00023129",83.2,66.1
"1900126","USW00023129",83.3,66.1
"1900127","USW00023129",83.4,66.1
"1900128","USW00023129",83.5,66.1
"1900129","USW00023129",83.5,66.1
"1900130","USW00023129",83.6,66.1
"1900131","USW00023129",83.7,66
"1900132","USW00023129",83.8,66
"1900133","USW00023129",83.9,66
"1900134","USW00023129",84,66
"1900135","USW00023129",84.1,66
"1900136","USW00023129",84.2,66
"1900137","USW00023129",84.3,66
"1900138","USW00023129",84.4,66
"1900139","USW00023129",84.5,65.9
"1900140","USW00023129",84.6,65.9
"1900141","USW00023129",84.7,65.9
"1900142","USW00023129",84.8,65.9
"1900143","USW00023129",84.8,65.9
"1900144","USW00023129",84.9,65.9
"1900145","USW00023129",85,65.9
"1900146","USW00023129",85,65.9
"1900147","USW00023129",85.1,65.8
"1900148","USW00023129",85.1,65.8
"1900149","USW00023129",85.1,65.8
"1900150","USW00023129",85.1,65.8
"1900151","USW00023129",85.1,65.7
"1900152","USW00023129",85.1,65.7
"1900153","USW00023129",85.1,65.7
"1900154","USW00023129",85.1,65.6
"1900155","USW00023129",85,65.6
"1900156","USW00023129",85,65.5
"1900157","USW00023129",84.9,65.5
"1900158","USW00023129",84.8,65.4
"1900159","USW00023129",84.7,65.4
"1900160","USW00023129",84.6,65.3
"1900161","USW00023129",84.5,65.2
"1900162","USW00023129",84.3,65.1
"1900163","USW00023129",84.2,65
"1900164","USW00023129",84.1,64.9
"1900165","USW00023129",83.9,64.9
"1900166","USW00023129",83.7,64.7
"1900167","USW00023129",83.6,64.6
"1900168","USW00023129",83.4,64.5
"1900169","USW00023129",83.2,64.4
"1900170","USW00023129",83.1,64.3
"1900171","USW00023129",82.9,64.1
"1900172","USW00023129",82.7,64
"1900173","USW00023129",82.5,63.9
"1900174","USW00023129",82.3,63.7
"1900175","USW00023129",82.1,63.6
"1900176","USW00023129",82,63.4
"1900177","USW00023129",81.8,63.3
"1900178","USW00023129",81.6,63.1
"1900179","USW00023129",81.4,62.9
"1900180","USW00023129",81.3,62.8
"1900181","USW00023129",81.1,62.6
"1900182","USW00023129",81,62.4
"1900183","USW00023129",80.8,62.3
"1900184","USW00023129",80.7,62.1
"1900185","USW00023129",80.6,61.9
"1900186","USW00023129",80.5,61.7
"1900187","USW00023129",80.4,61.5
"1900188","USW00023129",80.3,61.4
"1900189","USW00023129",80.2,61.2
"1900190","USW00023129",80.1,61
"1900191","USW00023129",80,60.8
"1900192","USW00023129",79.9,60.6
"1900193","USW00023129",79.8,60.4
"1900194","USW00023129",79.8,60.2
"1900195","USW00023129",79.7,60.1
"1900196","USW00023129",79.7,59.9
"1900197","USW00023129",79.6,59.7
"1900198","USW00023129",79.5,59.5
"1900199","USW00023129",79.5,59.3
"1900200","USW00023129",79.4,59.1
"1900201","USW00023129",79.4,58.9
"1900202","USW00023129",79.3,58.7
"1900203","USW00023129",79.2,58.5
"1900204","USW00023129",79.1,58.3
"1900205","USW00023129",79.1,58.1
"1900206","USW00023129",79,57.8
"1900207","USW00023129",78.9,57.6
"1900208","USW00023129",78.7,57.4
"1900209","USW00023129",78.6,57.2
"1900210","USW00023129",78.5,57
"1900211","USW00023129",78.3,56.7
"1900212","USW00023129",78.2,56.5
"1900213","USW00023129",78,56.3
"1900214","USW00023129",77.8,56
"1900215","USW00023129",77.6,55.8
"1900216","USW00023129",77.4,55.5
"1900217","USW00023129",77.1,55.3
"1900218","USW00023129",76.9,55
"1900219","USW00023129",76.6,54.8
"1900220","USW00023129",76.4,54.5
"1900221","USW00023129",76.1,54.2
"1900222","USW00023129",75.8,54
"1900223","USW00023129",75.4,53.7
"1900224","USW00023129",75.1,53.4
"1900225","USW00023129",74.8,53.1
"1900226","USW00023129",74.4,52.9
"1900227","USW00023129",74.1,52.6
"1900228","USW00023129",73.7,52.3
"1900229","USW00023129",73.3,52
"1900230","USW00023129",73,51.7
"1900231","USW00023129",72.6,51.5
"1900232","USW00023129",72.2,51.2
"1900233","USW00023129",71.8,50.9
"1900234","USW00023129",71.5,50.6
"1900235","USW00023129",71.1,50.4
"1900236","USW00023129",70.7,50.1
"1900237","USW00023129",70.4,49.8
"1900238","USW00023129",70,49.6
"1900239","USW00023129",69.7,49.3
"1900240","USW00023129",69.4,49.1
"1900241","USW00023129",69,48.9
"1900242","USW00023129",68.7,48.6
"1900243","USW00023129",68.5,48.4
"1900244","USW00023129",68.2,48.2
"1900245","USW00023129",67.9,48
"1900246","USW00023129",67.7,47.8
"1900247","USW00023129",67.5,47.7
"1900248","USW00023129",67.3,47.5
"1900249","USW00023129",67.1,47.3
"1900250","USW00023129",67,47.2
"1900251","USW00023129",66.8,47.1
"1900252","USW00023129",66.7,46.9
"1900253","USW00023129",66.6,46.8
"1900254","USW00023129",66.5,46.7
"1900255","USW00023129",66.5,46.6
"1900256","USW00023129",66.4,46.6
"1900257","USW00023129",66.4,46.5
"1900258","USW00023129",66.4,46.4
"1900259","USW00023129",66.4,46.4
"1900260","USW00023129",66.5,46.4
"1900261","USW00023129",66.5,46.3
"1900262","USW00023129",66.6,46.3
"1900263","USW00023129",66.7,46.3
"1900264","USW00023129",66.8,46.3
"1900265","USW00023129",66.9,46.3
"1900266","USW00023129",67,46.3
"1900267","USW00023129",67.1,46.4
"1900268","USW00023129",67.2,46.4
"1900269","USW00023129",67.4,46.4
"1900270","USW00023129",67.5,46.5
"1900271","USW00023129",67.6,46.5
"1900272","USW00023129",67.7,46.5
"1905397","USW00023174",66.9,49.1
"1905398","USW00023174",67,49.2
"1905399","USW00023174",67.1,49.2
"1905400","USW00023174",67.2,49.3
"1905401","USW00023174",67.3,49.3
"1905402","USW00023174",67.3,49.4
"1905403","USW00023174",67.4,49.4
"1905404","USW00023174",67.5,49.5
"1905405","USW00023174",67.5,49.5
"1905406","USW00023174",67.6,49.5
"1905407","USW00023174",67.6,49.6
"1905408","USW00023174",67.7,49.6
"1905409","USW00023174",67.7,49.6
"1905410","USW00023174",67.7,49.6
"1905411","USW00023174",67.7,49.6
"1905412","USW00023174",67.7,49.6
"1905413","USW00023174",67.7,49.6
"1905414","USW00023174",67.7,49.6
"1905415","USW00023174",67.7,49.6
"1905416","USW00023174",67.6,49.6
"1905417","USW00023174",67.6,49.6
"1905418","USW00023174",67.5,49.6
"1905419","USW00023174",67.5,49.6
"1905420","USW00023174",67.4,49.6
"1905421","USW00023174",67.4,49.6
"1905422","USW00023174",67.3,49.5
"1905423","USW00023174",67.2,49.5
"1905424","USW00023174",67.1,49.5
"1905425","USW00023174",67.1,49.5
"1905426","USW00023174",67,49.5
"1905427","USW00023174",66.9,49.5
"1905428","USW00023174",66.8,49.4
"1905429","USW00023174",66.7,49.4
"1905430","USW00023174",66.7,49.4
"1905431","USW00023174",66.6,49.4
"1905432","USW00023174",66.5,49.4
"1905433","USW00023174",66.4,49.4
"1905434","USW00023174",66.4,49.5
"1905435","USW00023174",66.3,49.5
"1905436","USW00023174",66.3,49.5
"1905437","USW00023174",66.2,49.5
"1905438","USW00023174",66.2,49.6
"1905439","USW00023174",66.1,49.6
"1905440","USW00023174",66.1,49.6
"1905441","USW00023174",66,49.7
"1905442","USW00023174",66,49.8
"1905443","USW00023174",66,49.8
"1905444","USW00023174",66,49.9
"1905445","USW00023174",66,50
"1905446","USW00023174",66,50
"1905447","USW00023174",66,50.1
"1905448","USW00023174",66,50.2
"1905449","USW00023174",66,50.3
"1905450","USW00023174",66,50.4
"1905451","USW00023174",66,50.5
"1905452","USW00023174",66.1,50.6
"1905453","USW00023174",66.1,50.7
"1905454","USW00023174",66.1,50.8
"1905455","USW00023174",66.2,50.9
"1905456","USW00023174",66.2,51
"1905457","USW00023174",66.2,51.1
"1905458","USW00023174",66.2,51.2
"1905459","USW00023174",66.3,51.3
"1905460","USW00023174",66.3,51.4
"1905461","USW00023174",66.4,51.5
"1905462","USW00023174",66.4,51.6
"1905463","USW00023174",66.5,51.7
"1905464","USW00023174",66.6,51.8
"1905465","USW00023174",66.6,51.9
"1905466","USW00023174",66.7,52.1
"1905467","USW00023174",66.7,52.2
"1905468","USW00023174",66.8,52.3
"1905469","USW00023174",66.8,52.4
"1905470","USW00023174",66.9,52.4
"1905471","USW00023174",66.9,52.5
"1905472","USW00023174",67,52.6
"1905473","USW00023174",67.1,52.7
"1905474","USW00023174",67.1,52.8
"1905475","USW00023174",67.2,52.9
"1905476","USW00023174",67.2,52.9
"1905477","USW00023174",67.3,53
"1905478","USW00023174",67.3,53.1
"1905479","USW00023174",67.4,53.1
"1905480","USW00023174",67.4,53.2
"1905481","USW00023174",67.5,53.2
"1905482","USW00023174",67.5,53.3
"1905483","USW00023174",67.6,53.4
"1905484","USW00023174",67.7,53.4
"1905485","USW00023174",67.7,53.5
"1905486","USW00023174",67.8,53.5
"1905487","USW00023174",67.8,53.6
"1905488","USW00023174",67.9,53.6
"1905489","USW00023174",68,53.7
"1905490","USW00023174",68,53.7
"1905491","USW00023174",68.1,53.8
"1905492","USW00023174",68.2,53.8
"1905493","USW00023174",68.2,53.9
"1905494","USW00023174",68.3,54
"1905495","USW00023174",68.4,54
"1905496","USW00023174",68.4,54.1
"1905497","USW00023174",68.5,54.2
"1905498","USW00023174",68.6,54.2
"1905499","USW00023174",68.7,54.3
"1905500","USW00023174",68.7,54.4
"1905501","USW00023174",68.8,54.5
"1905502","USW00023174",68.9,54.5
"1905503","USW00023174",69,54.6
"1905504","USW00023174",69,54.7
"1905505","USW00023174",69.1,54.8
"1905506","USW00023174",69.2,54.9
"1905507","USW00023174",69.2,55
"1905508","USW00023174",69.3,55.1
"1905509","USW00023174",69.4,55.2
"1905510","USW00023174",69.4,55.3
"1905511","USW00023174",69.5,55.4
"1905512","USW00023174",69.6,55.6
"1905513","USW00023174",69.6,55.7
"1905514","USW00023174",69.7,55.8
"1905515","USW00023174",69.7,55.9
"1905516","USW00023174",69.8,56
"1905517","USW00023174",69.8,56.1
"1905518","USW00023174",69.9,56.3
"1905519","USW00023174",69.9,56.4
"1905520","USW00023174",69.9,56.5
"1905521","USW00023174",70,56.6
"1905522","USW00023174",70,56.7
"1905523","USW00023174",70,56.9
"1905524","USW00023174",70,57
"1905525","USW00023174",70,57.1
"1905526","USW00023174",70.1,57.2
"1905527","USW00023174",70.1,57.3
"1905528","USW00023174",70.1,57.4
"1905529","USW00023174",70.1,57.5
"1905530","USW00023174",70.1,57.6
"1905531","USW00023174",70.1,57.8
"1905532","USW00023174",70.1,57.9
"1905533","USW00023174",70.1,58
"1905534","USW00023174",70.1,58.1
"1905535","USW00023174",70.1,58.2
"1905536","USW00023174",70.1,58.2
"1905537","USW00023174",70.1,58.3
"1905538","USW00023174",70.1,58.4
"1905539","USW00023174",70.1,58.5
"1905540","USW00023174",70.1,58.6
"1905541","USW00023174",70.1,58.7
"1905542","USW00023174",70.2,58.8
"1905543","USW00023174",70.2,58.9
"1905544","USW00023174",70.2,59
"1905545","USW00023174",70.3,59.1
"1905546","USW00023174",70.3,59.2
"1905547","USW00023174",70.4,59.3
"1905548","USW00023174",70.4,59.4
"1905549","USW00023174",70.5,59.5
"1905550","USW00023174",70.6,59.6
"1905551","USW00023174",70.7,59.7
"1905552","USW00023174",70.7,59.8
"1905553","USW00023174",70.8,59.9
"1905554","USW00023174",71,60
"1905555","USW00023174",71.1,60.1
"1905556","USW00023174",71.2,60.2
"1905557","USW00023174",71.3,60.4
"1905558","USW00023174",71.4,60.5
"1905559","USW00023174",71.6,60.6
"1905560","USW00023174",71.7,60.7
"1905561","USW00023174",71.9,60.9
"1905562","USW00023174",72,61
"1905563","USW00023174",72.2,61.2
"1905564","USW00023174",72.4,61.3
"1905565","USW00023174",72.5,61.4
"1905566","USW00023174",72.7,61.6
"1905567","USW00023174",72.9,61.7
"1905568","USW00023174",73,61.9
"1905569","USW00023174",73.2,62
"1905570","USW00023174",73.4,62.2
"1905571","USW00023174",73.6,62.3
"1905572","USW00023174",73.7,62.5
"1905573","USW00023174",73.9,62.6
"1905574","USW00023174",74.1,62.8
"1905575","USW00023174",74.2,62.9
"1905576","USW00023174",74.4,63.1
"1905577","USW00023174",74.5,63.2
"1905578","USW00023174",74.7,63.4
"1905579","USW00023174",74.8,63.5
"1905580","USW00023174",75,63.6
"1905581","USW00023174",75.1,63.7
"1905582","USW00023174",75.2,63.9
"1905583","USW00023174",75.3,64
"1905584","USW00023174",75.4,64.1
"1905585","USW00023174",75.5,64.2
"1905586","USW00023174",75.6,64.3
"1905587","USW00023174",75.7,64.4
"1905588","USW00023174",75.8,64.5
"1905589","USW00023174",75.9,64.6
"1905590","USW00023174",75.9,64.7
"1905591","USW00023174",76,64.7
"1905592","USW00023174",76,64.8
"1905593","USW00023174",76.1,64.9
"1905594","USW00023174",76.1,64.9
"1905595","USW00023174",76.1,65
"1905596","USW00023174",76.2,65
"1905597","USW00023174",76.2,65
"1905598","USW00023174",76.2,65.1
"1905599","USW00023174",76.2,65.1
"1905600","USW00023174",76.2,65.1
"1905601","USW00023174",76.2,65.1
"1905602","USW00023174",76.2,65.2
"1905603","USW00023174",76.2,65.2
"1905604","USW00023174",76.2,65.2
"1905605","USW00023174",76.2,65.2
"1905606","USW00023174",76.3,65.2
"1905607","USW00023174",76.3,65.2
"1905608","USW00023174",76.3,65.2
"1905609","USW00023174",76.3,65.2
"1905610","USW00023174",76.3,65.2
"1905611","USW00023174",76.3,65.1
"1905612","USW00023174",76.3,65.1
"1905613","USW00023174",76.3,65.1
"1905614","USW00023174",76.3,65.1
"1905615","USW00023174",76.4,65.1
"1905616","USW00023174",76.4,65.1
"1905617","USW00023174",76.4,65.1
"1905618","USW00023174",76.4,65.1
"1905619","USW00023174",76.5,65.1
"1905620","USW00023174",76.5,65.1
"1905621","USW00023174",76.6,65.1
"1905622","USW00023174",76.6,65.1
"1905623","USW00023174",76.7,65.1
"1905624","USW00023174",76.7,65.1
"1905625","USW00023174",76.8,65.1
"1905626","USW00023174",76.8,65.1
"1905627","USW00023174",76.9,65.1
"1905628","USW00023174",76.9,65.1
"1905629","USW00023174",77,65.1
"1905630","USW00023174",77,65.1
"1905631","USW00023174",77.1,65.1
"1905632","USW00023174",77.1,65.1
"1905633","USW00023174",77.2,65.1
"1905634","USW00023174",77.2,65.1
"1905635","USW00023174",77.3,65.1
"1905636","USW00023174",77.3,65.1
"1905637","USW00023174",77.3,65.1
"1905638","USW00023174",77.4,65.1
"1905639","USW00023174",77.4,65.1
"1905640","USW00023174",77.4,65.1
"1905641","USW00023174",77.5,65.1
"1905642","USW00023174",77.5,65.1
"1905643","USW00023174",77.5,65.1
"1905644","USW00023174",77.5,65
"1905645","USW00023174",77.5,65
"1905646","USW00023174",77.5,65
"1905647","USW00023174",77.5,65
"1905648","USW00023174",77.5,64.9
"1905649","USW00023174",77.5,64.9
"1905650","USW00023174",77.4,64.8
"1905651","USW00023174",77.4,64.8
"1905652","USW00023174",77.4,64.7
"1905653","USW00023174",77.4,64.6
"1905654","USW00023174",77.3,64.6
"1905655","USW00023174",77.3,64.5
"1905656","USW00023174",77.2,64.4
"1905657","USW00023174",77.2,64.3
"1905658","USW00023174",77.2,64.3
"1905659","USW00023174",77.1,64.2
"1905660","USW00023174",77.1,64.1
"1905661","USW00023174",77,64
"1905662","USW00023174",77,63.9
"1905663","USW00023174",77,63.8
"1905664","USW00023174",76.9,63.6
"1905665","USW00023174",76.9,63.5
"1905666","USW00023174",76.8,63.4
"1905667","USW00023174",76.8,63.3
"1905668","USW00023174",76.8,63.2
"1905669","USW00023174",76.8,63.1
"1905670","USW00023174",76.7,62.9
"1905671","USW00023174",76.7,62.8
"1905672","USW00023174",76.7,62.7
"1905673","USW00023174",76.7,62.5
"1905674","USW00023174",76.7,62.4
"1905675","USW00023174",76.7,62.3
"1905676","USW00023174",76.7,62.2
"1905677","USW00023174",76.7,62
"1905678","USW00023174",76.7,61.9
"1905679","USW00023174",76.7,61.8
"1905680","USW00023174",76.7,61.6
"1905681","USW00023174",76.7,61.5
"1905682","USW00023174",76.7,61.3
"1905683","USW00023174",76.7,61.2
"1905684","USW00023174",76.7,61.1
"1905685","USW00023174",76.7,60.9
"1905686","USW00023174",76.7,60.8
"1905687","USW00023174",76.7,60.6
"1905688","USW00023174",76.7,60.5
"1905689","USW00023174",76.7,60.3
"1905690","USW00023174",76.7,60.2
"1905691","USW00023174",76.7,60
"1905692","USW00023174",76.7,59.9
"1905693","USW00023174",76.6,59.7
"1905694","USW00023174",76.6,59.6
"1905695","USW00023174",76.5,59.4
"1905696","USW00023174",76.4,59.2
"1905697","USW00023174",76.4,59
"1905698","USW00023174",76.3,58.8
"1905699","USW00023174",76.2,58.7
"1905700","USW00023174",76,58.5
"1905701","USW00023174",75.9,58.3
"1905702","USW00023174",75.8,58.1
"1905703","USW00023174",75.6,57.8
"1905704","USW00023174",75.4,57.6
"1905705","USW00023174",75.2,57.4
"1905706","USW00023174",75.1,57.2
"1905707","USW00023174",74.8,57
"1905708","USW00023174",74.6,56.7
"1905709","USW00023174",74.4,56.5
"1905710","USW00023174",74.1,56.2
"1905711","USW00023174",73.9,56
"1905712","USW00023174",73.6,55.7
"1905713","USW00023174",73.3,55.5
"1905714","USW00023174",73,55.2
"1905715","USW00023174",72.7,54.9
"1905716","USW00023174",72.4,54.7
"1905717","USW00023174",72.1,54.4
"1905718","USW00023174",71.8,54.1
"1905719","USW00023174",71.5,53.9
"1905720","USW00023174",71.2,53.6
"1905721","USW00023174",70.8,53.3
"1905722","USW00023174",70.5,53.1
"1905723","USW00023174",70.2,52.8
"1905724","USW00023174",69.9,52.5
"1905725","USW00023174",69.6,52.3
"1905726","USW00023174",69.3,52
"1905727","USW00023174",69,51.8
"1905728","USW00023174",68.7,51.5
"1905729","USW00023174",68.4,51.3
"1905730","USW00023174",68.1,51.1
"1905731","USW00023174",67.9,50.9
"1905732","USW00023174",67.6,50.7
"1905733","USW00023174",67.4,50.5
"1905734","USW00023174",67.2,50.3
"1905735","USW00023174",67,50.1
"1905736","USW00023174",66.8,49.9
"1905737","USW00023174",66.6,49.8
"1905738","USW00023174",66.4,49.6
"1905739","USW00023174",66.3,49.5
"1905740","USW00023174",66.2,49.4
"1905741","USW00023174",66.1,49.2
"1905742","USW00023174",66,49.1
"1905743","USW00023174",65.9,49.1
"1905744","USW00023174",65.8,49
"1905745","USW00023174",65.8,48.9
"1905746","USW00023174",65.8,48.9
"1905747","USW00023174",65.8,48.8
"1905748","USW00023174",65.8,48.8
"1905749","USW00023174",65.8,48.8
"1905750","USW00023174",65.8,48.7
"1905751","USW00023174",65.9,48.7
"1905752","USW00023174",65.9,48.7
"1905753","USW00023174",66,48.7
"1905754","USW00023174",66,48.8
"1905755","USW00023174",66.1,48.8
"1905756","USW00023174",66.2,48.8
"1905757","USW00023174",66.3,48.9
"1905758","USW00023174",66.4,48.9
"1905759","USW00023174",66.5,48.9
"1905760","USW00023174",66.6,49
"1905761","USW00023174",66.7,49
"1905762","USW00023174",66.8,49.1
"1911253","USW00023232",56.5,37.7
"1911254","USW00023232",56.5,37.7
"1911255","USW00023232",56.6,37.8
"1911256","USW00023232",56.6,37.8
"1911257","USW00023232",56.7,37.8
"1911258","USW00023232",56.8,37.9
"1911259","USW00023232",56.8,37.9
"1911260","USW00023232",56.9,38
"1911261","USW00023232",57,38
"1911262","USW00023232",57.1,38.1
"1911263","USW00023232",57.1,38.1
"1911264","USW00023232",57.2,38.2
"1911265","USW00023232",57.3,38.2
"1911266","USW00023232",57.4,38.3
"1911267","USW00023232",57.5,38.3
"1911268","USW00023232",57.6,38.4
"1911269","USW00023232",57.7,38.4
"1911270","USW00023232",57.8,38.5
"1911271","USW00023232",58,38.5
"1911272","USW00023232",58.1,38.6
"1911273","USW00023232",58.2,38.6
"1911274","USW00023232",58.3,38.7
"1911275","USW00023232",58.5,38.7
"1911276","USW00023232",58.6,38.8
"1911277","USW00023232",58.8,38.9
"1911278","USW00023232",58.9,38.9
"1911279","USW00023232",59.1,39
"1911280","USW00023232",59.2,39
"1911281","USW00023232",59.4,39.1
"1911282","USW00023232",59.6,39.2
"1911283","USW00023232",59.8,39.2
"1911284","USW00023232",59.9,39.3
"1911285","USW00023232",60.1,39.4
"1911286","USW00023232",60.3,39.5
"1911287","USW00023232",60.5,39.5
"1911288","USW00023232",60.7,39.6
"1911289","USW00023232",60.9,39.7
"1911290","USW00023232",61.1,39.8
"1911291","USW00023232",61.3,39.9
"1911292","USW00023232",61.5,40
"1911293","USW00023232",61.7,40.1
"1911294","USW00023232",61.9,40.2
"1911295","USW00023232",62.1,40.3
"1911296","USW00023232",62.3,40.4
"1911297","USW00023232",62.5,40.5
"1911298","USW00023232",62.7,40.7
"1911299","USW00023232",62.9,40.8
"1911300","USW00023232",63.1,40.9
"1911301","USW00023232",63.2,41
"1911302","USW00023232",63.4,41.2
"1911303","USW00023232",63.6,41.3
"1911304","USW00023232",63.8,41.4
"1911305","USW00023232",63.9,41.6
"1911306","USW00023232",64.1,41.7
"1911307","USW00023232",64.2,41.8
"1911308","USW00023232",64.4,42
"1911309","USW00023232",64.5,42.1
"1911310","USW00023232",64.6,42.3
"1911311","USW00023232",64.8,42.4
"1911312","USW00023232",64.8,42.5
"1911313","USW00023232",64.9,42.5
"1911314","USW00023232",65,42.7
"1911315","USW00023232",65.1,42.8
"1911316","USW00023232",65.2,42.9
"1911317","USW00023232",65.3,43.1
"1911318","USW00023232",65.4,43.2
"1911319","USW00023232",65.5,43.3
"1911320","USW00023232",65.6,43.5
"1911321","USW00023232",65.7,43.6
"1911322","USW00023232",65.8,43.7
"1911323","USW00023232",65.9,43.8
"1911324","USW00023232",66,43.9
"1911325","USW00023232",66.1,44.1
"1911326","USW00023232",66.1,44.2
"1911327","USW00023232",66.2,44.3
"1911328","USW00023232",66.3,44.4
"1911329","USW00023232",66.4,44.5
"1911330","USW00023232",66.6,44.6
"1911331","USW00023232",66.7,44.7
"1911332","USW00023232",66.8,44.8
"1911333","USW00023232",66.9,44.9
"1911334","USW00023232",67,45
"1911335","USW00023232",67.2,45.1
"1911336","USW00023232",67.3,45.2
"1911337","USW00023232",67.5,45.3
"1911338","USW00023232",67.7,45.3
"1911339","USW00023232",67.8,45.4
"1911340","USW00023232",68,45.5
"1911341","USW00023232",68.2,45.6
"1911342","USW00023232",68.4,45.7
"1911343","USW00023232",68.7,45.8
"1911344","USW00023232",68.9,45.9
"1911345","USW00023232",69.1,46
"1911346","USW00023232",69.4,46
"1911347","USW00023232",69.6,46.1
"1911348","USW00023232",69.9,46.2
"1911349","USW00023232",70.1,46.3
"1911350","USW00023232",70.4,46.4
"1911351","USW00023232",70.7,46.5
"1911352","USW00023232",71,46.6
"1911353","USW00023232",71.3,46.7
"1911354","USW00023232",71.6,46.8
"1911355","USW00023232",71.9,47
"1911356","USW00023232",72.2,47.1
"1911357","USW00023232",72.5,47.2
"1911358","USW00023232",72.8,47.3
"1911359","USW00023232",73.1,47.4
"1911360","USW00023232",73.4,47.6
"1911361","USW00023232",73.8,47.7
"1911362","USW00023232",74.1,47.8
"1911363","USW00023232",74.4,48
"1911364","USW00023232",74.7,48.1
"1911365","USW00023232",75,48.3
"1911366","USW00023232",75.3,48.4
"1911367","USW00023232",75.6,48.6
"1911368","USW00023232",75.9,48.7
"1911369","USW00023232",76.1,48.9
"1911370","USW00023232",76.4,49
"1911371","USW00023232",76.7,49.2
"1911372","USW00023232",77,49.4
"1911373","USW00023232",77.2,49.5
"1911374","USW00023232",77.5,49.7
"1911375","USW00023232",77.7,49.9
"1911376","USW00023232",78,50.1
"1911377","USW00023232",78.2,50.2
"1911378","USW00023232",78.4,50.4
"1911379","USW00023232",78.6,50.6
"1911380","USW00023232",78.9,50.7
"1911381","USW00023232",79.1,50.9
"1911382","USW00023232",79.3,51.1
"1911383","USW00023232",79.5,51.3
"1911384","USW00023232",79.7,51.4
"1911385","USW00023232",79.9,51.6
"1911386","USW00023232",80.1,51.8
"1911387","USW00023232",80.3,52
"1911388","USW00023232",80.5,52.1
"1911389","USW00023232",80.7,52.3
"1911390","USW00023232",80.9,52.5
"1911391","USW00023232",81.1,52.7
"1911392","USW00023232",81.4,52.8
"1911393","USW00023232",81.6,53
"1911394","USW00023232",81.8,53.2
"1911395","USW00023232",82,53.3
"1911396","USW00023232",82.3,53.5
"1911397","USW00023232",82.5,53.7
"1911398","USW00023232",82.8,53.9
"1911399","USW00023232",83,54
"1911400","USW00023232",83.3,54.2
"1911401","USW00023232",83.5,54.4
"1911402","USW00023232",83.8,54.5
"1911403","USW00023232",84.1,54.7
"1911404","USW00023232",84.4,54.8
"1911405","USW00023232",84.7,55
"1911406","USW00023232",85,55.2
"1911407","USW00023232",85.3,55.3
"1911408","USW00023232",85.6,55.5
"1911409","USW00023232",86,55.7
"1911410","USW00023232",86.3,55.8
"1911411","USW00023232",86.6,56
"1911412","USW00023232",87,56.1
"1911413","USW00023232",87.3,56.3
"1911414","USW00023232",87.7,56.5
"1911415","USW00023232",88,56.6
"1911416","USW00023232",88.3,56.8
"1911417","USW00023232",88.7,56.9
"1911418","USW00023232",89,57.1
"1911419","USW00023232",89.4,57.2
"1911420","USW00023232",89.7,57.4
"1911421","USW00023232",90,57.5
"1911422","USW00023232",90.3,57.6
"1911423","USW00023232",90.6,57.8
"1911424","USW00023232",90.9,57.9
"1911425","USW00023232",91.2,58.1
"1911426","USW00023232",91.5,58.2
"1911427","USW00023232",91.7,58.3
"1911428","USW00023232",92,58.4
"1911429","USW00023232",92.2,58.5
"1911430","USW00023232",92.4,58.7
"1911431","USW00023232",92.6,58.8
"1911432","USW00023232",92.8,58.9
"1911433","USW00023232",93,59
"1911434","USW00023232",93.1,59.1
"1911435","USW00023232",93.3,59.1
"1911436","USW00023232",93.4,59.2
"1911437","USW00023232",93.5,59.3
"1911438","USW00023232",93.6,59.4
"1911439","USW00023232",93.6,59.4
"1911440","USW00023232",93.7,59.5
"1911441","USW00023232",93.7,59.5
"1911442","USW00023232",93.7,59.6
"1911443","USW00023232",93.8,59.6
"1911444","USW00023232",93.7,59.7
"1911445","USW00023232",93.7,59.7
"1911446","USW00023232",93.7,59.7
"1911447","USW00023232",93.7,59.7
"1911448","USW00023232",93.6,59.8
"1911449","USW00023232",93.5,59.8
"1911450","USW00023232",93.5,59.8
"1911451","USW00023232",93.4,59.8
"1911452","USW00023232",93.3,59.8
"1911453","USW00023232",93.2,59.8
"1911454","USW00023232",93.1,59.7
"1911455","USW00023232",93,59.7
"1911456","USW00023232",92.9,59.7
"1911457","USW00023232",92.8,59.7
"1911458","USW00023232",92.8,59.7
"1911459","USW00023232",92.7,59.6
"1911460","USW00023232",92.6,59.6
"1911461","USW00023232",92.5,59.6
"1911462","USW00023232",92.4,59.6
"1911463","USW00023232",92.3,59.5
"1911464","USW00023232",92.3,59.5
"1911465","USW00023232",92.2,59.5
"1911466","USW00023232",92.1,59.5
"1911467","USW00023232",92.1,59.4
"1911468","USW00023232",92,59.4
"1911469","USW00023232",92,59.4
"1911470","USW00023232",92,59.3
"1911471","USW00023232",91.9,59.3
"1911472","USW00023232",91.9,59.3
"1911473","USW00023232",91.9,59.3
"1911474","USW00023232",91.9,59.2
"1911475","USW00023232",91.9,59.2
"1911476","USW00023232",91.9,59.2
"1911477","USW00023232",91.9,59.2
"1911478","USW00023232",91.9,59.2
"1911479","USW00023232",92,59.1
"1911480","USW00023232",92,59.1
"1911481","USW00023232",92,59.1
"1911482","USW00023232",92,59.1
"1911483","USW00023232",92,59.1
"1911484","USW00023232",92.1,59.1
"1911485","USW00023232",92.1,59
"1911486","USW00023232",92.1,59
"1911487","USW00023232",92.1,59
"1911488","USW00023232",92.1,59
"1911489","USW00023232",92.1,58.9
"1911490","USW00023232",92.1,58.9
"1911491","USW00023232",92.1,58.9
"1911492","USW00023232",92,58.9
"1911493","USW00023232",92,58.8
"1911494","USW00023232",92,58.8
"1911495","USW00023232",91.9,58.7
"1911496","USW00023232",91.8,58.7
"1911497","USW00023232",91.7,58.6
"1911498","USW00023232",91.7,58.6
"1911499","USW00023232",91.5,58.5
"1911500","USW00023232",91.4,58.4
"1911501","USW00023232",91.3,58.4
"1911502","USW00023232",91.2,58.3
"1911503","USW00023232",91,58.2
"1911504","USW00023232",90.8,58.1
"1911505","USW00023232",90.6,58
"1911506","USW00023232",90.4,57.9
"1911507","USW00023232",90.2,57.8
"1911508","USW00023232",90,57.6
"1911509","USW00023232",89.8,57.5
"1911510","USW00023232",89.5,57.4
"1911511","USW00023232",89.3,57.2
"1911512","USW00023232",89,57.1
"1911513","USW00023232",88.7,56.9
"1911514","USW00023232",88.5,56.7
"1911515","USW00023232",88.2,56.6
"1911516","USW00023232",87.9,56.4
"1911517","USW00023232",87.6,56.2
"1911518","USW00023232",87.3,56
"1911519","USW00023232",86.9,55.8
"1911520","USW00023232",86.6,55.6
"1911521","USW00023232",86.3,55.4
"1911522","USW00023232",86,55.2
"1911523","USW00023232",85.6,55
"1911524","USW00023232",85.3,54.8
"1911525","USW00023232",85,54.6
"1911526","USW00023232",84.6,54.3
"1911527","USW00023232",84.3,54.1
"1911528","USW00023232",83.9,53.9
"1911529","USW00023232",83.6,53.6
"1911530","USW00023232",83.3,53.4
"1911531","USW00023232",82.9,53.1
"1911532","USW00023232",82.6,52.9
"1911533","USW00023232",82.2,52.7
"1911534","USW00023232",81.9,52.4
"1911535","USW00023232",81.5,52.2
"1911536","USW00023232",81.2,51.9
"1911537","USW00023232",80.8,51.7
"1911538","USW00023232",80.5,51.4
"1911539","USW00023232",80.1,51.2
"1911540","USW00023232",79.8,50.9
"1911541","USW00023232",79.4,50.7
"1911542","USW00023232",79,50.4
"1911543","USW00023232",78.7,50.2
"1911544","USW00023232",78.3,49.9
"1911545","USW00023232",77.9,49.7
"1911546","USW00023232",77.5,49.4
"1911547","USW00023232",77.2,49.2
"1911548","USW00023232",76.8,48.9
"1911549","USW00023232",76.4,48.7
"1911550","USW00023232",76,48.4
"1911551","USW00023232",75.6,48.1
"1911552","USW00023232",75.2,47.9
"1911553","USW00023232",74.8,47.6
"1911554","USW00023232",74.3,47.4
"1911555","USW00023232",73.9,47.1
"1911556","USW00023232",73.5,46.9
"1911557","USW00023232",73,46.6
"1911558","USW00023232",72.6,46.3
"1911559","USW00023232",72.1,46.1
"1911560","USW00023232",71.7,45.8
"1911561","USW00023232",71.2,45.6
"1911562","USW00023232",70.8,45.3
"1911563","USW00023232",70.3,45
"1911564","USW00023232",69.8,44.8
"1911565","USW00023232",69.3,44.5
"1911566","USW00023232",68.9,44.3
"1911567","USW00023232",68.4,44
"1911568","USW00023232",67.9,43.8
"1911569","USW00023232",67.4,43.5
"1911570","USW00023232",66.9,43.2
"1911571","USW00023232",66.5,43
"1911572","USW00023232",66,42.7
"1911573","USW00023232",65.5,42.5
"1911574","USW00023232",65,42.2
"1911575","USW00023232",64.6,42
"1911576","USW00023232",64.1,41.7
"1911577","USW00023232",63.7,41.5
"1911578","USW00023232",63.2,41.3
"1911579","USW00023232",62.8,41
"1911580","USW00023232",62.4,40.8
"1911581","USW00023232",62,40.6
"1911582","USW00023232",61.6,40.4
"1911583","USW00023232",61.2,40.2
"1911584","USW00023232",60.8,40
"1911585","USW00023232",60.5,39.8
"1911586","USW00023232",60.1,39.6
"1911587","USW00023232",59.8,39.4
"1911588","USW00023232",59.5,39.2
"1911589","USW00023232",59.2,39.1
"1911590","USW00023232",58.9,38.9
"1911591","USW00023232",58.6,38.7
"1911592","USW00023232",58.4,38.6
"1911593","USW00023232",58.1,38.5
"1911594","USW00023232",57.9,38.3
"1911595","USW00023232",57.7,38.2
"1911596","USW00023232",57.5,38.1
"1911597","USW00023232",57.4,38
"1911598","USW00023232",57.2,37.9
"1911599","USW00023232",57.1,37.8
"1911600","USW00023232",56.9,37.8
"1911601","USW00023232",56.8,37.7
"1911602","USW00023232",56.7,37.6
"1911603","USW00023232",56.6,37.6
"1911604","USW00023232",56.5,37.6
"1911605","USW00023232",56.5,37.5
"1911606","USW00023232",56.4,37.5
"1911607","USW00023232",56.4,37.5
"1911608","USW00023232",56.3,37.5
"1911609","USW00023232",56.3,37.5
"1911610","USW00023232",56.3,37.5
"1911611","USW00023232",56.3,37.5
"1911612","USW00023232",56.3,37.5
"1911613","USW00023232",56.3,37.5
"1911614","USW00023232",56.3,37.5
"1911615","USW00023232",56.3,37.5
"1911616","USW00023232",56.4,37.6
"1911617","USW00023232",56.4,37.6
"1911618","USW00023232",56.4,37.6
"1912351","USW00023237",57,38.2
"1912352","USW00023237",57,38.2
"1912353","USW00023237",57.1,38.2
"1912354","USW00023237",57.1,38.3
"1912355","USW00023237",57.2,38.3
"1912356","USW00023237",57.2,38.3
"1912357","USW00023237",57.3,38.4
"1912358","USW00023237",57.3,38.4
"1912359","USW00023237",57.4,38.5
"1912360","USW00023237",57.5,38.5
"1912361","USW00023237",57.5,38.5
"1912362","USW00023237",57.6,38.6
"1912363","USW00023237",57.7,38.6
"1912364","USW00023237",57.8,38.7
"1912365","USW00023237",57.9,38.7
"1912366","USW00023237",58,38.8
"1912367","USW00023237",58.1,38.8
"1912368","USW00023237",58.3,38.9
"1912369","USW00023237",58.4,38.9
"1912370","USW00023237",58.5,39
"1912371","USW00023237",58.7,39
"1912372","USW00023237",58.8,39.1
"1912373","USW00023237",59,39.1
"1912374","USW00023237",59.2,39.2
"1912375","USW00023237",59.4,39.2
"1912376","USW00023237",59.5,39.3
"1912377","USW00023237",59.7,39.3
"1912378","USW00023237",59.9,39.4
"1912379","USW00023237",60.2,39.4
"1912380","USW00023237",60.4,39.5
"1912381","USW00023237",60.6,39.6
"1912382","USW00023237",60.8,39.6
"1912383","USW00023237",61.1,39.7
"1912384","USW00023237",61.3,39.8
"1912385","USW00023237",61.5,39.8
"1912386","USW00023237",61.8,39.9
"1912387","USW00023237",62,40
"1912388","USW00023237",62.3,40.1
"1912389","USW00023237",62.6,40.1
"1912390","USW00023237",62.8,40.2
"1912391","USW00023237",63.1,40.3
"1912392","USW00023237",63.3,40.4
"1912393","USW00023237",63.6,40.5
"1912394","USW00023237",63.8,40.6
"1912395","USW00023237",64.1,40.7
"1912396","USW00023237",64.3,40.8
"1912397","USW00023237",64.6,40.9
"1912398","USW00023237",64.8,41
"1912399","USW00023237",65.1,41.1
"1912400","USW00023237",65.3,41.2
"1912401","USW00023237",65.5,41.3
"1912402","USW00023237",65.7,41.4
"1912403","USW00023237",65.9,41.5
"1912404","USW00023237",66.1,41.6
"1912405","USW00023237",66.3,41.7
"1912406","USW00023237",66.5,41.9
"1912407","USW00023237",66.7,42
"1912408","USW00023237",66.8,42.1
"1912409","USW00023237",67,42.2
"1912410","USW00023237",67.1,42.3
"1912411","USW00023237",67.2,42.3
"1912412","USW00023237",67.3,42.5
"1912413","USW00023237",67.4,42.6
"1912414","USW00023237",67.6,42.7
"1912415","USW00023237",67.7,42.8
"1912416","USW00023237",67.8,43
"1912417","USW00023237",67.9,43.1
"1912418","USW00023237",68,43.2
"1912419","USW00023237",68.1,43.3
"1912420","USW00023237",68.2,43.5
"1912421","USW00023237",68.3,43.6
"1912422","USW00023237",68.4,43.7
"1912423","USW00023237",68.5,43.8
"1912424","USW00023237",68.6,44
"1912425","USW00023237",68.7,44.1
"1912426","USW00023237",68.8,44.2
"1912427","USW00023237",68.9,44.3
"1912428","USW00023237",69,44.5
"1912429","USW00023237",69.1,44.6
"1912430","USW00023237",69.2,44.7
"1912431","USW00023237",69.3,44.8
"1912432","USW00023237",69.5,44.9
"1912433","USW00023237",69.6,45.1
"1912434","USW00023237",69.7,45.2
"1912435","USW00023237",69.9,45.3
"1912436","USW00023237",70,45.4
"1912437","USW00023237",70.2,45.5
"1912438","USW00023237",70.4,45.7
"1912439","USW00023237",70.6,45.8
"1912440","USW00023237",70.8,45.9
"1912441","USW00023237",71,46
"1912442","USW00023237",71.2,46.1
"1912443","USW00023237",71.4,46.3
"1912444","USW00023237",71.7,46.4
"1912445","USW00023237",71.9,46.5
"1912446","USW00023237",72.2,46.6
"1912447","USW00023237",72.4,46.7
"1912448","USW00023237",72.7,46.9
"1912449","USW00023237",73,47
"1912450","USW00023237",73.3,47.1
"1912451","USW00023237",73.5,47.2
"1912452","USW00023237",73.8,47.4
"1912453","USW00023237",74.1,47.5
"1912454","USW00023237",74.5,47.6
"1912455","USW00023237",74.8,47.8
"1912456","USW00023237",75.1,47.9
"1912457","USW00023237",75.4,48
"1912458","USW00023237",75.7,48.2
"1912459","USW00023237",76,48.3
"1912460","USW00023237",76.4,48.4
"1912461","USW00023237",76.7,48.6
"1912462","USW00023237",77,48.7
"1912463","USW00023237",77.3,48.8
"1912464","USW00023237",77.6,49
"1912465","USW00023237",77.9,49.1
"1912466","USW00023237",78.2,49.3
"1912467","USW00023237",78.5,49.4
"1912468","USW00023237",78.8,49.6
"1912469","USW00023237",79.1,49.7
"1912470","USW00023237",79.4,49.9
"1912471","USW00023237",79.6,50
"1912472","USW00023237",79.9,50.2
"1912473","USW00023237",80.1,50.3
"1912474","USW00023237",80.4,50.5
"1912475","USW00023237",80.6,50.6
"1912476","USW00023237",80.9,50.8
"1912477","USW00023237",81.1,51
"1912478","USW00023237",81.4,51.1
"1912479","USW00023237",81.6,51.3
"1912480","USW00023237",81.8,51.5
"1912481","USW00023237",82,51.6
"1912482","USW00023237",82.3,51.8
"1912483","USW00023237",82.5,52
"1912484","USW00023237",82.7,52.1
"1912485","USW00023237",82.9,52.3
"1912486","USW00023237",83.1,52.5
"1912487","USW00023237",83.3,52.6
"1912488","USW00023237",83.6,52.8
"1912489","USW00023237",83.8,53
"1912490","USW00023237",84,53.2
"1912491","USW00023237",84.2,53.4
"1912492","USW00023237",84.5,53.5
"1912493","USW00023237",84.7,53.7
"1912494","USW00023237",84.9,53.9
"1912495","USW00023237",85.2,54.1
"1912496","USW00023237",85.4,54.3
"1912497","USW00023237",85.7,54.5
"1912498","USW00023237",86,54.7
"1912499","USW00023237",86.3,54.8
"1912500","USW00023237",86.5,55
"1912501","USW00023237",86.8,55.2
"1912502","USW00023237",87.1,55.4
"1912503","USW00023237",87.4,55.6
"1912504","USW00023237",87.8,55.8
"1912505","USW00023237",88.1,56
"1912506","USW00023237",88.4,56.2
"1912507","USW00023237",88.7,56.4
"1912508","USW00023237",89.1,56.6
"1912509","USW00023237",89.4,56.8
"1912510","USW00023237",89.8,56.9
"1912511","USW00023237",90.1,57.1
"1912512","USW00023237",90.4,57.3
"1912513","USW00023237",90.8,57.5
"1912514","USW00023237",91.1,57.7
"1912515","USW00023237",91.5,57.9
"1912516","USW00023237",91.8,58.1
"1912517","USW00023237",92.1,58.2
"1912518","USW00023237",92.5,58.4
"1912519","USW00023237",92.8,58.6
"1912520","USW00023237",93.1,58.7
"1912521","USW00023237",93.4,58.9
"1912522","USW00023237",93.7,59.1
"1912523","USW00023237",94,59.2
"1912524","USW00023237",94.3,59.4
"1912525","USW00023237",94.6,59.5
"1912526","USW00023237",94.8,59.6
"1912527","USW00023237",95,59.8
"1912528","USW00023237",95.3,59.9
"1912529","USW00023237",95.5,60
"1912530","USW00023237",95.7,60.2
"1912531","USW00023237",95.8,60.3
"1912532","USW00023237",96,60.4
"1912533","USW00023237",96.1,60.5
"1912534","USW00023237",96.2,60.6
"1912535","USW00023237",96.3,60.7
"1912536","USW00023237",96.4,60.7
"1912537","USW00023237",96.5,60.8
"1912538","USW00023237",96.6,60.9
"1912539","USW00023237",96.6,61
"1912540","USW00023237",96.6,61
"1912541","USW00023237",96.6,61.1
"1912542","USW00023237",96.6,61.1
"1912543","USW00023237",96.6,61.2
"1912544","USW00023237",96.6,61.2
"1912545","USW00023237",96.6,61.2
"1912546","USW00023237",96.5,61.2
"1912547","USW00023237",96.4,61.3
"1912548","USW00023237",96.4,61.3
"1912549","USW00023237",96.3,61.3
"1912550","USW00023237",96.2,61.3
"1912551","USW00023237",96.1,61.3
"1912552","USW00023237",96.1,61.3
"1912553","USW00023237",96,61.3
"1912554","USW00023237",95.9,61.3
"1912555","USW00023237",95.8,61.3
"1912556","USW00023237",95.7,61.3
"1912557","USW00023237",95.6,61.2
"1912558","USW00023237",95.5,61.2
"1912559","USW00023237",95.4,61.2
"1912560","USW00023237",95.3,61.2
"1912561","USW00023237",95.2,61.1
"1912562","USW00023237",95.2,61.1
"1912563","USW00023237",95.1,61.1
"1912564","USW00023237",95,61.1
"1912565","USW00023237",95,61
"1912566","USW00023237",94.9,61
"1912567","USW00023237",94.9,61
"1912568","USW00023237",94.8,60.9
"1912569","USW00023237",94.8,60.9
"1912570","USW00023237",94.7,60.9
"1912571","USW00023237",94.7,60.8
"1912572","USW00023237",94.7,60.8
"1912573","USW00023237",94.7,60.8
"1912574","USW00023237",94.7,60.7
"1912575","USW00023237",94.7,60.7
"1912576","USW00023237",94.7,60.7
"1912577","USW00023237",94.6,60.6
"1912578","USW00023237",94.6,60.6
"1912579","USW00023237",94.6,60.5
"1912580","USW00023237",94.6,60.5
"1912581","USW00023237",94.6,60.5
"1912582","USW00023237",94.6,60.4
"1912583","USW00023237",94.6,60.4
"1912584","USW00023237",94.6,60.3
"1912585","USW00023237",94.6,60.3
"1912586","USW00023237",94.5,60.2
"1912587","USW00023237",94.5,60.2
"1912588","USW00023237",94.5,60.1
"1912589","USW00023237",94.4,60.1
"1912590","USW00023237",94.4,60
"1912591","USW00023237",94.3,60
"1912592","USW00023237",94.2,59.9
"1912593","USW00023237",94.1,59.8
"1912594","USW00023237",94,59.8
"1912595","USW00023237",93.9,59.7
"1912596","USW00023237",93.8,59.6
"1912597","USW00023237",93.6,59.5
"1912598","USW00023237",93.5,59.4
"1912599","USW00023237",93.3,59.3
"1912600","USW00023237",93.1,59.2
"1912601","USW00023237",93,59.1
"1912602","USW00023237",92.8,59
"1912603","USW00023237",92.5,58.9
"1912604","USW00023237",92.3,58.7
"1912605","USW00023237",92.1,58.6
"1912606","USW00023237",91.8,58.4
"1912607","USW00023237",91.6,58.3
"1912608","USW00023237",91.3,58.2
"1912609","USW00023237",91,58
"1912610","USW00023237",90.8,57.8
"1912611","USW00023237",90.5,57.7
"1912612","USW00023237",90.2,57.5
"1912613","USW00023237",89.9,57.3
"1912614","USW00023237",89.6,57.1
"1912615","USW00023237",89.2,56.9
"1912616","USW00023237",88.9,56.7
"1912617","USW00023237",88.6,56.5
"1912618","USW00023237",88.3,56.3
"1912619","USW00023237",87.9,56.1
"1912620","USW00023237",87.6,55.9
"1912621","USW00023237",87.3,55.7
"1912622","USW00023237",86.9,55.4
"1912623","USW00023237",86.6,55.2
"1912624","USW00023237",86.3,55
"1912625","USW00023237",85.9,54.7
"1912626","USW00023237",85.6,54.5
"1912627","USW00023237",85.2,54.3
"1912628","USW00023237",84.9,54
"1912629","USW00023237",84.6,53.8
"1912630","USW00023237",84.2,53.5
"1912631","USW00023237",83.9,53.2
"1912632","USW00023237",83.5,53
"1912633","USW00023237",83.2,52.7
"1912634","USW00023237",82.8,52.5
"1912635","USW00023237",82.5,52.2
"1912636","USW00023237",82.2,51.9
"1912637","USW00023237",81.8,51.7
"1912638","USW00023237",81.5,51.4
"1912639","USW00023237",81.1,51.1
"1912640","USW00023237",80.8,50.8
"1912641","USW00023237",80.4,50.6
"1912642","USW00023237",80,50.3
"1912643","USW00023237",79.7,50
"1912644","USW00023237",79.3,49.7
"1912645","USW00023237",78.9,49.5
"1912646","USW00023237",78.5,49.2
"1912647","USW00023237",78.1,48.9
"1912648","USW00023237",77.7,48.6
"1912649","USW00023237",77.3,48.4
"1912650","USW00023237",76.9,48.1
"1912651","USW00023237",76.5,47.8
"1912652","USW00023237",76.1,47.5
"1912653","USW00023237",75.6,47.3
"1912654","USW00023237",75.2,47
"1912655","USW00023237",74.7,46.7
"1912656","USW00023237",74.3,46.4
"1912657","USW00023237",73.8,46.2
"1912658","USW00023237",73.4,45.9
"1912659","USW00023237",72.9,45.6
"1912660","USW00023237",72.4,45.3
"1912661","USW00023237",71.9,45.1
"1912662","USW00023237",71.4,44.8
"1912663","USW00023237",71,44.5
"1912664","USW00023237",70.5,44.3
"1912665","USW00023237",70,44
"1912666","USW00023237",69.5,43.8
"1912667","USW00023237",69,43.5
"1912668","USW00023237",68.5,43.3
"1912669","USW00023237",68,43
"1912670","USW00023237",67.5,42.8
"1912671","USW00023237",67,42.5
"1912672","USW00023237",66.5,42.3
"1912673","USW00023237",66,42.1
"1912674","USW00023237",65.6,41.8
"1912675","USW00023237",65.1,41.6
"1912676","USW00023237",64.7,41.4
"1912677","USW00023237",64.2,41.2
"1912678","USW00023237",63.8,41
"1912679","USW00023237",63.3,40.8
"1912680","USW00023237",62.9,40.6
"1912681","USW00023237",62.5,40.4
"1912682","USW00023237",62.1,40.2
"1912683","USW00023237",61.8,40
"1912684","USW00023237",61.4,39.9
"1912685","USW00023237",61,39.7
"1912686","USW00023237",60.7,39.6
"1912687","USW00023237",60.4,39.4
"1912688","USW00023237",60.1,39.3
"1912689","USW00023237",59.8,39.1
"1912690","USW00023237",59.5,39
"1912691","USW00023237",59.3,38.9
"1912692","USW00023237",59,38.8
"1912693","USW00023237",58.8,38.7
"1912694","USW00023237",58.6,38.6
"1912695","USW00023237",58.4,38.5
"1912696","USW00023237",58.2,38.4
"1912697","USW00023237",58.1,38.4
"1912698","USW00023237",57.9,38.3
"1912699","USW00023237",57.8,38.2
"1912700","USW00023237",57.6,38.2
"1912701","USW00023237",57.5,38.1
"1912702","USW00023237",57.4,38.1
"1912703","USW00023237",57.3,38.1
"1912704","USW00023237",57.3,38.1
"1912705","USW00023237",57.2,38
"1912706","USW00023237",57.1,38
"1912707","USW00023237",57.1,38
"1912708","USW00023237",57,38
"1912709","USW00023237",57,38
"1912710","USW00023237",57,38
"1912711","USW00023237",57,38
"1912712","USW00023237",57,38
"1912713","USW00023237",57,38.1
"1912714","USW00023237",57,38.1
"1912715","USW00023237",57,38.1
"1912716","USW00023237",57,38.1
"1913815","USW00023258",55.8,38.1
"1913816","USW00023258",55.9,38.2
"1913817","USW00023258",55.9,38.2
"1913818","USW00023258",56,38.2
"1913819","USW00023258",56,38.3
"1913820","USW00023258",56.1,38.3
"1913821","USW00023258",56.2,38.4
"1913822","USW00023258",56.2,38.4
"1913823","USW00023258",56.3,38.4
"1913824","USW00023258",56.4,38.5
"1913825","USW00023258",56.5,38.5
"1913826","USW00023258",56.6,38.5
"1913827","USW00023258",56.7,38.6
"1913828","USW00023258",56.8,38.6
"1913829","USW00023258",56.9,38.6
"1913830","USW00023258",57,38.7
"1913831","USW00023258",57.1,38.7
"1913832","USW00023258",57.2,38.7
"1913833","USW00023258",57.4,38.8
"1913834","USW00023258",57.5,38.8
"1913835","USW00023258",57.6,38.9
"1913836","USW00023258",57.8,38.9
"1913837","USW00023258",57.9,38.9
"1913838","USW00023258",58.1,39
"1913839","USW00023258",58.2,39
"1913840","USW00023258",58.4,39.1
"1913841","USW00023258",58.6,39.1
"1913842","USW00023258",58.8,39.2
"1913843","USW00023258",59,39.3
"1913844","USW00023258",59.1,39.3
"1913845","USW00023258",59.3,39.4
"1913846","USW00023258",59.6,39.4
"1913847","USW00023258",59.8,39.5
"1913848","USW00023258",60,39.6
"1913849","USW00023258",60.2,39.7
"1913850","USW00023258",60.4,39.8
"1913851","USW00023258",60.7,39.9
"1913852","USW00023258",60.9,39.9
"1913853","USW00023258",61.2,40
"1913854","USW00023258",61.4,40.1
"1913855","USW00023258",61.6,40.3
"1913856","USW00023258",61.9,40.4
"1913857","USW00023258",62.1,40.5
"1913858","USW00023258",62.4,40.6
"1913859","USW00023258",62.6,40.7
"1913860","USW00023258",62.9,40.9
"1913861","USW00023258",63.1,41
"1913862","USW00023258",63.4,41.1
"1913863","USW00023258",63.6,41.3
"1913864","USW00023258",63.8,41.4
"1913865","USW00023258",64.1,41.5
"1913866","USW00023258",64.3,41.7
"1913867","USW00023258",64.5,41.8
"1913868","USW00023258",64.7,42
"1913869","USW00023258",64.9,42.1
"1913870","USW00023258",65.1,42.3
"1913871","USW00023258",65.3,42.4
"1913872","USW00023258",65.5,42.6
"1913873","USW00023258",65.7,42.7
"1913874","USW00023258",65.8,42.8
"1913875","USW00023258",65.8,42.9
"1913876","USW00023258",66,43
"1913877","USW00023258",66.2,43.2
"1913878","USW00023258",66.3,43.3
"1913879","USW00023258",66.5,43.5
"1913880","USW00023258",66.6,43.6
"1913881","USW00023258",66.7,43.8
"1913882","USW00023258",66.8,43.9
"1913883","USW00023258",67,44.1
"1913884","USW00023258",67.1,44.2
"1913885","USW00023258",67.2,44.4
"1913886","USW00023258",67.3,44.5
"1913887","USW00023258",67.4,44.6
"1913888","USW00023258",67.5,44.8
"1913889","USW00023258",67.6,44.9
"1913890","USW00023258",67.7,45
"1913891","USW00023258",67.9,45.2
"1913892","USW00023258",68,45.3
"1913893","USW00023258",68.1,45.4
"1913894","USW00023258",68.2,45.6
"1913895","USW00023258",68.3,45.7
"1913896","USW00023258",68.5,45.8
"1913897","USW00023258",68.6,46
"1913898","USW00023258",68.7,46.1
"1913899","USW00023258",68.9,46.2
"1913900","USW00023258",69,46.3
"1913901","USW00023258",69.2,46.5
"1913902","USW00023258",69.4,46.6
"1913903","USW00023258",69.6,46.7
"1913904","USW00023258",69.8,46.8
"1913905","USW00023258",70,47
"1913906","USW00023258",70.2,47.1
"1913907","USW00023258",70.4,47.2
"1913908","USW00023258",70.6,47.3
"1913909","USW00023258",70.9,47.5
"1913910","USW00023258",71.1,47.6
"1913911","USW00023258",71.4,47.7
"1913912","USW00023258",71.6,47.9
"1913913","USW00023258",71.9,48
"1913914","USW00023258",72.2,48.1
"1913915","USW00023258",72.5,48.3
"1913916","USW00023258",72.8,48.4
"1913917","USW00023258",73.1,48.6
"1913918","USW00023258",73.4,48.7
"1913919","USW00023258",73.7,48.8
"1913920","USW00023258",74.1,49
"1913921","USW00023258",74.4,49.1
"1913922","USW00023258",74.7,49.3
"1913923","USW00023258",75,49.4
"1913924","USW00023258",75.4,49.6
"1913925","USW00023258",75.7,49.7
"1913926","USW00023258",76,49.9
"1913927","USW00023258",76.3,50
"1913928","USW00023258",76.6,50.2
"1913929","USW00023258",76.9,50.3
"1913930","USW00023258",77.3,50.5
"1913931","USW00023258",77.6,50.6
"1913932","USW00023258",77.9,50.8
"1913933","USW00023258",78.2,50.9
"1913934","USW00023258",78.4,51.1
"1913935","USW00023258",78.7,51.3
"1913936","USW00023258",79,51.4
"1913937","USW00023258",79.3,51.6
"1913938","USW00023258",79.5,51.7
"1913939","USW00023258",79.8,51.9
"1913940","USW00023258",80,52.1
"1913941","USW00023258",80.3,52.2
"1913942","USW00023258",80.5,52.4
"1913943","USW00023258",80.7,52.5
"1913944","USW00023258",81,52.7
"1913945","USW00023258",81.2,52.9
"1913946","USW00023258",81.4,53
"1913947","USW00023258",81.6,53.2
"1913948","USW00023258",81.8,53.4
"1913949","USW00023258",82.1,53.6
"1913950","USW00023258",82.3,53.7
"1913951","USW00023258",82.5,53.9
"1913952","USW00023258",82.7,54.1
"1913953","USW00023258",82.9,54.3
"1913954","USW00023258",83.1,54.5
"1913955","USW00023258",83.3,54.6
"1913956","USW00023258",83.5,54.8
"1913957","USW00023258",83.8,55
"1913958","USW00023258",84,55.2
"1913959","USW00023258",84.2,55.4
"1913960","USW00023258",84.5,55.6
"1913961","USW00023258",84.7,55.8
"1913962","USW00023258",85,56
"1913963","USW00023258",85.3,56.2
"1913964","USW00023258",85.5,56.5
"1913965","USW00023258",85.8,56.7
"1913966","USW00023258",86.1,56.9
"1913967","USW00023258",86.4,57.1
"1913968","USW00023258",86.7,57.3
"1913969","USW00023258",87,57.6
"1913970","USW00023258",87.3,57.8
"1913971","USW00023258",87.7,58
"1913972","USW00023258",88,58.3
"1913973","USW00023258",88.3,58.5
"1913974","USW00023258",88.7,58.7
"1913975","USW00023258",89,59
"1913976","USW00023258",89.4,59.2
"1913977","USW00023258",89.7,59.4
"1913978","USW00023258",90.1,59.6
"1913979","USW00023258",90.5,59.9
"1913980","USW00023258",90.8,60.1
"1913981","USW00023258",91.2,60.3
"1913982","USW00023258",91.5,60.5
"1913983","USW00023258",91.9,60.8
"1913984","USW00023258",92.2,61
"1913985","USW00023258",92.5,61.2
"1913986","USW00023258",92.9,61.4
"1913987","USW00023258",93.2,61.6
"1913988","USW00023258",93.5,61.8
"1913989","USW00023258",93.8,61.9
"1913990","USW00023258",94.1,62.1
"1913991","USW00023258",94.3,62.3
"1913992","USW00023258",94.6,62.5
"1913993","USW00023258",94.8,62.6
"1913994","USW00023258",95,62.8
"1913995","USW00023258",95.3,62.9
"1913996","USW00023258",95.4,63
"1913997","USW00023258",95.6,63.1
"1913998","USW00023258",95.8,63.3
"1913999","USW00023258",95.9,63.4
"1914000","USW00023258",96,63.4
"1914001","USW00023258",96.1,63.5
"1914002","USW00023258",96.2,63.6
"1914003","USW00023258",96.3,63.7
"1914004","USW00023258",96.3,63.7
"1914005","USW00023258",96.4,63.8
"1914006","USW00023258",96.4,63.8
"1914007","USW00023258",96.4,63.9
"1914008","USW00023258",96.4,63.9
"1914009","USW00023258",96.3,63.9
"1914010","USW00023258",96.3,63.9
"1914011","USW00023258",96.2,63.9
"1914012","USW00023258",96.2,63.9
"1914013","USW00023258",96.1,63.9
"1914014","USW00023258",96,63.9
"1914015","USW00023258",95.9,63.9
"1914016","USW00023258",95.8,63.9
"1914017","USW00023258",95.7,63.8
"1914018","USW00023258",95.6,63.8
"1914019","USW00023258",95.5,63.8
"1914020","USW00023258",95.4,63.7
"1914021","USW00023258",95.3,63.7
"1914022","USW00023258",95.2,63.7
"1914023","USW00023258",95.1,63.6
"1914024","USW00023258",95,63.6
"1914025","USW00023258",94.9,63.5
"1914026","USW00023258",94.8,63.5
"1914027","USW00023258",94.7,63.5
"1914028","USW00023258",94.6,63.4
"1914029","USW00023258",94.5,63.4
"1914030","USW00023258",94.4,63.3
"1914031","USW00023258",94.4,63.3
"1914032","USW00023258",94.3,63.2
"1914033","USW00023258",94.2,63.2
"1914034","USW00023258",94.2,63.1
"1914035","USW00023258",94.1,63.1
"1914036","USW00023258",94.1,63.1
"1914037","USW00023258",94.1,63
"1914038","USW00023258",94,63
"1914039","USW00023258",94,62.9
"1914040","USW00023258",94,62.9
"1914041","USW00023258",94,62.8
"1914042","USW00023258",93.9,62.8
"1914043","USW00023258",93.9,62.8
"1914044","USW00023258",93.9,62.7
"1914045","USW00023258",93.9,62.7
"1914046","USW00023258",93.9,62.6
"1914047","USW00023258",93.8,62.6
"1914048","USW00023258",93.8,62.5
"1914049","USW00023258",93.8,62.5
"1914050","USW00023258",93.7,62.4
"1914051","USW00023258",93.7,62.3
"1914052","USW00023258",93.6,62.3
"1914053","USW00023258",93.6,62.2
"1914054","USW00023258",93.5,62.1
"1914055","USW00023258",93.4,62
"1914056","USW00023258",93.3,61.9
"1914057","USW00023258",93.2,61.8
"1914058","USW00023258",93.1,61.7
"1914059","USW00023258",93,61.6
"1914060","USW00023258",92.8,61.5
"1914061","USW00023258",92.7,61.4
"1914062","USW00023258",92.5,61.3
"1914063","USW00023258",92.3,61.1
"1914064","USW00023258",92.1,61
"1914065","USW00023258",91.9,60.9
"1914066","USW00023258",91.7,60.7
"1914067","USW00023258",91.5,60.5
"1914068","USW00023258",91.2,60.4
"1914069","USW00023258",91,60.2
"1914070","USW00023258",90.7,60
"1914071","USW00023258",90.4,59.8
"1914072","USW00023258",90.1,59.6
"1914073","USW00023258",89.8,59.4
"1914074","USW00023258",89.5,59.2
"1914075","USW00023258",89.1,59
"1914076","USW00023258",88.8,58.8
"1914077","USW00023258",88.5,58.5
"1914078","USW00023258",88.1,58.3
"1914079","USW00023258",87.8,58.1
"1914080","USW00023258",87.4,57.8
"1914081","USW00023258",87.1,57.6
"1914082","USW00023258",86.7,57.4
"1914083","USW00023258",86.3,57.1
"1914084","USW00023258",85.9,56.9
"1914085","USW00023258",85.6,56.6
"1914086","USW00023258",85.2,56.3
"1914087","USW00023258",84.8,56.1
"1914088","USW00023258",84.5,55.8
"1914089","USW00023258",84.1,55.6
"1914090","USW00023258",83.7,55.3
"1914091","USW00023258",83.4,55
"1914092","USW00023258",83,54.8
"1914093","USW00023258",82.7,54.5
"1914094","USW00023258",82.3,54.2
"1914095","USW00023258",81.9,54
"1914096","USW00023258",81.6,53.7
"1914097","USW00023258",81.2,53.4
"1914098","USW00023258",80.9,53.2
"1914099","USW00023258",80.6,52.9
"1914100","USW00023258",80.2,52.6
"1914101","USW00023258",79.9,52.3
"1914102","USW00023258",79.5,52.1
"1914103","USW00023258",79.2,51.8
"1914104","USW00023258",78.8,51.5
"1914105","USW00023258",78.5,51.3
"1914106","USW00023258",78.2,51
"1914107","USW00023258",77.8,50.7
"1914108","USW00023258",77.5,50.4
"1914109","USW00023258",77.1,50.2
"1914110","USW00023258",76.8,49.9
"1914111","USW00023258",76.4,49.6
"1914112","USW00023258",76,49.3
"1914113","USW00023258",75.7,49
"1914114","USW00023258",75.3,48.8
"1914115","USW00023258",74.9,48.5
"1914116","USW00023258",74.5,48.2
"1914117","USW00023258",74.1,47.9
"1914118","USW00023258",73.7,47.6
"1914119","USW00023258",73.3,47.3
"1914120","USW00023258",72.9,47
"1914121","USW00023258",72.5,46.7
"1914122","USW00023258",72,46.5
"1914123","USW00023258",71.6,46.2
"1914124","USW00023258",71.1,45.9
"1914125","USW00023258",70.7,45.6
"1914126","USW00023258",70.2,45.3
"1914127","USW00023258",69.8,45
"1914128","USW00023258",69.3,44.7
"1914129","USW00023258",68.8,44.4
"1914130","USW00023258",68.3,44.1
"1914131","USW00023258",67.8,43.8
"1914132","USW00023258",67.4,43.6
"1914133","USW00023258",66.9,43.3
"1914134","USW00023258",66.4,43
"1914135","USW00023258",65.9,42.7
"1914136","USW00023258",65.4,42.4
"1914137","USW00023258",64.9,42.2
"1914138","USW00023258",64.5,41.9
"1914139","USW00023258",64,41.7
"1914140","USW00023258",63.5,41.4
"1914141","USW00023258",63.1,41.2
"1914142","USW00023258",62.6,40.9
"1914143","USW00023258",62.2,40.7
"1914144","USW00023258",61.7,40.5
"1914145","USW00023258",61.3,40.3
"1914146","USW00023258",60.9,40.1
"1914147","USW00023258",60.5,39.9
"1914148","USW00023258",60.1,39.7
"1914149","USW00023258",59.8,39.5
"1914150","USW00023258",59.4,39.3
"1914151","USW00023258",59.1,39.2
"1914152","USW00023258",58.7,39
"1914153","USW00023258",58.4,38.9
"1914154","USW00023258",58.1,38.7
"1914155","USW00023258",57.9,38.6
"1914156","USW00023258",57.6,38.5
"1914157","USW00023258",57.4,38.4
"1914158","USW00023258",57.1,38.3
"1914159","USW00023258",56.9,38.2
"1914160","USW00023258",56.8,38.2
"1914161","USW00023258",56.6,38.1
"1914162","USW00023258",56.4,38
"1914163","USW00023258",56.3,38
"1914164","USW00023258",56.2,37.9
"1914165","USW00023258",56,37.9
"1914166","USW00023258",55.9,37.9
"1914167","USW00023258",55.9,37.9
"1914168","USW00023258",55.8,37.9
"1914169","USW00023258",55.7,37.9
"1914170","USW00023258",55.7,37.9
"1914171","USW00023258",55.7,37.9
"1914172","USW00023258",55.6,37.9
"1914173","USW00023258",55.6,37.9
"1914174","USW00023258",55.6,37.9
"1914175","USW00023258",55.6,37.9
"1914176","USW00023258",55.6,38
"1914177","USW00023258",55.7,38
"1914178","USW00023258",55.7,38
"1914179","USW00023258",55.7,38.1
"1914180","USW00023258",55.8,38.1
"1916743","USW00023293",59.8,41.3
"1916744","USW00023293",59.8,41.3
"1916745","USW00023293",59.9,41.3
"1916746","USW00023293",59.9,41.3
"1916747","USW00023293",60,41.4
"1916748","USW00023293",60.1,41.4
"1916749","USW00023293",60.1,41.4
"1916750","USW00023293",60.2,41.4
"1916751","USW00023293",60.2,41.5
"1916752","USW00023293",60.3,41.5
"1916753","USW00023293",60.3,41.5
"1916754","USW00023293",60.4,41.6
"1916755","USW00023293",60.5,41.6
"1916756","USW00023293",60.5,41.6
"1916757","USW00023293",60.6,41.7
"1916758","USW00023293",60.7,41.7
"1916759","USW00023293",60.7,41.8
"1916760","USW00023293",60.8,41.8
"1916761","USW00023293",60.9,41.9
"1916762","USW00023293",60.9,41.9
"1916763","USW00023293",61,42
"1916764","USW00023293",61.1,42
"1916765","USW00023293",61.1,42.1
"1916766","USW00023293",61.2,42.1
"1916767","USW00023293",61.3,42.2
"1916768","USW00023293",61.4,42.2
"1916769","USW00023293",61.4,42.3
"1916770","USW00023293",61.5,42.4
"1916771","USW00023293",61.6,42.4
"1916772","USW00023293",61.7,42.5
"1916773","USW00023293",61.8,42.6
"1916774","USW00023293",61.9,42.6
"1916775","USW00023293",62,42.7
"1916776","USW00023293",62.1,42.8
"1916777","USW00023293",62.2,42.8
"1916778","USW00023293",62.3,42.9
"1916779","USW00023293",62.4,43
"1916780","USW00023293",62.5,43.1
"1916781","USW00023293",62.6,43.1
"1916782","USW00023293",62.7,43.2
"1916783","USW00023293",62.8,43.3
"1916784","USW00023293",62.9,43.4
"1916785","USW00023293",63,43.5
"1916786","USW00023293",63.1,43.6
"1916787","USW00023293",63.2,43.6
"1916788","USW00023293",63.4,43.7
"1916789","USW00023293",63.5,43.8
"1916790","USW00023293",63.6,43.9
"1916791","USW00023293",63.7,44
"1916792","USW00023293",63.8,44.1
"1916793","USW00023293",63.9,44.2
"1916794","USW00023293",64,44.2
"1916795","USW00023293",64.1,44.3
"1916796","USW00023293",64.2,44.4
"1916797","USW00023293",64.3,44.5
"1916798","USW00023293",64.4,44.6
"1916799","USW00023293",64.5,44.7
"1916800","USW00023293",64.6,44.8
"1916801","USW00023293",64.7,44.8
"1916802","USW00023293",64.8,44.9
"1916803","USW00023293",64.8,44.9
"1916804","USW00023293",64.9,45
"1916805","USW00023293",65,45.1
"1916806","USW00023293",65.1,45.2
"1916807","USW00023293",65.2,45.2
"1916808","USW00023293",65.3,45.3
"1916809","USW00023293",65.4,45.4
"1916810","USW00023293",65.5,45.5
"1916811","USW00023293",65.6,45.6
"1916812","USW00023293",65.7,45.6
"1916813","USW00023293",65.8,45.7
"1916814","USW00023293",65.9,45.8
"1916815","USW00023293",66,45.9
"1916816","USW00023293",66.1,46
"1916817","USW00023293",66.1,46
"1916818","USW00023293",66.2,46.1
"1916819","USW00023293",66.3,46.2
"1916820","USW00023293",66.4,46.3
"1916821","USW00023293",66.5,46.3
"1916822","USW00023293",66.6,46.4
"1916823","USW00023293",66.8,46.5
"1916824","USW00023293",66.9,46.6
"1916825","USW00023293",67,46.6
"1916826","USW00023293",67.1,46.7
"1916827","USW00023293",67.2,46.8
"1916828","USW00023293",67.3,46.9
"1916829","USW00023293",67.4,46.9
"1916830","USW00023293",67.6,47
"1916831","USW00023293",67.7,47.1
"1916832","USW00023293",67.8,47.2
"1916833","USW00023293",67.9,47.3
"1916834","USW00023293",68.1,47.4
"1916835","USW00023293",68.2,47.4
"1916836","USW00023293",68.4,47.5
"1916837","USW00023293",68.5,47.6
"1916838","USW00023293",68.6,47.7
"1916839","USW00023293",68.8,47.8
"1916840","USW00023293",68.9,47.9
"1916841","USW00023293",69.1,48
"1916842","USW00023293",69.2,48.1
"1916843","USW00023293",69.4,48.2
"1916844","USW00023293",69.5,48.3
"1916845","USW00023293",69.6,48.4
"1916846","USW00023293",69.8,48.5
"1916847","USW00023293",69.9,48.6
"1916848","USW00023293",70.1,48.7
"1916849","USW00023293",70.2,48.8
"1916850","USW00023293",70.4,48.9
"1916851","USW00023293",70.5,49
"1916852","USW00023293",70.6,49.1
"1916853","USW00023293",70.8,49.2
"1916854","USW00023293",70.9,49.4
"1916855","USW00023293",71,49.5
"1916856","USW00023293",71.1,49.6
"1916857","USW00023293",71.3,49.7
"1916858","USW00023293",71.4,49.8
"1916859","USW00023293",71.5,49.9
"1916860","USW00023293",71.6,50.1
"1916861","USW00023293",71.8,50.2
"1916862","USW00023293",71.9,50.3
"1916863","USW00023293",72,50.4
"1916864","USW00023293",72.1,50.6
"1916865","USW00023293",72.2,50.7
"1916866","USW00023293",72.3,50.8
"1916867","USW00023293",72.4,50.9
"1916868","USW00023293",72.5,51.1
"1916869","USW00023293",72.7,51.2
"1916870","USW00023293",72.8,51.3
"1916871","USW00023293",72.9,51.5
"1916872","USW00023293",73,51.6
"1916873","USW00023293",73.1,51.7
"1916874","USW00023293",73.2,51.8
"1916875","USW00023293",73.4,52
"1916876","USW00023293",73.5,52.1
"1916877","USW00023293",73.6,52.2
"1916878","USW00023293",73.8,52.4
"1916879","USW00023293",73.9,52.5
"1916880","USW00023293",74.1,52.6
"1916881","USW00023293",74.2,52.8
"1916882","USW00023293",74.4,52.9
"1916883","USW00023293",74.5,53
"1916884","USW00023293",74.7,53.2
"1916885","USW00023293",74.9,53.3
"1916886","USW00023293",75.1,53.4
"1916887","USW00023293",75.3,53.5
"1916888","USW00023293",75.4,53.7
"1916889","USW00023293",75.6,53.8
"1916890","USW00023293",75.9,53.9
"1916891","USW00023293",76.1,54.1
"1916892","USW00023293",76.3,54.2
"1916893","USW00023293",76.5,54.3
"1916894","USW00023293",76.7,54.5
"1916895","USW00023293",77,54.6
"1916896","USW00023293",77.2,54.7
"1916897","USW00023293",77.4,54.8
"1916898","USW00023293",77.7,55
"1916899","USW00023293",77.9,55.1
"1916900","USW00023293",78.1,55.2
"1916901","USW00023293",78.4,55.3
"1916902","USW00023293",78.6,55.4
"1916903","USW00023293",78.8,55.5
"1916904","USW00023293",79.1,55.7
"1916905","USW00023293",79.3,55.8
"1916906","USW00023293",79.5,55.9
"1916907","USW00023293",79.8,56
"1916908","USW00023293",80,56.1
"1916909","USW00023293",80.2,56.2
"1916910","USW00023293",80.4,56.3
"1916911","USW00023293",80.6,56.4
"1916912","USW00023293",80.7,56.5
"1916913","USW00023293",80.9,56.6
"1916914","USW00023293",81.1,56.7
"1916915","USW00023293",81.2,56.8
"1916916","USW00023293",81.4,56.9
"1916917","USW00023293",81.5,57
"1916918","USW00023293",81.6,57.1
"1916919","USW00023293",81.7,57.2
"1916920","USW00023293",81.8,57.3
"1916921","USW00023293",81.9,57.3
"1916922","USW00023293",82,57.4
"1916923","USW00023293",82,57.5
"1916924","USW00023293",82.1,57.6
"1916925","USW00023293",82.1,57.6
"1916926","USW00023293",82.1,57.7
"1916927","USW00023293",82.2,57.8
"1916928","USW00023293",82.2,57.8
"1916929","USW00023293",82.1,57.9
"1916930","USW00023293",82.1,58
"1916931","USW00023293",82.1,58
"1916932","USW00023293",82.1,58.1
"1916933","USW00023293",82,58.1
"1916934","USW00023293",82,58.2
"1916935","USW00023293",81.9,58.2
"1916936","USW00023293",81.8,58.3
"1916937","USW00023293",81.8,58.3
"1916938","USW00023293",81.7,58.4
"1916939","USW00023293",81.6,58.4
"1916940","USW00023293",81.5,58.5
"1916941","USW00023293",81.5,58.5
"1916942","USW00023293",81.4,58.5
"1916943","USW00023293",81.3,58.6
"1916944","USW00023293",81.2,58.6
"1916945","USW00023293",81.2,58.7
"1916946","USW00023293",81.1,58.7
"1916947","USW00023293",81,58.7
"1916948","USW00023293",81,58.7
"1916949","USW00023293",80.9,58.8
"1916950","USW00023293",80.9,58.8
"1916951","USW00023293",80.8,58.8
"1916952","USW00023293",80.8,58.9
"1916953","USW00023293",80.7,58.9
"1916954","USW00023293",80.7,58.9
"1916955","USW00023293",80.7,58.9
"1916956","USW00023293",80.7,58.9
"1916957","USW00023293",80.7,59
"1916958","USW00023293",80.7,59
"1916959","USW00023293",80.7,59
"1916960","USW00023293",80.7,59
"1916961","USW00023293",80.8,59
"1916962","USW00023293",80.8,59
"1916963","USW00023293",80.9,59.1
"1916964","USW00023293",80.9,59.1
"1916965","USW00023293",81,59.1
"1916966","USW00023293",81,59.1
"1916967","USW00023293",81.1,59.1
"1916968","USW00023293",81.1,59.1
"1916969","USW00023293",81.2,59.1
"1916970","USW00023293",81.3,59.1
"1916971","USW00023293",81.4,59.1
"1916972","USW00023293",81.4,59.1
"1916973","USW00023293",81.5,59.1
"1916974","USW00023293",81.6,59.1
"1916975","USW00023293",81.7,59
"1916976","USW00023293",81.7,59
"1916977","USW00023293",81.8,59
"1916978","USW00023293",81.9,59
"1916979","USW00023293",81.9,59
"1916980","USW00023293",82,59
"1916981","USW00023293",82,58.9
"1916982","USW00023293",82.1,58.9
"1916983","USW00023293",82.1,58.9
"1916984","USW00023293",82.2,58.8
"1916985","USW00023293",82.2,58.8
"1916986","USW00023293",82.2,58.7
"1916987","USW00023293",82.2,58.7
"1916988","USW00023293",82.2,58.7
"1916989","USW00023293",82.2,58.6
"1916990","USW00023293",82.2,58.6
"1916991","USW00023293",82.2,58.5
"1916992","USW00023293",82.2,58.4
"1916993","USW00023293",82.1,58.4
"1916994","USW00023293",82.1,58.3
"1916995","USW00023293",82,58.2
"1916996","USW00023293",82,58.2
"1916997","USW00023293",81.9,58.1
"1916998","USW00023293",81.8,58
"1916999","USW00023293",81.7,57.9
"1917000","USW00023293",81.7,57.9
"1917001","USW00023293",81.6,57.8
"1917002","USW00023293",81.5,57.7
"1917003","USW00023293",81.4,57.6
"1917004","USW00023293",81.2,57.5
"1917005","USW00023293",81.1,57.4
"1917006","USW00023293",81,57.3
"1917007","USW00023293",80.9,57.2
"1917008","USW00023293",80.8,57.1
"1917009","USW00023293",80.6,57
"1917010","USW00023293",80.5,56.8
"1917011","USW00023293",80.4,56.7
"1917012","USW00023293",80.2,56.6
"1917013","USW00023293",80.1,56.5
"1917014","USW00023293",79.9,56.3
"1917015","USW00023293",79.8,56.2
"1917016","USW00023293",79.6,56.1
"1917017","USW00023293",79.5,55.9
"1917018","USW00023293",79.3,55.8
"1917019","USW00023293",79.2,55.6
"1917020","USW00023293",79,55.5
"1917021","USW00023293",78.8,55.3
"1917022","USW00023293",78.7,55.1
"1917023","USW00023293",78.5,55
"1917024","USW00023293",78.3,54.8
"1917025","USW00023293",78.1,54.6
"1917026","USW00023293",78,54.4
"1917027","USW00023293",77.8,54.2
"1917028","USW00023293",77.6,54.1
"1917029","USW00023293",77.4,53.9
"1917030","USW00023293",77.2,53.7
"1917031","USW00023293",77,53.5
"1917032","USW00023293",76.8,53.3
"1917033","USW00023293",76.5,53
"1917034","USW00023293",76.3,52.8
"1917035","USW00023293",76.1,52.6
"1917036","USW00023293",75.8,52.4
"1917037","USW00023293",75.6,52.2
"1917038","USW00023293",75.3,51.9
"1917039","USW00023293",75.1,51.7
"1917040","USW00023293",74.8,51.5
"1917041","USW00023293",74.5,51.2
"1917042","USW00023293",74.2,51
"1917043","USW00023293",73.9,50.7
"1917044","USW00023293",73.6,50.5
"1917045","USW00023293",73.3,50.2
"1917046","USW00023293",72.9,50
"1917047","USW00023293",72.6,49.7
"1917048","USW00023293",72.3,49.5
"1917049","USW00023293",71.9,49.2
"1917050","USW00023293",71.6,49
"1917051","USW00023293",71.2,48.7
"1917052","USW00023293",70.8,48.5
"1917053","USW00023293",70.5,48.2
"1917054","USW00023293",70.1,47.9
"1917055","USW00023293",69.7,47.7
"1917056","USW00023293",69.3,47.4
"1917057","USW00023293",68.9,47.2
"1917058","USW00023293",68.5,46.9
"1917059","USW00023293",68.1,46.7
"1917060","USW00023293",67.8,46.5
"1917061","USW00023293",67.4,46.2
"1917062","USW00023293",67,46
"1917063","USW00023293",66.6,45.7
"1917064","USW00023293",66.2,45.5
"1917065","USW00023293",65.8,45.3
"1917066","USW00023293",65.5,45.1
"1917067","USW00023293",65.1,44.9
"1917068","USW00023293",64.7,44.6
"1917069","USW00023293",64.4,44.4
"1917070","USW00023293",64,44.2
"1917071","USW00023293",63.7,44
"1917072","USW00023293",63.4,43.9
"1917073","USW00023293",63.1,43.7
"1917074","USW00023293",62.8,43.5
"1917075","USW00023293",62.5,43.3
"1917076","USW00023293",62.2,43.2
"1917077","USW00023293",62,43
"1917078","USW00023293",61.7,42.9
"1917079","USW00023293",61.5,42.7
"1917080","USW00023293",61.2,42.6
"1917081","USW00023293",61,42.5
"1917082","USW00023293",60.8,42.4
"1917083","USW00023293",60.7,42.3
"1917084","USW00023293",60.5,42.1
"1917085","USW00023293",60.3,42
"1917086","USW00023293",60.2,42
"1917087","USW00023293",60.1,41.9
"1917088","USW00023293",60,41.8
"1917089","USW00023293",59.9,41.7
"1917090","USW00023293",59.8,41.7
"1917091","USW00023293",59.7,41.6
"1917092","USW00023293",59.6,41.5
"1917093","USW00023293",59.6,41.5
"1917094","USW00023293",59.5,41.4
"1917095","USW00023293",59.5,41.4
"1917096","USW00023293",59.5,41.4
"1917097","USW00023293",59.5,41.3
"1917098","USW00023293",59.5,41.3
"1917099","USW00023293",59.5,41.3
"1917100","USW00023293",59.5,41.3
"1917101","USW00023293",59.5,41.3
"1917102","USW00023293",59.5,41.3
"1917103","USW00023293",59.5,41.3
"1917104","USW00023293",59.6,41.3
"1917105","USW00023293",59.6,41.3
"1917106","USW00023293",59.7,41.3
"1917107","USW00023293",59.7,41.3
"1917108","USW00023293",59.7,41.3
"1947487","USW00024233",46.6,37.1
"1947488","USW00024233",46.7,37.2
"1947489","USW00024233",46.8,37.3
"1947490","USW00024233",46.9,37.4
"1947491","USW00024233",47,37.4
"1947492","USW00024233",47.1,37.5
"1947493","USW00024233",47.2,37.6
"1947494","USW00024233",47.3,37.7
"1947495","USW00024233",47.4,37.7
"1947496","USW00024233",47.5,37.8
"1947497","USW00024233",47.6,37.9
"1947498","USW00024233",47.7,37.9
"1947499","USW00024233",47.7,38
"1947500","USW00024233",47.8,38
"1947501","USW00024233",47.9,38.1
"1947502","USW00024233",47.9,38.1
"1947503","USW00024233",48,38.1
"1947504","USW00024233",48,38.2
"1947505","USW00024233",48,38.2
"1947506","USW00024233",48.1,38.2
"1947507","USW00024233",48.1,38.2
"1947508","USW00024233",48.1,38.2
"1947509","USW00024233",48.1,38.2
"1947510","USW00024233",48.1,38.2
"1947511","USW00024233",48.1,38.2
"1947512","USW00024233",48.1,38.2
"1947513","USW00024233",48.1,38.1
"1947514","USW00024233",48.1,38.1
"1947515","USW00024233",48.1,38.1
"1947516","USW00024233",48.1,38.1
"1947517","USW00024233",48.1,38
"1947518","USW00024233",48.2,38
"1947519","USW00024233",48.2,38
"1947520","USW00024233",48.2,37.9
"1947521","USW00024233",48.2,37.9
"1947522","USW00024233",48.2,37.9
"1947523","USW00024233",48.3,37.8
"1947524","USW00024233",48.3,37.8
"1947525","USW00024233",48.3,37.8
"1947526","USW00024233",48.4,37.8
"1947527","USW00024233",48.5,37.8
"1947528","USW00024233",48.5,37.7
"1947529","USW00024233",48.6,37.7
"1947530","USW00024233",48.7,37.7
"1947531","USW00024233",48.8,37.7
"1947532","USW00024233",48.9,37.7
"1947533","USW00024233",49,37.8
"1947534","USW00024233",49.1,37.8
"1947535","USW00024233",49.3,37.8
"1947536","USW00024233",49.4,37.8
"1947537","USW00024233",49.5,37.9
"1947538","USW00024233",49.7,37.9
"1947539","USW00024233",49.9,38
"1947540","USW00024233",50,38
"1947541","USW00024233",50.2,38.1
"1947542","USW00024233",50.4,38.1
"1947543","USW00024233",50.5,38.2
"1947544","USW00024233",50.7,38.3
"1947545","USW00024233",50.9,38.4
"1947546","USW00024233",51,38.4
"1947547","USW00024233",51.1,38.4
"1947548","USW00024233",51.3,38.5
"1947549","USW00024233",51.5,38.6
"1947550","USW00024233",51.7,38.7
"1947551","USW00024233",51.9,38.8
"1947552","USW00024233",52,38.9
"1947553","USW00024233",52.2,39
"1947554","USW00024233",52.4,39.1
"1947555","USW00024233",52.6,39.2
"1947556","USW00024233",52.8,39.3
"1947557","USW00024233",52.9,39.4
"1947558","USW00024233",53.1,39.5
"1947559","USW00024233",53.3,39.6
"1947560","USW00024233",53.4,39.7
"1947561","USW00024233",53.6,39.8
"1947562","USW00024233",53.7,39.9
"1947563","USW00024233",53.9,40
"1947564","USW00024233",54,40.1
"1947565","USW00024233",54.2,40.2
"1947566","USW00024233",54.3,40.3
"1947567","USW00024233",54.4,40.4
"1947568","USW00024233",54.6,40.5
"1947569","USW00024233",54.7,40.6
"1947570","USW00024233",54.8,40.7
"1947571","USW00024233",54.9,40.8
"1947572","USW00024233",55.1,40.9
"1947573","USW00024233",55.2,41
"1947574","USW00024233",55.3,41
"1947575","USW00024233",55.4,41.1
"1947576","USW00024233",55.6,41.2
"1947577","USW00024233",55.7,41.3
"1947578","USW00024233",55.8,41.4
"1947579","USW00024233",56,41.5
"1947580","USW00024233",56.1,41.6
"1947581","USW00024233",56.3,41.7
"1947582","USW00024233",56.4,41.8
"1947583","USW00024233",56.6,41.9
"1947584","USW00024233",56.8,42
"1947585","USW00024233",56.9,42.1
"1947586","USW00024233",57.1,42.2
"1947587","USW00024233",57.3,42.4
"1947588","USW00024233",57.6,42.5
"1947589","USW00024233",57.8,42.6
"1947590","USW00024233",58,42.7
"1947591","USW00024233",58.2,42.9
"1947592","USW00024233",58.5,43
"1947593","USW00024233",58.7,43.2
"1947594","USW00024233",59,43.3
"1947595","USW00024233",59.3,43.5
"1947596","USW00024233",59.6,43.7
"1947597","USW00024233",59.8,43.8
"1947598","USW00024233",60.1,44
"1947599","USW00024233",60.4,44.2
"1947600","USW00024233",60.7,44.4
"1947601","USW00024233",61,44.6
"1947602","USW00024233",61.4,44.8
"1947603","USW00024233",61.7,45
"1947604","USW00024233",62,45.2
"1947605","USW00024233",62.3,45.4
"1947606","USW00024233",62.6,45.6
"1947607","USW00024233",62.9,45.8
"1947608","USW00024233",63.2,46
"1947609","USW00024233",63.5,46.3
"1947610","USW00024233",63.8,46.5
"1947611","USW00024233",64.1,46.7
"1947612","USW00024233",64.4,46.9
"1947613","USW00024233",64.7,47.1
"1947614","USW00024233",65,47.3
"1947615","USW00024233",65.3,47.6
"1947616","USW00024233",65.5,47.8
"1947617","USW00024233",65.8,48
"1947618","USW00024233",66,48.2
"1947619","USW00024233",66.2,48.4
"1947620","USW00024233",66.5,48.6
"1947621","USW00024233",66.7,48.8
"1947622","USW00024233",66.9,49
"1947623","USW00024233",67.1,49.2
"1947624","USW00024233",67.2,49.3
"1947625","USW00024233",67.4,49.5
"1947626","USW00024233",67.6,49.7
"1947627","USW00024233",67.7,49.9
"1947628","USW00024233",67.9,50
"1947629","USW00024233",68,50.2
"1947630","USW00024233",68.1,50.3
"1947631","USW00024233",68.2,50.5
"1947632","USW00024233",68.4,50.6
"1947633","USW00024233",68.5,50.8
"1947634","USW00024233",68.6,50.9
"1947635","USW00024233",68.7,51
"1947636","USW00024233",68.8,51.2
"1947637","USW00024233",68.9,51.3
"1947638","USW00024233",69,51.4
"1947639","USW00024233",69.1,51.5
"1947640","USW00024233",69.2,51.7
"1947641","USW00024233",69.3,51.8
"1947642","USW00024233",69.4,51.9
"1947643","USW00024233",69.5,52
"1947644","USW00024233",69.6,52.1
"1947645","USW00024233",69.7,52.3
"1947646","USW00024233",69.8,52.4
"1947647","USW00024233",70,52.5
"1947648","USW00024233",70.1,52.6
"1947649","USW00024233",70.3,52.7
"1947650","USW00024233",70.4,52.9
"1947651","USW00024233",70.6,53
"1947652","USW00024233",70.8,53.1
"1947653","USW00024233",71,53.3
"1947654","USW00024233",71.2,53.4
"1947655","USW00024233",71.4,53.5
"1947656","USW00024233",71.6,53.7
"1947657","USW00024233",71.8,53.8
"1947658","USW00024233",72.1,53.9
"1947659","USW00024233",72.3,54.1
"1947660","USW00024233",72.6,54.2
"1947661","USW00024233",72.8,54.4
"1947662","USW00024233",73.1,54.5
"1947663","USW00024233",73.4,54.7
"1947664","USW00024233",73.6,54.9
"1947665","USW00024233",73.9,55
"1947666","USW00024233",74.2,55.2
"1947667","USW00024233",74.5,55.3
"1947668","USW00024233",74.8,55.5
"1947669","USW00024233",75,55.6
"1947670","USW00024233",75.3,55.8
"1947671","USW00024233",75.6,55.9
"1947672","USW00024233",75.9,56.1
"1947673","USW00024233",76.1,56.2
"1947674","USW00024233",76.4,56.4
"1947675","USW00024233",76.6,56.5
"1947676","USW00024233",76.9,56.7
"1947677","USW00024233",77.1,56.8
"1947678","USW00024233",77.3,56.9
"1947679","USW00024233",77.6,57.1
"1947680","USW00024233",77.8,57.2
"1947681","USW00024233",78,57.3
"1947682","USW00024233",78.2,57.4
"1947683","USW00024233",78.3,57.5
"1947684","USW00024233",78.5,57.6
"1947685","USW00024233",78.6,57.7
"1947686","USW00024233",78.8,57.8
"1947687","USW00024233",78.9,57.9
"1947688","USW00024233",79,58
"1947689","USW00024233",79.1,58
"1947690","USW00024233",79.2,58.1
"1947691","USW00024233",79.2,58.2
"1947692","USW00024233",79.3,58.2
"1947693","USW00024233",79.3,58.2
"1947694","USW00024233",79.4,58.3
"1947695","USW00024233",79.4,58.3
"1947696","USW00024233",79.4,58.3
"1947697","USW00024233",79.4,58.4
"1947698","USW00024233",79.4,58.4
"1947699","USW00024233",79.3,58.4
"1947700","USW00024233",79.3,58.4
"1947701","USW00024233",79.3,58.4
"1947702","USW00024233",79.2,58.4
"1947703","USW00024233",79.2,58.4
"1947704","USW00024233",79.1,58.4
"1947705","USW00024233",79,58.3
"1947706","USW00024233",79,58.3
"1947707","USW00024233",78.9,58.3
"1947708","USW00024233",78.8,58.3
"1947709","USW00024233",78.7,58.2
"1947710","USW00024233",78.6,58.2
"1947711","USW00024233",78.6,58.2
"1947712","USW00024233",78.5,58.1
"1947713","USW00024233",78.4,58.1
"1947714","USW00024233",78.3,58.1
"1947715","USW00024233",78.2,58
"1947716","USW00024233",78.1,58
"1947717","USW00024233",77.9,57.9
"1947718","USW00024233",77.8,57.9
"1947719","USW00024233",77.7,57.8
"1947720","USW00024233",77.6,57.8
"1947721","USW00024233",77.5,57.7
"1947722","USW00024233",77.3,57.6
"1947723","USW00024233",77.2,57.6
"1947724","USW00024233",77,57.5
"1947725","USW00024233",76.9,57.4
"1947726","USW00024233",76.7,57.3
"1947727","USW00024233",76.6,57.3
"1947728","USW00024233",76.4,57.2
"1947729","USW00024233",76.2,57.1
"1947730","USW00024233",76,57
"1947731","USW00024233",75.8,56.9
"1947732","USW00024233",75.6,56.8
"1947733","USW00024233",75.4,56.7
"1947734","USW00024233",75.2,56.5
"1947735","USW00024233",74.9,56.4
"1947736","USW00024233",74.7,56.3
"1947737","USW00024233",74.4,56.1
"1947738","USW00024233",74.2,56
"1947739","USW00024233",73.9,55.8
"1947740","USW00024233",73.6,55.7
"1947741","USW00024233",73.3,55.5
"1947742","USW00024233",73,55.3
"1947743","USW00024233",72.6,55.1
"1947744","USW00024233",72.3,54.9
"1947745","USW00024233",71.9,54.7
"1947746","USW00024233",71.6,54.5
"1947747","USW00024233",71.2,54.3
"1947748","USW00024233",70.8,54.1
"1947749","USW00024233",70.4,53.9
"1947750","USW00024233",70,53.6
"1947751","USW00024233",69.6,53.4
"1947752","USW00024233",69.2,53.2
"1947753","USW00024233",68.8,52.9
"1947754","USW00024233",68.4,52.7
"1947755","USW00024233",67.9,52.4
"1947756","USW00024233",67.5,52.1
"1947757","USW00024233",67.1,51.9
"1947758","USW00024233",66.7,51.6
"1947759","USW00024233",66.2,51.4
"1947760","USW00024233",65.8,51.1
"1947761","USW00024233",65.4,50.8
"1947762","USW00024233",64.9,50.6
"1947763","USW00024233",64.5,50.3
"1947764","USW00024233",64.1,50
"1947765","USW00024233",63.7,49.8
"1947766","USW00024233",63.3,49.5
"1947767","USW00024233",62.9,49.2
"1947768","USW00024233",62.5,49
"1947769","USW00024233",62.2,48.7
"1947770","USW00024233",61.8,48.5
"1947771","USW00024233",61.4,48.2
"1947772","USW00024233",61.1,48
"1947773","USW00024233",60.7,47.7
"1947774","USW00024233",60.4,47.5
"1947775","USW00024233",60.1,47.3
"1947776","USW00024233",59.8,47
"1947777","USW00024233",59.5,46.8
"1947778","USW00024233",59.2,46.6
"1947779","USW00024233",58.9,46.4
"1947780","USW00024233",58.6,46.2
"1947781","USW00024233",58.3,46
"1947782","USW00024233",58.1,45.8
"1947783","USW00024233",57.8,45.6
"1947784","USW00024233",57.6,45.4
"1947785","USW00024233",57.3,45.2
"1947786","USW00024233",57.1,45
"1947787","USW00024233",56.9,44.8
"1947788","USW00024233",56.6,44.6
"1947789","USW00024233",56.4,44.5
"1947790","USW00024233",56.2,44.3
"1947791","USW00024233",55.9,44.1
"1947792","USW00024233",55.7,43.9
"1947793","USW00024233",55.5,43.7
"1947794","USW00024233",55.2,43.6
"1947795","USW00024233",55,43.4
"1947796","USW00024233",54.8,43.2
"1947797","USW00024233",54.5,43
"1947798","USW00024233",54.3,42.8
"1947799","USW00024233",54.1,42.7
"1947800","USW00024233",53.8,42.5
"1947801","USW00024233",53.6,42.3
"1947802","USW00024233",53.3,42.1
"1947803","USW00024233",53,41.9
"1947804","USW00024233",52.8,41.7
"1947805","USW00024233",52.5,41.5
"1947806","USW00024233",52.2,41.3
"1947807","USW00024233",52,41.1
"1947808","USW00024233",51.7,40.9
"1947809","USW00024233",51.4,40.7
"1947810","USW00024233",51.1,40.5
"1947811","USW00024233",50.8,40.3
"1947812","USW00024233",50.5,40.1
"1947813","USW00024233",50.2,39.9
"1947814","USW00024233",50,39.7
"1947815","USW00024233",49.7,39.5
"1947816","USW00024233",49.4,39.3
"1947817","USW00024233",49.1,39.1
"1947818","USW00024233",48.8,39
"1947819","USW00024233",48.6,38.8
"1947820","USW00024233",48.3,38.6
"1947821","USW00024233",48.1,38.4
"1947822","USW00024233",47.8,38.2
"1947823","USW00024233",47.6,38.1
"1947824","USW00024233",47.3,37.9
"1947825","USW00024233",47.1,37.8
"1947826","USW00024233",46.9,37.6
"1947827","USW00024233",46.7,37.5
"1947828","USW00024233",46.6,37.3
"1947829","USW00024233",46.4,37.2
"1947830","USW00024233",46.3,37.1
"1947831","USW00024233",46.1,37
"1947832","USW00024233",46,36.9
"1947833","USW00024233",45.9,36.8
"1947834","USW00024233",45.8,36.8
"1947835","USW00024233",45.7,36.7
"1947836","USW00024233",45.7,36.7
"1947837","USW00024233",45.6,36.6
"1947838","USW00024233",45.6,36.6
"1947839","USW00024233",45.6,36.6
"1947840","USW00024233",45.6,36.6
"1947841","USW00024233",45.6,36.6
"1947842","USW00024233",45.7,36.6
"1947843","USW00024233",45.7,36.6
"1947844","USW00024233",45.8,36.6
"1947845","USW00024233",45.8,36.7
"1947846","USW00024233",45.9,36.7
"1947847","USW00024233",46,36.7
"1947848","USW00024233",46.1,36.8
"1947849","USW00024233",46.1,36.9
"1947850","USW00024233",46.2,36.9
"1947851","USW00024233",46.4,37
"1947852","USW00024233",46.5,37.1
"2038255","USW00093037",43.8,17.5
"2038256","USW00093037",44,17.6
"2038257","USW00093037",44.1,17.7
"2038258","USW00093037",44.3,17.8
"2038259","USW00093037",44.5,17.9
"2038260","USW00093037",44.7,18
"2038261","USW00093037",44.8,18.1
"2038262","USW00093037",45,18.2
"2038263","USW00093037",45.2,18.3
"2038264","USW00093037",45.3,18.4
"2038265","USW00093037",45.4,18.5
"2038266","USW00093037",45.6,18.6
"2038267","USW00093037",45.7,18.6
"2038268","USW00093037",45.8,18.7
"2038269","USW00093037",45.9,18.8
"2038270","USW00093037",45.9,18.8
"2038271","USW00093037",46,18.8
"2038272","USW00093037",46,18.9
"2038273","USW00093037",46,18.9
"2038274","USW00093037",46,18.9
"2038275","USW00093037",46,18.9
"2038276","USW00093037",46,18.9
"2038277","USW00093037",46,18.9
"2038278","USW00093037",45.9,18.8
"2038279","USW00093037",45.9,18.8
"2038280","USW00093037",45.8,18.8
"2038281","USW00093037",45.7,18.7
"2038282","USW00093037",45.7,18.7
"2038283","USW00093037",45.6,18.6
"2038284","USW00093037",45.5,18.6
"2038285","USW00093037",45.4,18.6
"2038286","USW00093037",45.3,18.5
"2038287","USW00093037",45.2,18.5
"2038288","USW00093037",45.2,18.4
"2038289","USW00093037",45.1,18.4
"2038290","USW00093037",45,18.4
"2038291","USW00093037",45,18.4
"2038292","USW00093037",44.9,18.4
"2038293","USW00093037",44.9,18.4
"2038294","USW00093037",44.9,18.4
"2038295","USW00093037",44.9,18.5
"2038296","USW00093037",45,18.5
"2038297","USW00093037",45,18.6
"2038298","USW00093037",45.1,18.7
"2038299","USW00093037",45.2,18.8
"2038300","USW00093037",45.3,18.9
"2038301","USW00093037",45.5,19
"2038302","USW00093037",45.7,19.2
"2038303","USW00093037",45.9,19.4
"2038304","USW00093037",46.1,19.6
"2038305","USW00093037",46.3,19.8
"2038306","USW00093037",46.6,20
"2038307","USW00093037",46.9,20.3
"2038308","USW00093037",47.2,20.6
"2038309","USW00093037",47.6,20.9
"2038310","USW00093037",47.9,21.2
"2038311","USW00093037",48.3,21.5
"2038312","USW00093037",48.7,21.8
"2038313","USW00093037",49.2,22.2
"2038314","USW00093037",49.4,22.3
"2038315","USW00093037",49.6,22.5
"2038316","USW00093037",50,22.9
"2038317","USW00093037",50.5,23.3
"2038318","USW00093037",51,23.7
"2038319","USW00093037",51.5,24
"2038320","USW00093037",52,24.4
"2038321","USW00093037",52.4,24.8
"2038322","USW00093037",52.9,25.2
"2038323","USW00093037",53.4,25.6
"2038324","USW00093037",53.9,26
"2038325","USW00093037",54.4,26.4
"2038326","USW00093037",54.9,26.8
"2038327","USW00093037",55.3,27.2
"2038328","USW00093037",55.8,27.6
"2038329","USW00093037",56.2,27.9
"2038330","USW00093037",56.7,28.3
"2038331","USW00093037",57.1,28.6
"2038332","USW00093037",57.5,29
"2038333","USW00093037",57.9,29.3
"2038334","USW00093037",58.2,29.6
"2038335","USW00093037",58.6,29.9
"2038336","USW00093037",58.9,30.2
"2038337","USW00093037",59.2,30.4
"2038338","USW00093037",59.4,30.7
"2038339","USW00093037",59.7,30.9
"2038340","USW00093037",59.9,31.1
"2038341","USW00093037",60.1,31.3
"2038342","USW00093037",60.3,31.5
"2038343","USW00093037",60.5,31.7
"2038344","USW00093037",60.6,31.9
"2038345","USW00093037",60.7,32
"2038346","USW00093037",60.8,32.1
"2038347","USW00093037",60.9,32.3
"2038348","USW00093037",61,32.4
"2038349","USW00093037",61.1,32.5
"2038350","USW00093037",61.1,32.6
"2038351","USW00093037",61.2,32.7
"2038352","USW00093037",61.2,32.8
"2038353","USW00093037",61.2,32.9
"2038354","USW00093037",61.2,33
"2038355","USW00093037",61.2,33.1
"2038356","USW00093037",61.2,33.2
"2038357","USW00093037",61.3,33.3
"2038358","USW00093037",61.3,33.4
"2038359","USW00093037",61.3,33.5
"2038360","USW00093037",61.3,33.6
"2038361","USW00093037",61.3,33.8
"2038362","USW00093037",61.4,33.9
"2038363","USW00093037",61.4,34
"2038364","USW00093037",61.5,34.2
"2038365","USW00093037",61.6,34.4
"2038366","USW00093037",61.6,34.6
"2038367","USW00093037",61.8,34.8
"2038368","USW00093037",61.9,35
"2038369","USW00093037",62,35.2
"2038370","USW00093037",62.2,35.4
"2038371","USW00093037",62.4,35.7
"2038372","USW00093037",62.6,35.9
"2038373","USW00093037",62.8,36.2
"2038374","USW00093037",63,36.5
"2038375","USW00093037",63.3,36.8
"2038376","USW00093037",63.6,37.2
"2038377","USW00093037",63.9,37.5
"2038378","USW00093037",64.2,37.9
"2038379","USW00093037",64.5,38.2
"2038380","USW00093037",64.9,38.6
"2038381","USW00093037",65.3,39
"2038382","USW00093037",65.7,39.4
"2038383","USW00093037",66.1,39.8
"2038384","USW00093037",66.5,40.2
"2038385","USW00093037",67,40.6
"2038386","USW00093037",67.4,41
"2038387","USW00093037",67.9,41.5
"2038388","USW00093037",68.4,41.9
"2038389","USW00093037",68.9,42.3
"2038390","USW00093037",69.4,42.8
"2038391","USW00093037",69.9,43.2
"2038392","USW00093037",70.4,43.6
"2038393","USW00093037",71,44.1
"2038394","USW00093037",71.5,44.5
"2038395","USW00093037",72,44.9
"2038396","USW00093037",72.6,45.4
"2038397","USW00093037",73.1,45.8
"2038398","USW00093037",73.7,46.2
"2038399","USW00093037",74.2,46.6
"2038400","USW00093037",74.7,47
"2038401","USW00093037",75.3,47.4
"2038402","USW00093037",75.8,47.8
"2038403","USW00093037",76.3,48.2
"2038404","USW00093037",76.9,48.6
"2038405","USW00093037",77.4,48.9
"2038406","USW00093037",77.9,49.3
"2038407","USW00093037",78.4,49.6
"2038408","USW00093037",78.9,50
"2038409","USW00093037",79.4,50.3
"2038410","USW00093037",79.8,50.7
"2038411","USW00093037",80.3,51
"2038412","USW00093037",80.8,51.3
"2038413","USW00093037",81.2,51.6
"2038414","USW00093037",81.6,51.9
"2038415","USW00093037",82,52.2
"2038416","USW00093037",82.4,52.5
"2038417","USW00093037",82.8,52.8
"2038418","USW00093037",83.2,53.1
"2038419","USW00093037",83.6,53.3
"2038420","USW00093037",83.9,53.6
"2038421","USW00093037",84.3,53.9
"2038422","USW00093037",84.6,54.1
"2038423","USW00093037",84.9,54.4
"2038424","USW00093037",85.2,54.6
"2038425","USW00093037",85.5,54.9
"2038426","USW00093037",85.7,55.1
"2038427","USW00093037",86,55.3
"2038428","USW00093037",86.2,55.6
"2038429","USW00093037",86.4,55.8
"2038430","USW00093037",86.6,56
"2038431","USW00093037",86.8,56.2
"2038432","USW00093037",87,56.4
"2038433","USW00093037",87.1,56.7
"2038434","USW00093037",87.3,56.9
"2038435","USW00093037",87.4,57.1
"2038436","USW00093037",87.5,57.3
"2038437","USW00093037",87.6,57.4
"2038438","USW00093037",87.7,57.6
"2038439","USW00093037",87.8,57.8
"2038440","USW00093037",87.8,58
"2038441","USW00093037",87.8,58.1
"2038442","USW00093037",87.9,58.3
"2038443","USW00093037",87.9,58.4
"2038444","USW00093037",87.9,58.6
"2038445","USW00093037",87.8,58.7
"2038446","USW00093037",87.8,58.8
"2038447","USW00093037",87.8,58.9
"2038448","USW00093037",87.7,59
"2038449","USW00093037",87.7,59.1
"2038450","USW00093037",87.6,59.2
"2038451","USW00093037",87.5,59.2
"2038452","USW00093037",87.4,59.3
"2038453","USW00093037",87.3,59.3
"2038454","USW00093037",87.2,59.4
"2038455","USW00093037",87.1,59.4
"2038456","USW00093037",87,59.4
"2038457","USW00093037",86.8,59.4
"2038458","USW00093037",86.7,59.4
"2038459","USW00093037",86.6,59.4
"2038460","USW00093037",86.4,59.4
"2038461","USW00093037",86.3,59.4
"2038462","USW00093037",86.2,59.3
"2038463","USW00093037",86,59.3
"2038464","USW00093037",85.9,59.2
"2038465","USW00093037",85.8,59.1
"2038466","USW00093037",85.7,59.1
"2038467","USW00093037",85.5,59
"2038468","USW00093037",85.4,58.9
"2038469","USW00093037",85.3,58.8
"2038470","USW00093037",85.2,58.7
"2038471","USW00093037",85.1,58.6
"2038472","USW00093037",85,58.5
"2038473","USW00093037",84.9,58.4
"2038474","USW00093037",84.9,58.3
"2038475","USW00093037",84.8,58.2
"2038476","USW00093037",84.7,58.1
"2038477","USW00093037",84.7,57.9
"2038478","USW00093037",84.6,57.8
"2038479","USW00093037",84.5,57.7
"2038480","USW00093037",84.5,57.6
"2038481","USW00093037",84.5,57.5
"2038482","USW00093037",84.4,57.3
"2038483","USW00093037",84.4,57.2
"2038484","USW00093037",84.3,57.1
"2038485","USW00093037",84.3,56.9
"2038486","USW00093037",84.3,56.8
"2038487","USW00093037",84.2,56.7
"2038488","USW00093037",84.2,56.5
"2038489","USW00093037",84.1,56.4
"2038490","USW00093037",84.1,56.2
"2038491","USW00093037",84,56.1
"2038492","USW00093037",84,55.9
"2038493","USW00093037",83.9,55.8
"2038494","USW00093037",83.8,55.6
"2038495","USW00093037",83.7,55.4
"2038496","USW00093037",83.6,55.3
"2038497","USW00093037",83.5,55.1
"2038498","USW00093037",83.3,54.9
"2038499","USW00093037",83.2,54.7
"2038500","USW00093037",83,54.4
"2038501","USW00093037",82.8,54.2
"2038502","USW00093037",82.6,54
"2038503","USW00093037",82.4,53.7
"2038504","USW00093037",82.1,53.5
"2038505","USW00093037",81.9,53.2
"2038506","USW00093037",81.6,52.9
"2038507","USW00093037",81.3,52.6
"2038508","USW00093037",81,52.3
"2038509","USW00093037",80.6,52
"2038510","USW00093037",80.2,51.6
"2038511","USW00093037",79.8,51.3
"2038512","USW00093037",79.4,50.9
"2038513","USW00093037",79,50.5
"2038514","USW00093037",78.6,50.2
"2038515","USW00093037",78.1,49.7
"2038516","USW00093037",77.6,49.3
"2038517","USW00093037",77.1,48.9
"2038518","USW00093037",76.6,48.5
"2038519","USW00093037",76.1,48
"2038520","USW00093037",75.6,47.5
"2038521","USW00093037",75.1,47.1
"2038522","USW00093037",74.5,46.6
"2038523","USW00093037",74,46.1
"2038524","USW00093037",73.4,45.6
"2038525","USW00093037",72.9,45.1
"2038526","USW00093037",72.3,44.6
"2038527","USW00093037",71.8,44.1
"2038528","USW00093037",71.2,43.6
"2038529","USW00093037",70.7,43.1
"2038530","USW00093037",70.2,42.6
"2038531","USW00093037",69.6,42.1
"2038532","USW00093037",69.1,41.6
"2038533","USW00093037",68.6,41.1
"2038534","USW00093037",68.1,40.6
"2038535","USW00093037",67.7,40.1
"2038536","USW00093037",67.2,39.7
"2038537","USW00093037",66.7,39.2
"2038538","USW00093037",66.3,38.7
"2038539","USW00093037",65.9,38.3
"2038540","USW00093037",65.5,37.9
"2038541","USW00093037",65.1,37.4
"2038542","USW00093037",64.7,37
"2038543","USW00093037",64.4,36.6
"2038544","USW00093037",64.1,36.2
"2038545","USW00093037",63.7,35.8
"2038546","USW00093037",63.4,35.4
"2038547","USW00093037",63.1,35.1
"2038548","USW00093037",62.9,34.7
"2038549","USW00093037",62.6,34.4
"2038550","USW00093037",62.3,34
"2038551","USW00093037",62.1,33.7
"2038552","USW00093037",61.8,33.4
"2038553","USW00093037",61.6,33.1
"2038554","USW00093037",61.4,32.8
"2038555","USW00093037",61.2,32.5
"2038556","USW00093037",60.9,32.2
"2038557","USW00093037",60.7,32
"2038558","USW00093037",60.5,31.7
"2038559","USW00093037",60.3,31.4
"2038560","USW00093037",60,31.1
"2038561","USW00093037",59.8,30.9
"2038562","USW00093037",59.6,30.6
"2038563","USW00093037",59.3,30.3
"2038564","USW00093037",59,30
"2038565","USW00093037",58.8,29.8
"2038566","USW00093037",58.5,29.5
"2038567","USW00093037",58.2,29.2
"2038568","USW00093037",57.9,28.9
"2038569","USW00093037",57.5,28.6
"2038570","USW00093037",57.2,28.3
"2038571","USW00093037",56.8,28
"2038572","USW00093037",56.5,27.7
"2038573","USW00093037",56.1,27.4
"2038574","USW00093037",55.7,27.1
"2038575","USW00093037",55.3,26.7
"2038576","USW00093037",54.8,26.4
"2038577","USW00093037",54.4,26.1
"2038578","USW00093037",53.9,25.7
"2038579","USW00093037",53.4,25.3
"2038580","USW00093037",53,25
"2038581","USW00093037",52.5,24.6
"2038582","USW00093037",52,24.3
"2038583","USW00093037",51.5,23.9
"2038584","USW00093037",51,23.5
"2038585","USW00093037",50.5,23.1
"2038586","USW00093037",50,22.8
"2038587","USW00093037",49.5,22.4
"2038588","USW00093037",49,22
"2038589","USW00093037",48.5,21.7
"2038590","USW00093037",48,21.3
"2038591","USW00093037",47.6,21
"2038592","USW00093037",47.1,20.6
"2038593","USW00093037",46.7,20.3
"2038594","USW00093037",46.2,20
"2038595","USW00093037",45.8,19.7
"2038596","USW00093037",45.4,19.4
"2038597","USW00093037",45.1,19.1
"2038598","USW00093037",44.7,18.9
"2038599","USW00093037",44.4,18.6
"2038600","USW00093037",44.1,18.4
"2038601","USW00093037",43.9,18.2
"2038602","USW00093037",43.6,18
"2038603","USW00093037",43.4,17.8
"2038604","USW00093037",43.2,17.6
"2038605","USW00093037",43.1,17.5
"2038606","USW00093037",42.9,17.4
"2038607","USW00093037",42.8,17.3
"2038608","USW00093037",42.8,17.2
"2038609","USW00093037",42.7,17.1
"2038610","USW00093037",42.7,17.1
"2038611","USW00093037",42.7,17.1
"2038612","USW00093037",42.7,17
"2038613","USW00093037",42.8,17
"2038614","USW00093037",42.9,17.1
"2038615","USW00093037",43,17.1
"2038616","USW00093037",43.1,17.1
"2038617","USW00093037",43.2,17.2
"2038618","USW00093037",43.3,17.3
"2038619","USW00093037",43.5,17.3
"2038620","USW00093037",43.6,17.4
"2053261","USW00093721",44.8,27.9
"2053262","USW00093721",44.6,27.7
"2053263","USW00093721",44.5,27.5
"2053264","USW00093721",44.3,27.4
"2053265","USW00093721",44.2,27.2
"2053266","USW00093721",44.1,27
"2053267","USW00093721",43.9,26.8
"2053268","USW00093721",43.8,26.7
"2053269","USW00093721",43.7,26.5
"2053270","USW00093721",43.6,26.3
"2053271","USW00093721",43.5,26.2
"2053272","USW00093721",43.4,26
"2053273","USW00093721",43.3,25.9
"2053274","USW00093721",43.3,25.8
"2053275","USW00093721",43.2,25.7
"2053276","USW00093721",43.2,25.5
"2053277","USW00093721",43.1,25.4
"2053278","USW00093721",43.1,25.4
"2053279","USW00093721",43,25.3
"2053280","USW00093721",43,25.2
"2053281","USW00093721",43,25.1
"2053282","USW00093721",43,25.1
"2053283","USW00093721",43,25
"2053284","USW00093721",43,25
"2053285","USW00093721",43.1,25
"2053286","USW00093721",43.1,25
"2053287","USW00093721",43.2,25
"2053288","USW00093721",43.2,25
"2053289","USW00093721",43.3,25
"2053290","USW00093721",43.4,25.1
"2053291","USW00093721",43.4,25.1
"2053292","USW00093721",43.5,25.2
"2053293","USW00093721",43.6,25.3
"2053294","USW00093721",43.8,25.4
"2053295","USW00093721",43.9,25.5
"2053296","USW00093721",44,25.6
"2053297","USW00093721",44.2,25.7
"2053298","USW00093721",44.3,25.8
"2053299","USW00093721",44.5,25.9
"2053300","USW00093721",44.6,26.1
"2053301","USW00093721",44.8,26.3
"2053302","USW00093721",45,26.4
"2053303","USW00093721",45.2,26.6
"2053304","USW00093721",45.4,26.8
"2053305","USW00093721",45.6,27
"2053306","USW00093721",45.8,27.2
"2053307","USW00093721",46.1,27.4
"2053308","USW00093721",46.3,27.6
"2053309","USW00093721",46.6,27.8
"2053310","USW00093721",46.8,28
"2053311","USW00093721",47.1,28.3
"2053312","USW00093721",47.3,28.5
"2053313","USW00093721",47.6,28.7
"2053314","USW00093721",47.9,29
"2053315","USW00093721",48.2,29.2
"2053316","USW00093721",48.5,29.5
"2053317","USW00093721",48.8,29.7
"2053318","USW00093721",49.1,30
"2053319","USW00093721",49.4,30.2
"2053320","USW00093721",49.6,30.4
"2053321","USW00093721",49.7,30.5
"2053322","USW00093721",50,30.8
"2053323","USW00093721",50.4,31
"2053324","USW00093721",50.7,31.3
"2053325","USW00093721",51.1,31.6
"2053326","USW00093721",51.4,31.8
"2053327","USW00093721",51.8,32.1
"2053328","USW00093721",52.1,32.4
"2053329","USW00093721",52.5,32.7
"2053330","USW00093721",52.8,32.9
"2053331","USW00093721",53.2,33.2
"2053332","USW00093721",53.6,33.5
"2053333","USW00093721",53.9,33.8
"2053334","USW00093721",54.3,34.1
"2053335","USW00093721",54.7,34.3
"2053336","USW00093721",55.1,34.6
"2053337","USW00093721",55.5,34.9
"2053338","USW00093721",55.9,35.2
"2053339","USW00093721",56.3,35.5
"2053340","USW00093721",56.7,35.8
"2053341","USW00093721",57.1,36.1
"2053342","USW00093721",57.5,36.4
"2053343","USW00093721",57.9,36.7
"2053344","USW00093721",58.3,37
"2053345","USW00093721",58.7,37.3
"2053346","USW00093721",59.1,37.6
"2053347","USW00093721",59.5,37.9
"2053348","USW00093721",59.9,38.2
"2053349","USW00093721",60.3,38.5
"2053350","USW00093721",60.6,38.8
"2053351","USW00093721",61,39.1
"2053352","USW00093721",61.4,39.5
"2053353","USW00093721",61.8,39.8
"2053354","USW00093721",62.2,40.1
"2053355","USW00093721",62.6,40.4
"2053356","USW00093721",63,40.8
"2053357","USW00093721",63.4,41.1
"2053358","USW00093721",63.8,41.4
"2053359","USW00093721",64.1,41.8
"2053360","USW00093721",64.5,42.1
"2053361","USW00093721",64.9,42.5
"2053362","USW00093721",65.3,42.8
"2053363","USW00093721",65.6,43.1
"2053364","USW00093721",66,43.5
"2053365","USW00093721",66.3,43.8
"2053366","USW00093721",66.7,44.2
"2053367","USW00093721",67,44.5
"2053368","USW00093721",67.4,44.9
"2053369","USW00093721",67.7,45.2
"2053370","USW00093721",68,45.6
"2053371","USW00093721",68.4,45.9
"2053372","USW00093721",68.7,46.3
"2053373","USW00093721",69,46.7
"2053374","USW00093721",69.3,47
"2053375","USW00093721",69.6,47.4
"2053376","USW00093721",69.9,47.7
"2053377","USW00093721",70.2,48.1
"2053378","USW00093721",70.5,48.4
"2053379","USW00093721",70.8,48.8
"2053380","USW00093721",71.1,49.1
"2053381","USW00093721",71.4,49.5
"2053382","USW00093721",71.7,49.8
"2053383","USW00093721",72,50.2
"2053384","USW00093721",72.2,50.5
"2053385","USW00093721",72.5,50.8
"2053386","USW00093721",72.8,51.2
"2053387","USW00093721",73.1,51.5
"2053388","USW00093721",73.3,51.9
"2053389","USW00093721",73.6,52.2
"2053390","USW00093721",73.9,52.5
"2053391","USW00093721",74.1,52.8
"2053392","USW00093721",74.4,53.2
"2053393","USW00093721",74.7,53.5
"2053394","USW00093721",74.9,53.8
"2053395","USW00093721",75.2,54.1
"2053396","USW00093721",75.5,54.5
"2053397","USW00093721",75.7,54.8
"2053398","USW00093721",76,55.1
"2053399","USW00093721",76.3,55.4
"2053400","USW00093721",76.6,55.7
"2053401","USW00093721",76.8,56
"2053402","USW00093721",77.1,56.3
"2053403","USW00093721",77.4,56.6
"2053404","USW00093721",77.7,56.9
"2053405","USW00093721",78,57.2
"2053406","USW00093721",78.3,57.5
"2053407","USW00093721",78.6,57.8
"2053408","USW00093721",78.9,58.1
"2053409","USW00093721",79.2,58.4
"2053410","USW00093721",79.5,58.7
"2053411","USW00093721",79.8,59
"2053412","USW00093721",80.1,59.3
"2053413","USW00093721",80.4,59.6
"2053414","USW00093721",80.7,59.9
"2053415","USW00093721",81,60.2
"2053416","USW00093721",81.3,60.5
"2053417","USW00093721",81.6,60.8
"2053418","USW00093721",82,61.1
"2053419","USW00093721",82.3,61.4
"2053420","USW00093721",82.6,61.7
"2053421","USW00093721",82.9,61.9
"2053422","USW00093721",83.2,62.2
"2053423","USW00093721",83.5,62.5
"2053424","USW00093721",83.8,62.8
"2053425","USW00093721",84.1,63.1
"2053426","USW00093721",84.4,63.3
"2053427","USW00093721",84.7,63.6
"2053428","USW00093721",85,63.9
"2053429","USW00093721",85.3,64.1
"2053430","USW00093721",85.6,64.4
"2053431","USW00093721",85.9,64.6
"2053432","USW00093721",86.1,64.9
"2053433","USW00093721",86.4,65.1
"2053434","USW00093721",86.7,65.4
"2053435","USW00093721",86.9,65.6
"2053436","USW00093721",87.1,65.8
"2053437","USW00093721",87.4,66.1
"2053438","USW00093721",87.6,66.3
"2053439","USW00093721",87.8,66.5
"2053440","USW00093721",88,66.7
"2053441","USW00093721",88.2,66.9
"2053442","USW00093721",88.4,67.1
"2053443","USW00093721",88.6,67.3
"2053444","USW00093721",88.7,67.4
"2053445","USW00093721",88.9,67.6
"2053446","USW00093721",89,67.8
"2053447","USW00093721",89.1,67.9
"2053448","USW00093721",89.3,68.1
"2053449","USW00093721",89.4,68.2
"2053450","USW00093721",89.5,68.3
"2053451","USW00093721",89.5,68.4
"2053452","USW00093721",89.6,68.5
"2053453","USW00093721",89.7,68.6
"2053454","USW00093721",89.7,68.7
"2053455","USW00093721",89.7,68.8
"2053456","USW00093721",89.8,68.9
"2053457","USW00093721",89.8,68.9
"2053458","USW00093721",89.8,69
"2053459","USW00093721",89.8,69
"2053460","USW00093721",89.8,69
"2053461","USW00093721",89.7,69.1
"2053462","USW00093721",89.7,69.1
"2053463","USW00093721",89.7,69.1
"2053464","USW00093721",89.6,69.1
"2053465","USW00093721",89.6,69
"2053466","USW00093721",89.5,69
"2053467","USW00093721",89.4,69
"2053468","USW00093721",89.3,68.9
"2053469","USW00093721",89.3,68.9
"2053470","USW00093721",89.2,68.8
"2053471","USW00093721",89.1,68.8
"2053472","USW00093721",89,68.7
"2053473","USW00093721",88.8,68.6
"2053474","USW00093721",88.7,68.5
"2053475","USW00093721",88.6,68.5
"2053476","USW00093721",88.5,68.4
"2053477","USW00093721",88.4,68.3
"2053478","USW00093721",88.2,68.1
"2053479","USW00093721",88.1,68
"2053480","USW00093721",88,67.9
"2053481","USW00093721",87.8,67.8
"2053482","USW00093721",87.7,67.7
"2053483","USW00093721",87.5,67.5
"2053484","USW00093721",87.4,67.4
"2053485","USW00093721",87.2,67.2
"2053486","USW00093721",87.1,67.1
"2053487","USW00093721",86.9,67
"2053488","USW00093721",86.8,66.8
"2053489","USW00093721",86.6,66.6
"2053490","USW00093721",86.4,66.5
"2053491","USW00093721",86.3,66.3
"2053492","USW00093721",86.1,66.2
"2053493","USW00093721",85.9,66
"2053494","USW00093721",85.8,65.8
"2053495","USW00093721",85.6,65.6
"2053496","USW00093721",85.4,65.5
"2053497","USW00093721",85.2,65.3
"2053498","USW00093721",85.1,65.1
"2053499","USW00093721",84.9,64.9
"2053500","USW00093721",84.7,64.7
"2053501","USW00093721",84.5,64.5
"2053502","USW00093721",84.3,64.3
"2053503","USW00093721",84.1,64.1
"2053504","USW00093721",83.9,63.9
"2053505","USW00093721",83.7,63.7
"2053506","USW00093721",83.5,63.5
"2053507","USW00093721",83.2,63.3
"2053508","USW00093721",83,63
"2053509","USW00093721",82.8,62.8
"2053510","USW00093721",82.5,62.6
"2053511","USW00093721",82.3,62.3
"2053512","USW00093721",82.1,62.1
"2053513","USW00093721",81.8,61.8
"2053514","USW00093721",81.6,61.6
"2053515","USW00093721",81.3,61.3
"2053516","USW00093721",81,61
"2053517","USW00093721",80.7,60.8
"2053518","USW00093721",80.5,60.5
"2053519","USW00093721",80.2,60.2
"2053520","USW00093721",79.9,59.9
"2053521","USW00093721",79.6,59.6
"2053522","USW00093721",79.3,59.3
"2053523","USW00093721",79,59
"2053524","USW00093721",78.6,58.6
"2053525","USW00093721",78.3,58.3
"2053526","USW00093721",78,58
"2053527","USW00093721",77.6,57.6
"2053528","USW00093721",77.3,57.3
"2053529","USW00093721",77,56.9
"2053530","USW00093721",76.6,56.6
"2053531","USW00093721",76.2,56.2
"2053532","USW00093721",75.9,55.8
"2053533","USW00093721",75.5,55.4
"2053534","USW00093721",75.1,55
"2053535","USW00093721",74.8,54.6
"2053536","USW00093721",74.4,54.2
"2053537","USW00093721",74,53.8
"2053538","USW00093721",73.6,53.4
"2053539","USW00093721",73.2,53
"2053540","USW00093721",72.8,52.6
"2053541","USW00093721",72.4,52.1
"2053542","USW00093721",72,51.7
"2053543","USW00093721",71.6,51.3
"2053544","USW00093721",71.2,50.8
"2053545","USW00093721",70.8,50.4
"2053546","USW00093721",70.4,50
"2053547","USW00093721",70,49.5
"2053548","USW00093721",69.5,49.1
"2053549","USW00093721",69.1,48.6
"2053550","USW00093721",68.7,48.2
"2053551","USW00093721",68.3,47.7
"2053552","USW00093721",67.9,47.3
"2053553","USW00093721",67.5,46.9
"2053554","USW00093721",67.1,46.4
"2053555","USW00093721",66.6,46
"2053556","USW00093721",66.2,45.5
"2053557","USW00093721",65.8,45.1
"2053558","USW00093721",65.4,44.7
"2053559","USW00093721",65,44.3
"2053560","USW00093721",64.6,43.8
"2053561","USW00093721",64.2,43.4
"2053562","USW00093721",63.8,43
"2053563","USW00093721",63.4,42.6
"2053564","USW00093721",63,42.2
"2053565","USW00093721",62.6,41.8
"2053566","USW00093721",62.2,41.5
"2053567","USW00093721",61.8,41.1
"2053568","USW00093721",61.4,40.7
"2053569","USW00093721",61,40.4
"2053570","USW00093721",60.7,40
"2053571","USW00093721",60.3,39.7
"2053572","USW00093721",59.9,39.3
"2053573","USW00093721",59.5,39
"2053574","USW00093721",59.2,38.7
"2053575","USW00093721",58.8,38.4
"2053576","USW00093721",58.4,38.1
"2053577","USW00093721",58.1,37.8
"2053578","USW00093721",57.7,37.5
"2053579","USW00093721",57.4,37.2
"2053580","USW00093721",57,36.9
"2053581","USW00093721",56.7,36.7
"2053582","USW00093721",56.4,36.4
"2053583","USW00093721",56,36.2
"2053584","USW00093721",55.7,36
"2053585","USW00093721",55.4,35.7
"2053586","USW00093721",55,35.5
"2053587","USW00093721",54.7,35.3
"2053588","USW00093721",54.4,35.1
"2053589","USW00093721",54.1,34.9
"2053590","USW00093721",53.8,34.7
"2053591","USW00093721",53.5,34.5
"2053592","USW00093721",53.2,34.3
"2053593","USW00093721",52.9,34.1
"2053594","USW00093721",52.6,33.9
"2053595","USW00093721",52.3,33.7
"2053596","USW00093721",52,33.6
"2053597","USW00093721",51.7,33.4
"2053598","USW00093721",51.4,33.2
"2053599","USW00093721",51.1,33
"2053600","USW00093721",50.9,32.9
"2053601","USW00093721",50.6,32.7
"2053602","USW00093721",50.3,32.5
"2053603","USW00093721",50.1,32.3
"2053604","USW00093721",49.8,32.2
"2053605","USW00093721",49.5,32
"2053606","USW00093721",49.3,31.8
"2053607","USW00093721",49,31.7
"2053608","USW00093721",48.8,31.5
"2053609","USW00093721",48.5,31.3
"2053610","USW00093721",48.3,31.1
"2053611","USW00093721",48,31
"2053612","USW00093721",47.8,30.8
"2053613","USW00093721",47.6,30.6
"2053614","USW00093721",47.4,30.4
"2053615","USW00093721",47.1,30.2
"2053616","USW00093721",46.9,30
"2053617","USW00093721",46.7,29.8
"2053618","USW00093721",46.5,29.7
"2053619","USW00093721",46.3,29.5
"2053620","USW00093721",46.1,29.3
"2053621","USW00093721",45.9,29.1
"2053622","USW00093721",45.7,28.9
"2053623","USW00093721",45.5,28.7
"2053624","USW00093721",45.3,28.5
"2053625","USW00093721",45.1,28.3
"2053626","USW00093721",45,28.1
"2064973","USW00093820",43.9,28.1
"2064974","USW00093820",43.7,27.9
"2064975","USW00093820",43.6,27.7
"2064976","USW00093820",43.4,27.4
"2064977","USW00093820",43.3,27.2
"2064978","USW00093820",43.1,27
"2064979","USW00093820",43,26.8
"2064980","USW00093820",42.9,26.6
"2064981","USW00093820",42.8,26.4
"2064982","USW00093820",42.7,26.2
"2064983","USW00093820",42.5,26
"2064984","USW00093820",42.4,25.8
"2064985","USW00093820",42.4,25.6
"2064986","USW00093820",42.3,25.4
"2064987","USW00093820",42.2,25.2
"2064988","USW00093820",42.1,25.1
"2064989","USW00093820",42.1,24.9
"2064990","USW00093820",42,24.8
"2064991","USW00093820",42,24.7
"2064992","USW00093820",42,24.6
"2064993","USW00093820",42,24.5
"2064994","USW00093820",42,24.4
"2064995","USW00093820",42,24.3
"2064996","USW00093820",42,24.3
"2064997","USW00093820",42,24.2
"2064998","USW00093820",42,24.2
"2064999","USW00093820",42.1,24.2
"2065000","USW00093820",42.2,24.2
"2065001","USW00093820",42.2,24.3
"2065002","USW00093820",42.3,24.3
"2065003","USW00093820",42.4,24.4
"2065004","USW00093820",42.6,24.5
"2065005","USW00093820",42.7,24.6
"2065006","USW00093820",42.8,24.7
"2065007","USW00093820",43,24.8
"2065008","USW00093820",43.2,25
"2065009","USW00093820",43.3,25.1
"2065010","USW00093820",43.5,25.3
"2065011","USW00093820",43.8,25.5
"2065012","USW00093820",44,25.8
"2065013","USW00093820",44.2,26
"2065014","USW00093820",44.5,26.2
"2065015","USW00093820",44.7,26.5
"2065016","USW00093820",45,26.8
"2065017","USW00093820",45.3,27
"2065018","USW00093820",45.6,27.3
"2065019","USW00093820",45.9,27.6
"2065020","USW00093820",46.2,27.9
"2065021","USW00093820",46.5,28.3
"2065022","USW00093820",46.9,28.6
"2065023","USW00093820",47.2,28.9
"2065024","USW00093820",47.6,29.2
"2065025","USW00093820",48,29.6
"2065026","USW00093820",48.3,29.9
"2065027","USW00093820",48.7,30.3
"2065028","USW00093820",49.1,30.6
"2065029","USW00093820",49.5,31
"2065030","USW00093820",49.9,31.3
"2065031","USW00093820",50.3,31.7
"2065032","USW00093820",50.5,31.8
"2065033","USW00093820",50.7,32
"2065034","USW00093820",51.2,32.4
"2065035","USW00093820",51.6,32.7
"2065036","USW00093820",52,33.1
"2065037","USW00093820",52.4,33.4
"2065038","USW00093820",52.9,33.7
"2065039","USW00093820",53.3,34.1
"2065040","USW00093820",53.7,34.4
"2065041","USW00093820",54.2,34.7
"2065042","USW00093820",54.6,35
"2065043","USW00093820",55.1,35.3
"2065044","USW00093820",55.5,35.7
"2065045","USW00093820",55.9,36
"2065046","USW00093820",56.4,36.3
"2065047","USW00093820",56.8,36.6
"2065048","USW00093820",57.2,36.8
"2065049","USW00093820",57.6,37.1
"2065050","USW00093820",58.1,37.4
"2065051","USW00093820",58.5,37.7
"2065052","USW00093820",58.9,38
"2065053","USW00093820",59.3,38.2
"2065054","USW00093820",59.7,38.5
"2065055","USW00093820",60.1,38.8
"2065056","USW00093820",60.5,39.1
"2065057","USW00093820",60.9,39.3
"2065058","USW00093820",61.3,39.6
"2065059","USW00093820",61.6,39.8
"2065060","USW00093820",62,40.1
"2065061","USW00093820",62.4,40.4
"2065062","USW00093820",62.7,40.6
"2065063","USW00093820",63.1,40.9
"2065064","USW00093820",63.4,41.2
"2065065","USW00093820",63.8,41.5
"2065066","USW00093820",64.1,41.7
"2065067","USW00093820",64.4,42
"2065068","USW00093820",64.8,42.3
"2065069","USW00093820",65.1,42.6
"2065070","USW00093820",65.4,42.8
"2065071","USW00093820",65.7,43.1
"2065072","USW00093820",66,43.4
"2065073","USW00093820",66.3,43.7
"2065074","USW00093820",66.6,44
"2065075","USW00093820",66.9,44.3
"2065076","USW00093820",67.2,44.7
"2065077","USW00093820",67.5,45
"2065078","USW00093820",67.8,45.3
"2065079","USW00093820",68,45.6
"2065080","USW00093820",68.3,45.9
"2065081","USW00093820",68.6,46.3
"2065082","USW00093820",68.9,46.6
"2065083","USW00093820",69.1,47
"2065084","USW00093820",69.4,47.3
"2065085","USW00093820",69.7,47.6
"2065086","USW00093820",69.9,48
"2065087","USW00093820",70.2,48.4
"2065088","USW00093820",70.5,48.7
"2065089","USW00093820",70.7,49.1
"2065090","USW00093820",71,49.4
"2065091","USW00093820",71.3,49.8
"2065092","USW00093820",71.5,50.1
"2065093","USW00093820",71.8,50.5
"2065094","USW00093820",72.1,50.9
"2065095","USW00093820",72.3,51.2
"2065096","USW00093820",72.6,51.6
"2065097","USW00093820",72.9,52
"2065098","USW00093820",73.2,52.3
"2065099","USW00093820",73.4,52.7
"2065100","USW00093820",73.7,53
"2065101","USW00093820",74,53.4
"2065102","USW00093820",74.3,53.7
"2065103","USW00093820",74.6,54.1
"2065104","USW00093820",74.9,54.4
"2065105","USW00093820",75.2,54.8
"2065106","USW00093820",75.4,55.1
"2065107","USW00093820",75.7,55.4
"2065108","USW00093820",76,55.8
"2065109","USW00093820",76.3,56.1
"2065110","USW00093820",76.6,56.4
"2065111","USW00093820",77,56.7
"2065112","USW00093820",77.3,57
"2065113","USW00093820",77.6,57.3
"2065114","USW00093820",77.9,57.6
"2065115","USW00093820",78.2,57.9
"2065116","USW00093820",78.5,58.2
"2065117","USW00093820",78.8,58.5
"2065118","USW00093820",79.1,58.8
"2065119","USW00093820",79.4,59
"2065120","USW00093820",79.7,59.3
"2065121","USW00093820",80,59.6
"2065122","USW00093820",80.3,59.8
"2065123","USW00093820",80.6,60.1
"2065124","USW00093820",80.9,60.3
"2065125","USW00093820",81.2,60.6
"2065126","USW00093820",81.5,60.8
"2065127","USW00093820",81.8,61
"2065128","USW00093820",82.1,61.2
"2065129","USW00093820",82.3,61.5
"2065130","USW00093820",82.6,61.7
"2065131","USW00093820",82.9,61.9
"2065132","USW00093820",83.1,62.1
"2065133","USW00093820",83.4,62.3
"2065134","USW00093820",83.6,62.5
"2065135","USW00093820",83.8,62.7
"2065136","USW00093820",84.1,62.9
"2065137","USW00093820",84.3,63.1
"2065138","USW00093820",84.5,63.3
"2065139","USW00093820",84.7,63.5
"2065140","USW00093820",84.9,63.6
"2065141","USW00093820",85.1,63.8
"2065142","USW00093820",85.3,64
"2065143","USW00093820",85.4,64.1
"2065144","USW00093820",85.6,64.3
"2065145","USW00093820",85.8,64.5
"2065146","USW00093820",85.9,64.6
"2065147","USW00093820",86,64.8
"2065148","USW00093820",86.2,64.9
"2065149","USW00093820",86.3,65.1
"2065150","USW00093820",86.4,65.2
"2065151","USW00093820",86.5,65.3
"2065152","USW00093820",86.6,65.5
"2065153","USW00093820",86.7,65.6
"2065154","USW00093820",86.7,65.7
"2065155","USW00093820",86.8,65.8
"2065156","USW00093820",86.9,65.9
"2065157","USW00093820",86.9,66
"2065158","USW00093820",87,66.1
"2065159","USW00093820",87,66.2
"2065160","USW00093820",87,66.3
"2065161","USW00093820",87.1,66.4
"2065162","USW00093820",87.1,66.5
"2065163","USW00093820",87.1,66.6
"2065164","USW00093820",87.1,66.7
"2065165","USW00093820",87.1,66.7
"2065166","USW00093820",87.1,66.8
"2065167","USW00093820",87.1,66.9
"2065168","USW00093820",87.1,66.9
"2065169","USW00093820",87.1,67
"2065170","USW00093820",87.1,67
"2065171","USW00093820",87.1,67
"2065172","USW00093820",87.1,67.1
"2065173","USW00093820",87.1,67.1
"2065174","USW00093820",87,67.1
"2065175","USW00093820",87,67.2
"2065176","USW00093820",87,67.2
"2065177","USW00093820",87,67.2
"2065178","USW00093820",87,67.2
"2065179","USW00093820",87,67.2
"2065180","USW00093820",86.9,67.2
"2065181","USW00093820",86.9,67.2
"2065182","USW00093820",86.9,67.1
"2065183","USW00093820",86.9,67.1
"2065184","USW00093820",86.9,67.1
"2065185","USW00093820",86.8,67.1
"2065186","USW00093820",86.8,67
"2065187","USW00093820",86.8,67
"2065188","USW00093820",86.8,66.9
"2065189","USW00093820",86.8,66.9
"2065190","USW00093820",86.7,66.8
"2065191","USW00093820",86.7,66.7
"2065192","USW00093820",86.7,66.7
"2065193","USW00093820",86.7,66.6
"2065194","USW00093820",86.6,66.5
"2065195","USW00093820",86.6,66.4
"2065196","USW00093820",86.6,66.3
"2065197","USW00093820",86.6,66.3
"2065198","USW00093820",86.5,66.2
"2065199","USW00093820",86.5,66
"2065200","USW00093820",86.4,65.9
"2065201","USW00093820",86.4,65.8
"2065202","USW00093820",86.3,65.7
"2065203","USW00093820",86.3,65.6
"2065204","USW00093820",86.2,65.4
"2065205","USW00093820",86.1,65.3
"2065206","USW00093820",86.1,65.2
"2065207","USW00093820",86,65
"2065208","USW00093820",85.9,64.8
"2065209","USW00093820",85.8,64.7
"2065210","USW00093820",85.7,64.5
"2065211","USW00093820",85.6,64.3
"2065212","USW00093820",85.5,64.2
"2065213","USW00093820",85.3,64
"2065214","USW00093820",85.2,63.8
"2065215","USW00093820",85.1,63.6
"2065216","USW00093820",84.9,63.4
"2065217","USW00093820",84.7,63.2
"2065218","USW00093820",84.6,63
"2065219","USW00093820",84.4,62.7
"2065220","USW00093820",84.2,62.5
"2065221","USW00093820",84,62.3
"2065222","USW00093820",83.8,62
"2065223","USW00093820",83.5,61.8
"2065224","USW00093820",83.3,61.5
"2065225","USW00093820",83.1,61.3
"2065226","USW00093820",82.8,61
"2065227","USW00093820",82.5,60.8
"2065228","USW00093820",82.3,60.5
"2065229","USW00093820",82,60.2
"2065230","USW00093820",81.7,59.9
"2065231","USW00093820",81.4,59.6
"2065232","USW00093820",81.1,59.3
"2065233","USW00093820",80.8,59
"2065234","USW00093820",80.4,58.7
"2065235","USW00093820",80.1,58.3
"2065236","USW00093820",79.7,58
"2065237","USW00093820",79.4,57.7
"2065238","USW00093820",79,57.3
"2065239","USW00093820",78.7,57
"2065240","USW00093820",78.3,56.6
"2065241","USW00093820",77.9,56.2
"2065242","USW00093820",77.5,55.9
"2065243","USW00093820",77.1,55.5
"2065244","USW00093820",76.7,55.1
"2065245","USW00093820",76.3,54.7
"2065246","USW00093820",75.9,54.3
"2065247","USW00093820",75.5,53.9
"2065248","USW00093820",75,53.5
"2065249","USW00093820",74.6,53.1
"2065250","USW00093820",74.2,52.7
"2065251","USW00093820",73.8,52.3
"2065252","USW00093820",73.3,51.9
"2065253","USW00093820",72.9,51.4
"2065254","USW00093820",72.4,51
"2065255","USW00093820",72,50.6
"2065256","USW00093820",71.5,50.1
"2065257","USW00093820",71.1,49.7
"2065258","USW00093820",70.6,49.2
"2065259","USW00093820",70.2,48.8
"2065260","USW00093820",69.7,48.3
"2065261","USW00093820",69.3,47.9
"2065262","USW00093820",68.8,47.4
"2065263","USW00093820",68.4,47
"2065264","USW00093820",67.9,46.5
"2065265","USW00093820",67.4,46.1
"2065266","USW00093820",67,45.6
"2065267","USW00093820",66.5,45.2
"2065268","USW00093820",66.1,44.7
"2065269","USW00093820",65.6,44.3
"2065270","USW00093820",65.2,43.8
"2065271","USW00093820",64.7,43.4
"2065272","USW00093820",64.3,42.9
"2065273","USW00093820",63.8,42.5
"2065274","USW00093820",63.4,42.1
"2065275","USW00093820",63,41.6
"2065276","USW00093820",62.5,41.2
"2065277","USW00093820",62.1,40.8
"2065278","USW00093820",61.6,40.4
"2065279","USW00093820",61.2,40
"2065280","USW00093820",60.8,39.6
"2065281","USW00093820",60.4,39.3
"2065282","USW00093820",60,38.9
"2065283","USW00093820",59.5,38.5
"2065284","USW00093820",59.1,38.2
"2065285","USW00093820",58.7,37.8
"2065286","USW00093820",58.3,37.5
"2065287","USW00093820",57.9,37.2
"2065288","USW00093820",57.5,36.9
"2065289","USW00093820",57.1,36.6
"2065290","USW00093820",56.8,36.3
"2065291","USW00093820",56.4,36
"2065292","USW00093820",56,35.7
"2065293","USW00093820",55.6,35.5
"2065294","USW00093820",55.3,35.2
"2065295","USW00093820",54.9,35
"2065296","USW00093820",54.6,34.8
"2065297","USW00093820",54.2,34.6
"2065298","USW00093820",53.9,34.4
"2065299","USW00093820",53.5,34.2
"2065300","USW00093820",53.2,34
"2065301","USW00093820",52.9,33.8
"2065302","USW00093820",52.5,33.6
"2065303","USW00093820",52.2,33.5
"2065304","USW00093820",51.9,33.3
"2065305","USW00093820",51.6,33.2
"2065306","USW00093820",51.3,33
"2065307","USW00093820",51,32.9
"2065308","USW00093820",50.7,32.8
"2065309","USW00093820",50.4,32.7
"2065310","USW00093820",50.2,32.5
"2065311","USW00093820",49.9,32.4
"2065312","USW00093820",49.6,32.3
"2065313","USW00093820",49.4,32.2
"2065314","USW00093820",49.1,32.1
"2065315","USW00093820",48.8,32
"2065316","USW00093820",48.6,31.8
"2065317","USW00093820",48.3,31.7
"2065318","USW00093820",48.1,31.6
"2065319","USW00093820",47.9,31.5
"2065320","USW00093820",47.6,31.4
"2065321","USW00093820",47.4,31.2
"2065322","USW00093820",47.2,31.1
"2065323","USW00093820",46.9,31
"2065324","USW00093820",46.7,30.8
"2065325","USW00093820",46.5,30.7
"2065326","USW00093820",46.3,30.5
"2065327","USW00093820",46.1,30.4
"2065328","USW00093820",45.9,30.2
"2065329","USW00093820",45.7,30
"2065330","USW00093820",45.5,29.9
"2065331","USW00093820",45.3,29.7
"2065332","USW00093820",45.1,29.5
"2065333","USW00093820",44.9,29.3
"2065334","USW00093820",44.7,29.1
"2065335","USW00093820",44.6,28.9
"2065336","USW00093820",44.4,28.7
"2065337","USW00093820",44.2,28.5
"2065338","USW00093820",44,28.3
